Qflow route logfile created on Fri 05 Jun 2026 01:20:32 AM PDT
qrouter -noc  -s Display_optimized_auto_SPI.cfg
Qrouter detail maze router version 1.4.90.T
Reading LEF data from file /usr/local/share/qflow/tech/etri050/etri050_stdcells.lef.
LEF Read, Line 113: NOTE:  Old format VIARULE ignored.
LEF Read, Line 114: NOTE:  Old format VIARULE ignored.
LEF Read, Line 118: NOTE:  Old format VIARULE ignored.
LEF Read, Line 119: NOTE:  Old format VIARULE ignored.
LEF Read, Line 130: NOTE:  Old format VIARULE ignored.
LEF Read, Line 131: NOTE:  Old format VIARULE ignored.
LEF Read, Line 135: NOTE:  Old format VIARULE ignored.
LEF Read, Line 136: NOTE:  Old format VIARULE ignored.
LEF file:  Defines site corner (ignored)
LEF file:  Defines site IO (ignored)
LEF file:  Defines site core (ignored)
LEF read: Processed 3337 lines.
LEF Read: encountered 0 errors and 8 warnings total.
Reading DEF data from file Display_optimized_auto_SPI.def.
Diagnostic: Design name: "Display_optimized_auto_SPI"
  Processed 0 vias total.
  Processed 6309 subcell instances total.
  Processed 20 pins total.
  Processed 1184 nets total (0 fixed).
  Processed 2 special nets total (2 fixed).
DEF read: Processed 11416 lines.
Output scale = microns / 100, precision 1
There are 1184 nets in this design.
*** Running stage1 routing with defaults
Finished routing net gnd
Nets remaining: 1183
Finished routing net \SPI_MOSI.state_mosi\[3]
Nets remaining: 1182
Finished routing net INITIAL_EN_HEAD_TO_AUTO
Nets remaining: 1181
Finished routing net _267_
Nets remaining: 1180
Finished routing net _256_
Nets remaining: 1179
Finished routing net system_clk_bF$buf1
Nets remaining: 1178
Finished routing net system_clk_bF$buf2
Nets remaining: 1177
Finished routing net system_clk_bF$buf3
Nets remaining: 1176
Finished routing net system_clk_bF$buf4
Nets remaining: 1175
Finished routing net system_clk_bF$buf5
Nets remaining: 1174
Finished routing net system_clk_bF$buf6
Nets remaining: 1173
Finished routing net system_clk_bF$buf7
Nets remaining: 1172
Finished routing net system_clk_bF$buf8
Nets remaining: 1171
Finished routing net system_clk_bF$buf9
Nets remaining: 1170
Finished routing net \SPI_MOSI.state_mosi\[2]
Nets remaining: 1169
Finished routing net _1_
Nets remaining: 1168
Finished routing net _169_
Nets remaining: 1167
Finished routing net system_clk
Nets remaining: 1166
Finished routing net system_clk_bF$buf0
Nets remaining: 1165
Finished routing net _86_
Nets remaining: 1164
Finished routing net \u_SPI_HEAD_MOSI_REF.INST_state\[1]
Nets remaining: 1163
Finished routing net \SPI_MOSI.state_mosi\[1]
Nets remaining: 1162
Finished routing net \u_SPI_HEAD_MOSI_REF.INST_state\[2]
Nets remaining: 1161
Finished routing net \u_SPI_HEAD_MOSI_REF.reset_hw_and_sleep_out_counter\[0]
Nets remaining: 1160
Finished routing net _632_
Nets remaining: 1159
Finished routing net _638_
Nets remaining: 1158
Finished routing net _81_
Nets remaining: 1157
Finished routing net reset_bF$buf3
Nets remaining: 1156
Finished routing net reset_bF$buf4
Nets remaining: 1155
Finished routing net reset_bF$buf5
Nets remaining: 1154
Finished routing net reset_bF$buf6
Nets remaining: 1153
Finished routing net _195_
Nets remaining: 1152
Finished routing net _198_
Nets remaining: 1151
Finished routing net _5_
Nets remaining: 1150
Finished routing net _644_
Nets remaining: 1149
Finished routing net _838_
Nets remaining: 1148
Finished routing net _841_
Nets remaining: 1147
Finished routing net _861_
Nets remaining: 1146
Finished routing net reset
Nets remaining: 1145
Finished routing net reset_bF$buf0
Nets remaining: 1144
Finished routing net reset_bF$buf1
Nets remaining: 1143
Finished routing net reset_bF$buf2
Nets remaining: 1142
Finished routing net _197__bF$buf1
Nets remaining: 1141
Finished routing net _197__bF$buf2
Nets remaining: 1140
Failed to route net _197__bF$buf3
Finished routing net _197__bF$buf4
Nets remaining: 1139
Finished routing net \u_SPI_HEAD_MOSI_REF.done_counter\[2]
Nets remaining: 1138
Finished routing net _133_
Nets remaining: 1137
Finished routing net _171_
Nets remaining: 1136
Finished routing net _174_
Nets remaining: 1135
Failed to route net \u_SPI_HEAD_MOSI_REF.reset_hw_and_sleep_out_counter\[6]
Finished routing net \u_SPI_HEAD_MOSI_REF.reset_hw_and_sleep_out_counter\[2]
Nets remaining: 1134
Failed to route net \u_SPI_HEAD_MOSI_REF.reset_hw_and_sleep_out_counter\[1]
Finished routing net \u_SPI_HEAD_MOSI_REF.reset_hw_and_sleep_out_counter\[19]
Nets remaining: 1133
Finished routing net \u_SPI_HEAD_MOSI_REF.reset_hw_and_sleep_out_counter\[10]
Nets remaining: 1132
Finished routing net \u_SPI_HEAD_MOSI_REF.reset_done\
Nets remaining: 1131
Finished routing net _217_
Nets remaining: 1130
Finished routing net MOSI_ENABLE_HEAD_TO_SPI
Nets remaining: 1129
Finished routing net _598_
Nets remaining: 1128
Finished routing net _643_
Nets remaining: 1127
Finished routing net \u_auto_data_inst.done_count\[2]
Nets remaining: 1126
Finished routing net _844_
Nets remaining: 1125
Finished routing net _163__bF$buf1
Nets remaining: 1124
Failed to route net _163__bF$buf2
Finished routing net _163__bF$buf3
Nets remaining: 1123
Finished routing net _197__bF$buf0
Nets remaining: 1122
Finished routing net MOSI_DONE
Nets remaining: 1121
Finished routing net _132_
Nets remaining: 1120
Finished routing net _145_
Nets remaining: 1119
Finished routing net _162_
Nets remaining: 1118
Finished routing net \u_SPI_HEAD_MOSI_REF.reset_hw_and_sleep_out_counter\[14]
Nets remaining: 1117
Finished routing net \u_SPI_HEAD_MOSI_REF.reset_hw_and_sleep_out_counter\[12]
Nets remaining: 1116
Finished routing net \u_SPI_HEAD_MOSI_REF.reset_hw_and_sleep_out_counter\[13]
Nets remaining: 1115
Finished routing net \u_SPI_HEAD_MOSI_REF.reset_hw_and_sleep_out_counter\[5]
Nets remaining: 1114
Finished routing net \u_SPI_HEAD_MOSI_REF.reset_hw_and_sleep_out_counter\[4]
Nets remaining: 1113
Finished routing net \u_SPI_HEAD_MOSI_REF.reset_hw_and_sleep_out_counter\[18]
Nets remaining: 1112
Finished routing net _545_
Nets remaining: 1111
Finished routing net \u_auto_data_inst.line_counter\[0]
Nets remaining: 1110
Finished routing net _696_
Nets remaining: 1109
Finished routing net \u_auto_data_inst.x_start_end_15_8\[2]
Nets remaining: 1108
Finished routing net \u_auto_data_inst.x_start_end_15_8\[10]
Nets remaining: 1107
Finished routing net _19_
Nets remaining: 1106
Finished routing net _163__bF$buf0
Nets remaining: 1105
Finished routing net _263__bF$buf2
Nets remaining: 1104
Failed to route net _263__bF$buf3
Finished routing net \u_SPI_HEAD_MOSI_REF.sleep_out_done_bF$buf2\
Nets remaining: 1103
Finished routing net \u_SPI_HEAD_MOSI_REF.sleep_out_done_bF$buf3\
Nets remaining: 1102
Failed to route net _199__bF$buf3
Finished routing net _646_
Nets remaining: 1101
Finished routing net _646__bF$buf0
Nets remaining: 1100
Finished routing net _646__bF$buf1
Nets remaining: 1099
Finished routing net _646__bF$buf2
Nets remaining: 1098
Finished routing net _646__bF$buf3
Nets remaining: 1097
Finished routing net _646__bF$buf4
Nets remaining: 1096
Finished routing net _173__bF$buf0
Nets remaining: 1095
Finished routing net _173__bF$buf1
Nets remaining: 1094
Finished routing net _173__bF$buf2
Nets remaining: 1093
Finished routing net _173__bF$buf3
Nets remaining: 1092
Finished routing net _793__bF$buf2
Nets remaining: 1091
Finished routing net _793__bF$buf3
Nets remaining: 1090
Finished routing net _197_
Nets remaining: 1089
Finished routing net _262__bF$buf3
Nets remaining: 1088
Failed to route net _94_
Finished routing net _119_
Nets remaining: 1087
Finished routing net _120_
Nets remaining: 1086
Finished routing net _121_
Nets remaining: 1085
Finished routing net \u_SPI_HEAD_MOSI_REF.done_counter\[1]
Nets remaining: 1084
Finished routing net _175_
Nets remaining: 1083
Failed to route net \u_SPI_HEAD_MOSI_REF.reset_hw_and_sleep_out_counter\[11]
Finished routing net _178_
Nets remaining: 1082
Finished routing net \u_SPI_HEAD_MOSI_REF.reset_hw_and_sleep_out_counter\[9]
Nets remaining: 1081
Finished routing net \u_SPI_HEAD_MOSI_REF.reset_hw_and_sleep_out_counter\[7]
Nets remaining: 1080
Failed to route net \u_SPI_HEAD_MOSI_REF.reset_hw_and_sleep_out_counter\[3]
Finished routing net \u_SPI_HEAD_MOSI_REF.reset_hw_and_sleep_out_counter\[17]
Nets remaining: 1079
Finished routing net \u_SPI_HEAD_MOSI_REF.reset_hw_and_sleep_out_counter\[16]
Nets remaining: 1078
Finished routing net \u_SPI_HEAD_MOSI_REF.reset_hw_and_sleep_out_counter\[8]
Nets remaining: 1077
Finished routing net _211_
Nets remaining: 1076
Finished routing net _212_
Nets remaining: 1075
Finished routing net _269_
Nets remaining: 1074
Finished routing net _333_
Nets remaining: 1073
Finished routing net _335_
Nets remaining: 1072
Finished routing net _434_
Nets remaining: 1071
Finished routing net _448_
Nets remaining: 1070
Finished routing net vdd
Nets remaining: 1069
Failed to route net _546_
Finished routing net \u_SPI_HEAD_MOSI_REF.sclk_gen_O.clk_counter\[0]
Nets remaining: 1068
Finished routing net \u_SPI_HEAD_MOSI_REF.sclk_gen_O.clk_counter\[1]
Nets remaining: 1067
Finished routing net \u_auto_data_inst.AUTO_state\[2]
Nets remaining: 1066
Finished routing net _620_
Nets remaining: 1065
Finished routing net _622_
Nets remaining: 1064
Finished routing net _623_
Nets remaining: 1063
Finished routing net _629_
Nets remaining: 1062
Failed to route net _633_
Finished routing net _640_
Nets remaining: 1061
Finished routing net _650_
Nets remaining: 1060
Finished routing net \u_auto_data_inst.line_counter\[1]
Nets remaining: 1059
Finished routing net \u_auto_data_inst.line_counter\[5]
Nets remaining: 1058
Finished routing net \u_auto_data_inst.line_counter\[7]
Nets remaining: 1057
Finished routing net \u_auto_data_inst.x_start_end_15_8\[0]
Nets remaining: 1056
Finished routing net \u_auto_data_inst.x_start_end_15_8\[5]
Nets remaining: 1055
Finished routing net \u_auto_data_inst.x_start_end_15_8\[4]
Nets remaining: 1054
Finished routing net \u_auto_data_inst.x_start_end_15_8\[1]
Nets remaining: 1053
Finished routing net \u_auto_data_inst.x_start_end_15_8\[12]
Nets remaining: 1052
Finished routing net _748_
Nets remaining: 1051
Finished routing net \u_auto_data_inst.done_count\[1]
Nets remaining: 1050
Finished routing net _163_
Nets remaining: 1049
Finished routing net _263_
Nets remaining: 1048
Finished routing net _263__bF$buf0
Nets remaining: 1047
Finished routing net _263__bF$buf1
Nets remaining: 1046
Finished routing net \u_SPI_HEAD_MOSI_REF.sleep_out_done\
Nets remaining: 1045
Finished routing net \u_SPI_HEAD_MOSI_REF.sleep_out_done_bF$buf0\
Nets remaining: 1044
Finished routing net \u_SPI_HEAD_MOSI_REF.sleep_out_done_bF$buf1\
Nets remaining: 1043
Finished routing net _199_
Nets remaining: 1042
Finished routing net _199__bF$buf0
Nets remaining: 1041
Finished routing net _199__bF$buf1
Nets remaining: 1040
Finished routing net _199__bF$buf2
Nets remaining: 1039
Finished routing net _173_
Nets remaining: 1038
Finished routing net _793_
Nets remaining: 1037
Finished routing net _793__bF$buf0
Nets remaining: 1036
Finished routing net _793__bF$buf1
Nets remaining: 1035
Failed to route net _262_
Finished routing net _262__bF$buf0
Nets remaining: 1034
Finished routing net _262__bF$buf1
Nets remaining: 1033
Finished routing net _262__bF$buf2
Nets remaining: 1032
Finished routing net _87_
Nets remaining: 1031
Finished routing net \SPI_MOSI.sclk_counter\[0]
Nets remaining: 1030
Finished routing net \u_SPI_HEAD_MOSI_REF.INST_state\[0]
Nets remaining: 1029
Finished routing net _126_
Nets remaining: 1028
Failed to route net _127_
Finished routing net _129_
Nets remaining: 1027
Finished routing net \u_SPI_HEAD_MOSI_REF.done_counter\[0]
Nets remaining: 1026
Finished routing net _146_
Nets remaining: 1025
Failed to route net \u_SPI_HEAD_MOSI_REF.done_counter\[3]
Finished routing net _164_
Nets remaining: 1024
Finished routing net \u_SPI_HEAD_MOSI_REF.reset_hw_and_sleep_out_counter\[15]
Nets remaining: 1023
Finished routing net _185_
Nets remaining: 1022
Finished routing net _188_
Nets remaining: 1021
Finished routing net _189_
Nets remaining: 1020
Finished routing net _279_
Nets remaining: 1019
Finished routing net _321_
Nets remaining: 1018
Finished routing net _372_
Nets remaining: 1017
Finished routing net _387_
Nets remaining: 1016
Failed to route net _397_
Failed to route net _411_
Finished routing net _439_
Nets remaining: 1015
Finished routing net _461_
Nets remaining: 1014
Finished routing net \u_SPI_HEAD_MOSI_REF.enable_gen_O.sclk\
Nets remaining: 1013
Finished routing net _601_
Nets remaining: 1012
Finished routing net \u_auto_data_inst.AUTO_state\[1]
Nets remaining: 1011
Finished routing net \u_auto_data_inst.AUTO_state\[0]
Nets remaining: 1010
Finished routing net _626_
Nets remaining: 1009
Finished routing net _627_
Nets remaining: 1008
Finished routing net _628_
Nets remaining: 1007
Failed to route net \u_auto_data_inst.line_counter\[4]
Finished routing net \u_auto_data_inst.line_counter\[6]
Nets remaining: 1006
Finished routing net \u_auto_data_inst.x_start_end_15_8\[6]
Nets remaining: 1005
Finished routing net _699_
Nets remaining: 1004
Finished routing net \u_auto_data_inst.x_start_end_15_8\[9]
Nets remaining: 1003
Finished routing net \u_auto_data_inst.x_start_end_15_8\[11]
Nets remaining: 1002
Finished routing net \u_auto_data_inst.x_start_end_15_8\[14]
Nets remaining: 1001
Finished routing net \u_auto_data_inst.x_start_end_15_8\[13]
Nets remaining: 1000
Finished routing net _714_
Nets remaining: 999
Finished routing net _721_
Nets remaining: 998
Finished routing net _727_
Nets remaining: 997
Finished routing net _739_
Nets remaining: 996
Finished routing net \u_auto_data_inst.done_count\[0]
Nets remaining: 995
Finished routing net _777_
Nets remaining: 994
Finished routing net _809_
Nets remaining: 993
Finished routing net _813_
Nets remaining: 992
Finished routing net _814_
Nets remaining: 991
Finished routing net _22_
Nets remaining: 990
Failed to route net _28_
Finished routing net \SPI_MOSI.data_register\[7]
Nets remaining: 989
Finished routing net \SPI_MOSI.state_mosi\[0]
Nets remaining: 988
Failed to route net \SPI_MOSI.tx_stage\
Finished routing net \SPI_MOSI.data_register\[1]
Nets remaining: 987
Finished routing net \SPI_MOSI.data_register\[5]
Nets remaining: 986
Finished routing net \SPI_MOSI.data_register\[6]
Nets remaining: 985
Finished routing net \SPI_MOSI.sclk_counter\[1]
Nets remaining: 984
Finished routing net _124_
Nets remaining: 983
Finished routing net _130_
Nets remaining: 982
Finished routing net _131_
Nets remaining: 981
Finished routing net _134_
Nets remaining: 980
Finished routing net _139_
Nets remaining: 979
Finished routing net _143_
Nets remaining: 978
Finished routing net INST_OUT_AUTO_TO_HEAD[2]
Nets remaining: 977
Finished routing net _151_
Nets remaining: 976
Finished routing net \SPI_MOSI.tx_load\
Nets remaining: 975
Finished routing net _161_
Nets remaining: 974
Finished routing net \u_SPI_HEAD_MOSI_REF.Tcss_done\
Nets remaining: 973
Finished routing net _183_
Nets remaining: 972
Failed to route net _201_
Finished routing net \u_SPI_HEAD_MOSI_REF.HW_RESET_HOLD_counter\[1]
Nets remaining: 971
Finished routing net \u_SPI_HEAD_MOSI_REF.HW_RESET_HOLD_counter\[3]
Nets remaining: 970
Finished routing net \u_SPI_HEAD_MOSI_REF.HW_RESET_HOLD_counter\[6]
Nets remaining: 969
Finished routing net \u_SPI_HEAD_MOSI_REF.HW_RESET_HOLD_counter\[5]
Nets remaining: 968
Finished routing net \u_SPI_HEAD_MOSI_REF.HW_RESET_HOLD_counter\[4]
Nets remaining: 967
Finished routing net _210_
Nets remaining: 966
Finished routing net _219_
Nets remaining: 965
Finished routing net _232_
Nets remaining: 964
Failed to route net _233_
Finished routing net _237_
Nets remaining: 963
Finished routing net _239_
Nets remaining: 962
Finished routing net _243_
Nets remaining: 961
Finished routing net _246_
Nets remaining: 960
Finished routing net _249_
Nets remaining: 959
Failed to route net _257_
Finished routing net _266_
Nets remaining: 958
Finished routing net _280_
Nets remaining: 957
Finished routing net _296_
Nets remaining: 956
Finished routing net _303_
Nets remaining: 955
Finished routing net _309_
Nets remaining: 954
Failed to route net _310_
Failed to route net _323_
Finished routing net _347_
Nets remaining: 953
Finished routing net _375_
Nets remaining: 952
Finished routing net _388_
Nets remaining: 951
Finished routing net _401_
Nets remaining: 950
Finished routing net _412_
Nets remaining: 949
Finished routing net _425_
Nets remaining: 948
Finished routing net _440_
Nets remaining: 947
Finished routing net \u_SPI_HEAD_MOSI_REF.sclk_gen_O.clk_counter\[4]
Nets remaining: 946
Finished routing net \u_SPI_HEAD_MOSI_REF.sclk_gen_O.clk_counter\[3]
Nets remaining: 945
Finished routing net _562_
Nets remaining: 944
Finished routing net \u_SPI_HEAD_MOSI_REF.sclk_gen_O.clk_counter\[2]
Nets remaining: 943
Finished routing net \u_SPI_HEAD_MOSI_REF.sclk_gen_O.clk_counter\[6]
Nets remaining: 942
Finished routing net _587_
Nets remaining: 941
Finished routing net _589_
Nets remaining: 940
Failed to route net \u_SPI_HEAD_MOSI_REF.sclk_gen_O.clk_counter\[5]
Finished routing net _597_
Nets remaining: 939
Finished routing net _606_
Nets remaining: 938
Finished routing net _615_
Nets remaining: 937
Finished routing net _616_
Nets remaining: 936
Finished routing net _617_
Nets remaining: 935
Finished routing net \u_auto_data_inst.AUTO_state\[3]
Nets remaining: 934
Finished routing net _621_
Nets remaining: 933
Finished routing net _625_
Nets remaining: 932
Finished routing net \u_auto_data_inst.pixel_counter\
Nets remaining: 931
Finished routing net _642_
Nets remaining: 930
Finished routing net _649_
Nets remaining: 929
Finished routing net _654_
Nets remaining: 928
Finished routing net \u_auto_data_inst.line_counter\[2]
Nets remaining: 927
Finished routing net \u_auto_data_inst.line_counter\[3]
Nets remaining: 926
Finished routing net _666_
Nets remaining: 925
Finished routing net _669_
Nets remaining: 924
Finished routing net _673_
Nets remaining: 923
Finished routing net _674_
Nets remaining: 922
Finished routing net _683_
Nets remaining: 921
Finished routing net _687_
Nets remaining: 920
Failed to route net \u_auto_data_inst.x_start_end_15_8\[3]
Finished routing net \u_auto_data_inst.x_start_end_15_8\[15]
Nets remaining: 919
Finished routing net _706_
Nets remaining: 918
Finished routing net \u_auto_data_inst.x_start_end_15_8\[8]
Nets remaining: 917
Finished routing net _709_
Nets remaining: 916
Failed to route net _712_
Finished routing net _719_
Nets remaining: 915
Finished routing net _720_
Nets remaining: 914
Finished routing net _733_
Nets remaining: 913
Finished routing net _746_
Nets remaining: 912
Finished routing net _751_
Nets remaining: 911
Finished routing net _754_
Nets remaining: 910
Finished routing net _759_
Nets remaining: 909
Finished routing net _765_
Nets remaining: 908
Finished routing net _774_
Nets remaining: 907
Finished routing net _776_
Nets remaining: 906
Failed to route net _778_
Finished routing net _788_
Nets remaining: 905
Finished routing net \u_auto_data_inst.y_register\[3]
Nets remaining: 904
Finished routing net _807_
Nets remaining: 903
Finished routing net _818_
Nets remaining: 902
Failed to route net _824_
Finished routing net _91_
Nets remaining: 901
Finished routing net _97_
Nets remaining: 900
Finished routing net _99_
Nets remaining: 899
Failed to route net _20_
Finished routing net _78_
Nets remaining: 898
Failed to route net \SPI_MOSI.sclk_counter\[3]
Finished routing net _107_
Nets remaining: 897
Finished routing net _92_
Nets remaining: 896
Finished routing net _90_
Nets remaining: 895
Finished routing net _2_
Nets remaining: 894
Finished routing net \SPI_MOSI.data_register\[0]
Nets remaining: 893
Finished routing net \SPI_MOSI.data_register\[2]
Nets remaining: 892
Finished routing net \SPI_MOSI.data_register\[3]
Nets remaining: 891
Finished routing net \SPI_MOSI.data_register\[4]
Nets remaining: 890
Finished routing net \SPI_MOSI.sclk_counter\[2]
Nets remaining: 889
Finished routing net _0_
Nets remaining: 888
Failed to route net INST_OUT_AUTO_TO_HEAD[0]
Finished routing net _135_
Nets remaining: 887
Finished routing net INST_OUT_AUTO_TO_HEAD[1]
Nets remaining: 886
Finished routing net _140_
Nets remaining: 885
Finished routing net _141_
Nets remaining: 884
Failed to route net _142_
Finished routing net _147_
Nets remaining: 883
Finished routing net _148_
Nets remaining: 882
Finished routing net INST_OUT_AUTO_TO_HEAD[5]
Nets remaining: 881
Failed to route net _152_
Finished routing net _155_
Nets remaining: 880
Finished routing net _166_
Nets remaining: 879
Finished routing net _167_
Nets remaining: 878
Finished routing net _170_
Nets remaining: 877
Failed to route net _177_
Finished routing net _184_
Nets remaining: 876
Finished routing net _187_
Nets remaining: 875
Finished routing net _192_
Nets remaining: 874
Finished routing net _202_
Nets remaining: 873
Finished routing net \u_SPI_HEAD_MOSI_REF.HW_RESET_HOLD_counter\[0]
Nets remaining: 872
Finished routing net \u_SPI_HEAD_MOSI_REF.HW_RESET_HOLD_counter\[2]
Nets remaining: 871
Finished routing net _204_
Nets remaining: 870
Finished routing net \u_SPI_HEAD_MOSI_REF.hw_reset_done\
Nets remaining: 869
Failed to route net _213_
Finished routing net _225_
Nets remaining: 868
Finished routing net _226_
Nets remaining: 867
Finished routing net _227_
Nets remaining: 866
Finished routing net _230_
Nets remaining: 865
Finished routing net _235_
Nets remaining: 864
Finished routing net _289_
Nets remaining: 863
Finished routing net _291_
Nets remaining: 862
Failed to route net _294_
Finished routing net _295_
Nets remaining: 861
Finished routing net _301_
Nets remaining: 860
Finished routing net _302_
Nets remaining: 859
Finished routing net _311_
Nets remaining: 858
Failed to route net _319_
Finished routing net _320_
Nets remaining: 857
Finished routing net _336_
Nets remaining: 856
Finished routing net _337_
Nets remaining: 855
Finished routing net _346_
Nets remaining: 854
Finished routing net _349_
Nets remaining: 853
Finished routing net _350_
Nets remaining: 852
Finished routing net _361_
Nets remaining: 851
Finished routing net _363_
Nets remaining: 850
Finished routing net _373_
Nets remaining: 849
Finished routing net _399_
Nets remaining: 848
Finished routing net _400_
Nets remaining: 847
Finished routing net _413_
Nets remaining: 846
Finished routing net _414_
Nets remaining: 845
Failed to route net _437_
Finished routing net _449_
Nets remaining: 844
Finished routing net _450_
Nets remaining: 843
Failed to route net _459_
Failed to route net _462_
Failed to route net _471_
Finished routing net _472_
Nets remaining: 842
Failed to route net _473_
Finished routing net _474_
Nets remaining: 841
Failed to route net _484_
Failed to route net _485_
Failed to route net _486_
Failed to route net _496_
Finished routing net _497_
Nets remaining: 840
Finished routing net SPI_request
Nets remaining: 839
Finished routing net _511_
Nets remaining: 838
Failed to route net _520_
Finished routing net \u_SPI_HEAD_MOSI_REF.enable_gen_O.sclk_reg_miso\
Nets remaining: 837
Finished routing net _526_
Nets remaining: 836
Finished routing net _530_
Nets remaining: 835
Finished routing net _542_
Nets remaining: 834
Finished routing net _543_
Nets remaining: 833
Finished routing net _544_
Nets remaining: 832
Finished routing net _547_
Nets remaining: 831
Finished routing net _549_
Nets remaining: 830
Finished routing net _551_
Nets remaining: 829
Failed to route net _555_
Finished routing net _556_
Nets remaining: 828
Finished routing net _557_
Nets remaining: 827
Finished routing net _558_
Nets remaining: 826
Finished routing net _559_
Nets remaining: 825
Finished routing net _568_
Nets remaining: 824
Finished routing net _570_
Nets remaining: 823
Finished routing net _575_
Nets remaining: 822
Failed to route net _576_
Finished routing net _577_
Nets remaining: 821
Finished routing net _583_
Nets remaining: 820
Finished routing net _590_
Nets remaining: 819
Finished routing net _592_
Nets remaining: 818
Finished routing net _538_
Nets remaining: 817
Finished routing net _624_
Nets remaining: 816
Finished routing net _631_
Nets remaining: 815
Finished routing net _634_
Nets remaining: 814
Finished routing net _635_
Nets remaining: 813
Finished routing net _636_
Nets remaining: 812
Failed to route net _641_
Finished routing net _651_
Nets remaining: 811
Finished routing net _656_
Nets remaining: 810
Finished routing net _659_
Nets remaining: 809
Failed to route net _660_
Finished routing net _661_
Nets remaining: 808
Finished routing net _672_
Nets remaining: 807
Finished routing net _682_
Nets remaining: 806
Finished routing net _691_
Nets remaining: 805
Finished routing net _695_
Nets remaining: 804
Finished routing net \u_auto_data_inst.x_start_end_15_8\[7]
Nets remaining: 803
Finished routing net _700_
Nets remaining: 802
Finished routing net _701_
Nets remaining: 801
Finished routing net _705_
Nets remaining: 800
Finished routing net _716_
Nets remaining: 799
Finished routing net _723_
Nets remaining: 798
Finished routing net _725_
Nets remaining: 797
Failed to route net _726_
Finished routing net _730_
Nets remaining: 796
Finished routing net _736_
Nets remaining: 795
Finished routing net _738_
Nets remaining: 794
Finished routing net _742_
Nets remaining: 793
Finished routing net _747_
Nets remaining: 792
Finished routing net _758_
Nets remaining: 791
Failed to route net _760_
Finished routing net _762_
Nets remaining: 790
Finished routing net _768_
Nets remaining: 789
Finished routing net _770_
Nets remaining: 788
Finished routing net _775_
Nets remaining: 787
Finished routing net _782_
Nets remaining: 786
Finished routing net _783_
Nets remaining: 785
Finished routing net \u_auto_data_inst.y_register\[0]
Nets remaining: 784
Finished routing net _792_
Nets remaining: 783
Finished routing net \u_auto_data_inst.y_register\[1]
Nets remaining: 782
Finished routing net _795_
Nets remaining: 781
Finished routing net \u_auto_data_inst.y_register\[2]
Nets remaining: 780
Failed to route net \u_auto_data_inst.y_register\[4]
Failed to route net _801_
Failed to route net \u_auto_data_inst.y_register\[5]
Finished routing net \u_auto_data_inst.y_register\[6]
Nets remaining: 779
Finished routing net _812_
Nets remaining: 778
Finished routing net _821_
Nets remaining: 777
Finished routing net _823_
Nets remaining: 776
Finished routing net _829_
Nets remaining: 775
Finished routing net _830_
Nets remaining: 774
Finished routing net _835_
Nets remaining: 773
Finished routing net _82_
Nets remaining: 772
Finished routing net _83_
Nets remaining: 771
Finished routing net _84_
Nets remaining: 770
Finished routing net _85_
Nets remaining: 769
Finished routing net _88_
Nets remaining: 768
Finished routing net ext_fifo_valid
Nets remaining: 767
Finished routing net _89_
Nets remaining: 766
Failed to route net _96_
Finished routing net _101_
Nets remaining: 765
Finished routing net _21_
Nets remaining: 764
Finished routing net _71_
Nets remaining: 763
Finished routing net _74_
Nets remaining: 762
Finished routing net _76_
Nets remaining: 761
Finished routing net _77_
Nets remaining: 760
Finished routing net _10_[2]
Nets remaining: 759
Finished routing net _79_
Nets remaining: 758
Finished routing net _10_[3]
Nets remaining: 757
Finished routing net _14_
Nets remaining: 756
Finished routing net _80_
Nets remaining: 755
Finished routing net _13_
Nets remaining: 754
Finished routing net _3_
Nets remaining: 753
Finished routing net _15_
Nets remaining: 752
Finished routing net _16_
Nets remaining: 751
Finished routing net _8_
Nets remaining: 750
Failed to route net _9_
Finished routing net _11_
Nets remaining: 749
Finished routing net _6_[0]
Nets remaining: 748
Finished routing net _6_[1]
Nets remaining: 747
Finished routing net _6_[2]
Nets remaining: 746
Failed to route net _6_[3]
Failed to route net _6_[4]
Finished routing net _6_[5]
Nets remaining: 745
Failed to route net _6_[6]
Failed to route net _6_[7]
Finished routing net _10_[0]
Nets remaining: 744
Finished routing net _10_[1]
Nets remaining: 743
Finished routing net _7_
Nets remaining: 742
Finished routing net \SPI_MOSI.data_valid_d\
Nets remaining: 741
Finished routing net _12_
Nets remaining: 740
Failed to route net \SPI_MOSI.valid_pulse\
Finished routing net _122_
Nets remaining: 739
Finished routing net _123_
Nets remaining: 738
Failed to route net _125_
Finished routing net _128_
Nets remaining: 737
Finished routing net _136_
Nets remaining: 736
Finished routing net INST_HEAD_TO_SPI[0]
Nets remaining: 735
Finished routing net _137_
Nets remaining: 734
Finished routing net _138_
Nets remaining: 733
Finished routing net INST_HEAD_TO_SPI[1]
Nets remaining: 732
Finished routing net _144_
Nets remaining: 731
Finished routing net _149_
Nets remaining: 730
Finished routing net INST_HEAD_TO_SPI[2]
Nets remaining: 729
Finished routing net _150_
Nets remaining: 728
Finished routing net _153_
Nets remaining: 727
Finished routing net INST_HEAD_TO_SPI[3]
Nets remaining: 726
Finished routing net _154_
Nets remaining: 725
Failed to route net INST_HEAD_TO_SPI[4]
Finished routing net _156_
Nets remaining: 724
Failed to route net INST_HEAD_TO_SPI[5]
Finished routing net _157_
Nets remaining: 723
Failed to route net INST_HEAD_TO_SPI[6]
Finished routing net INST_HEAD_TO_SPI[7]
Nets remaining: 722
Finished routing net TX_LOAD_AUTO_TO_HEAD
Nets remaining: 721
Finished routing net _158_
Nets remaining: 720
Finished routing net _159_
Nets remaining: 719
Finished routing net DCX_HEAD_TO_SPI
Nets remaining: 718
Finished routing net CS_AUTO
Nets remaining: 717
Finished routing net _160_
Nets remaining: 716
Finished routing net DATA_OUT_AUTO_TO_HEAD[0]
Nets remaining: 715
Finished routing net DATA_HEAD_TO_SPI[0]
Nets remaining: 714
Finished routing net DATA_OUT_AUTO_TO_HEAD[1]
Nets remaining: 713
Finished routing net DATA_HEAD_TO_SPI[1]
Nets remaining: 712
Finished routing net DATA_OUT_AUTO_TO_HEAD[2]
Nets remaining: 711
Finished routing net DATA_HEAD_TO_SPI[2]
Nets remaining: 710
Finished routing net DATA_OUT_AUTO_TO_HEAD[3]
Nets remaining: 709
Failed to route net DATA_HEAD_TO_SPI[3]
Finished routing net DATA_OUT_AUTO_TO_HEAD[4]
Nets remaining: 708
Finished routing net DATA_HEAD_TO_SPI[4]
Nets remaining: 707
Finished routing net DATA_OUT_AUTO_TO_HEAD[5]
Nets remaining: 706
Failed to route net DATA_HEAD_TO_SPI[5]
Finished routing net DATA_OUT_AUTO_TO_HEAD[6]
Nets remaining: 705
Failed to route net DATA_HEAD_TO_SPI[6]
Finished routing net DATA_OUT_AUTO_TO_HEAD[7]
Nets remaining: 704
Finished routing net DATA_HEAD_TO_SPI[7]
Nets remaining: 703
Finished routing net _165_
Nets remaining: 702
Finished routing net _168_
Nets remaining: 701
Finished routing net _172_
Nets remaining: 700
Finished routing net _112_
Nets remaining: 699
Finished routing net _176_
Nets remaining: 698
Finished routing net _179_
Nets remaining: 697
Finished routing net _180_
Nets remaining: 696
Finished routing net _181_
Nets remaining: 695
Failed to route net _182_
Finished routing net _186_
Nets remaining: 694
Finished routing net _190_
Nets remaining: 693
Finished routing net _191_
Nets remaining: 692
Finished routing net _193_
Nets remaining: 691
Finished routing net _194_
Nets remaining: 690
Finished routing net _196_
Nets remaining: 689
Finished routing net _118_
Nets remaining: 688
Finished routing net _200_
Nets remaining: 687
Finished routing net _116_
Nets remaining: 686
Finished routing net \u_SPI_HEAD_MOSI_REF.hw_reset_hold_done\
Nets remaining: 685
Finished routing net _203_
Nets remaining: 684
Finished routing net _205_
Nets remaining: 683
Finished routing net _206_
Nets remaining: 682
Failed to route net _207_
Finished routing net _208_
Nets remaining: 681
Finished routing net _209_
Nets remaining: 680
Finished routing net _115_
Nets remaining: 679
Finished routing net _214_
Nets remaining: 678
Failed to route net _215_
Failed to route net _216_
Failed to route net _218_
Finished routing net _220_
Nets remaining: 677
Finished routing net _114_
Nets remaining: 676
Failed to route net _221_
Finished routing net _222_
Nets remaining: 675
Finished routing net _113_[0]
Nets remaining: 674
Finished routing net _223_
Nets remaining: 673
Finished routing net _224_
Nets remaining: 672
Finished routing net _113_[1]
Nets remaining: 671
Finished routing net _228_
Nets remaining: 670
Finished routing net _113_[2]
Nets remaining: 669
Finished routing net _229_
Nets remaining: 668
Finished routing net _231_
Nets remaining: 667
Finished routing net _113_[3]
Nets remaining: 666
Finished routing net _234_
Nets remaining: 665
Finished routing net _110_[0]
Nets remaining: 664
Finished routing net _236_
Nets remaining: 663
Finished routing net _238_
Nets remaining: 662
Finished routing net _110_[1]
Nets remaining: 661
Failed to route net _240_
Failed to route net _241_
Finished routing net _110_[2]
Nets remaining: 660
Finished routing net _242_
Nets remaining: 659
Finished routing net _244_
Nets remaining: 658
Finished routing net _245_
Nets remaining: 657
Finished routing net _110_[3]
Nets remaining: 656
Finished routing net _247_
Nets remaining: 655
Finished routing net _110_[4]
Nets remaining: 654
Finished routing net _248_
Nets remaining: 653
Finished routing net _250_
Nets remaining: 652
Finished routing net _251_
Nets remaining: 651
Finished routing net _110_[5]
Nets remaining: 650
Finished routing net _252_
Nets remaining: 649
Finished routing net _110_[6]
Nets remaining: 648
Failed to route net _253_
Finished routing net _254_
Nets remaining: 647
Failed to route net _255_
Finished routing net _258_
Nets remaining: 646
Finished routing net _259_
Nets remaining: 645
Failed to route net _260_
Finished routing net _261_
Nets remaining: 644
Finished routing net _264_
Nets remaining: 643
Finished routing net _117_[0]
Nets remaining: 642
Finished routing net _265_
Nets remaining: 641
Finished routing net _268_
Nets remaining: 640
Finished routing net _270_
Nets remaining: 639
Finished routing net _271_
Nets remaining: 638
Finished routing net _272_
Nets remaining: 637
Failed to route net _273_
Failed to route net _274_
Finished routing net _275_
Nets remaining: 636
Failed to route net _276_
Finished routing net _277_
Nets remaining: 635
Finished routing net _117_[1]
Nets remaining: 634
Finished routing net _278_
Nets remaining: 633
Finished routing net _281_
Nets remaining: 632
Finished routing net _282_
Nets remaining: 631
Finished routing net _283_
Nets remaining: 630
Finished routing net _284_
Nets remaining: 629
Finished routing net _285_
Nets remaining: 628
Finished routing net _286_
Nets remaining: 627
Finished routing net _287_
Nets remaining: 626
Finished routing net _288_
Nets remaining: 625
Finished routing net _117_[2]
Nets remaining: 624
Failed to route net _290_
Finished routing net _292_
Nets remaining: 623
Finished routing net _293_
Nets remaining: 622
Finished routing net _297_
Nets remaining: 621
Finished routing net _298_
Nets remaining: 620
Finished routing net _299_
Nets remaining: 619
Finished routing net _117_[3]
Nets remaining: 618
Finished routing net _300_
Nets remaining: 617
Finished routing net _304_
Nets remaining: 616
Finished routing net _305_
Nets remaining: 615
Finished routing net _306_
Nets remaining: 614
Finished routing net _307_
Nets remaining: 613
Finished routing net _308_
Nets remaining: 612
Failed to route net _117_[4]
Finished routing net _312_
Nets remaining: 611
Finished routing net _313_
Nets remaining: 610
Finished routing net _314_
Nets remaining: 609
Failed to route net _315_
Finished routing net _316_
Nets remaining: 608
Finished routing net _317_
Nets remaining: 607
Failed to route net _318_
Failed to route net _117_[5]
Finished routing net _322_
Nets remaining: 606
Finished routing net _324_
Nets remaining: 605
Finished routing net _325_
Nets remaining: 604
Finished routing net _326_
Nets remaining: 603
Finished routing net _327_
Nets remaining: 602
Finished routing net _328_
Nets remaining: 601
Failed to route net _329_
Finished routing net _330_
Nets remaining: 600
Failed to route net _331_
Finished routing net _332_
Nets remaining: 599
Finished routing net _117_[6]
Nets remaining: 598
Finished routing net _334_
Nets remaining: 597
Failed to route net _338_
Finished routing net _339_
Nets remaining: 596
Finished routing net _340_
Nets remaining: 595
Finished routing net _341_
Nets remaining: 594
Finished routing net _342_
Nets remaining: 593
Finished routing net _343_
Nets remaining: 592
Finished routing net _344_
Nets remaining: 591
Finished routing net _345_
Nets remaining: 590
Finished routing net _117_[7]
Nets remaining: 589
Finished routing net _348_
Nets remaining: 588
Finished routing net _351_
Nets remaining: 587
Finished routing net _352_
Nets remaining: 586
Finished routing net _353_
Nets remaining: 585
Finished routing net _354_
Nets remaining: 584
Failed to route net _355_
Finished routing net _356_
Nets remaining: 583
Failed to route net _357_
Failed to route net _358_
Failed to route net _117_[8]
Finished routing net _359_
Nets remaining: 582
Finished routing net _360_
Nets remaining: 581
Finished routing net _362_
Nets remaining: 580
Finished routing net _364_
Nets remaining: 579
Finished routing net _365_
Nets remaining: 578
Finished routing net _366_
Nets remaining: 577
Finished routing net _367_
Nets remaining: 576
Finished routing net _368_
Nets remaining: 575
Finished routing net _369_
Nets remaining: 574
Finished routing net _370_
Nets remaining: 573
Failed to route net _371_
Failed to route net _117_[9]
Finished routing net _374_
Nets remaining: 572
Finished routing net _376_
Nets remaining: 571
Finished routing net _377_
Nets remaining: 570
Finished routing net _378_
Nets remaining: 569
Finished routing net _379_
Nets remaining: 568
Finished routing net _380_
Nets remaining: 567
Finished routing net _381_
Nets remaining: 566
Finished routing net _382_
Nets remaining: 565
Finished routing net _383_
Nets remaining: 564
Finished routing net _384_
Nets remaining: 563
Finished routing net _117_[10]
Nets remaining: 562
Finished routing net _385_
Nets remaining: 561
Finished routing net _386_
Nets remaining: 560
Finished routing net _389_
Nets remaining: 559
Finished routing net _390_
Nets remaining: 558
Finished routing net _391_
Nets remaining: 557
Failed to route net _392_
Finished routing net _393_
Nets remaining: 556
Finished routing net _394_
Nets remaining: 555
Finished routing net _395_
Nets remaining: 554
Finished routing net _396_
Nets remaining: 553
Finished routing net _117_[11]
Nets remaining: 552
Finished routing net _398_
Nets remaining: 551
Failed to route net _402_
Finished routing net _403_
Nets remaining: 550
Finished routing net _404_
Nets remaining: 549
Failed to route net _405_
Finished routing net _406_
Nets remaining: 548
Finished routing net _407_
Nets remaining: 547
Finished routing net _408_
Nets remaining: 546
Finished routing net _409_
Nets remaining: 545
Finished routing net _117_[12]
Nets remaining: 544
Failed to route net _410_
Failed to route net _415_
Finished routing net _416_
Nets remaining: 543
Finished routing net _417_
Nets remaining: 542
Finished routing net _418_
Nets remaining: 541
Finished routing net _419_
Nets remaining: 540
Failed to route net _420_
Finished routing net _421_
Nets remaining: 539
Finished routing net _422_
Nets remaining: 538
Finished routing net _117_[13]
Nets remaining: 537
Finished routing net _423_
Nets remaining: 536
Finished routing net _424_
Nets remaining: 535
Failed to route net _426_
Finished routing net _427_
Nets remaining: 534
Finished routing net _428_
Nets remaining: 533
Finished routing net _429_
Nets remaining: 532
Finished routing net _430_
Nets remaining: 531
Failed to route net _431_
Finished routing net _432_
Nets remaining: 530
Failed to route net _433_
Finished routing net _117_[14]
Nets remaining: 529
Failed to route net _435_
Finished routing net _436_
Nets remaining: 528
Failed to route net _438_
Failed to route net _441_
Finished routing net _442_
Nets remaining: 527
Failed to route net _443_
Finished routing net _444_
Nets remaining: 526
Finished routing net _445_
Nets remaining: 525
Finished routing net _446_
Nets remaining: 524
Finished routing net _447_
Nets remaining: 523
Finished routing net _117_[15]
Nets remaining: 522
Finished routing net _451_
Nets remaining: 521
Finished routing net _452_
Nets remaining: 520
Finished routing net _453_
Nets remaining: 519
Finished routing net _454_
Nets remaining: 518
Finished routing net _455_
Nets remaining: 517
Finished routing net _456_
Nets remaining: 516
Finished routing net _457_
Nets remaining: 515
Finished routing net _458_
Nets remaining: 514
Finished routing net _117_[16]
Nets remaining: 513
Failed to route net _460_
Finished routing net _463_
Nets remaining: 512
Finished routing net _464_
Nets remaining: 511
Finished routing net _465_
Nets remaining: 510
Finished routing net _466_
Nets remaining: 509
Finished routing net _467_
Nets remaining: 508
Finished routing net _468_
Nets remaining: 507
Finished routing net _469_
Nets remaining: 506
Failed to route net _470_
Finished routing net _117_[17]
Nets remaining: 505
Finished routing net _475_
Nets remaining: 504
Finished routing net _476_
Nets remaining: 503
Finished routing net _477_
Nets remaining: 502
Finished routing net _478_
Nets remaining: 501
Failed to route net _479_
Failed to route net _480_
Failed to route net _481_
Finished routing net _482_
Nets remaining: 500
Finished routing net _117_[18]
Nets remaining: 499
Finished routing net _483_
Nets remaining: 498
Finished routing net _487_
Nets remaining: 497
Finished routing net _488_
Nets remaining: 496
Failed to route net _489_
Finished routing net _490_
Nets remaining: 495
Failed to route net _491_
Failed to route net _492_
Finished routing net _493_
Nets remaining: 494
Finished routing net _494_
Nets remaining: 493
Finished routing net _495_
Nets remaining: 492
Finished routing net _117_[19]
Nets remaining: 491
Finished routing net _498_
Nets remaining: 490
Finished routing net _499_
Nets remaining: 489
Finished routing net _500_
Nets remaining: 488
Finished routing net _111_[0]
Nets remaining: 487
Finished routing net _501_
Nets remaining: 486
Finished routing net _502_
Nets remaining: 485
Finished routing net _503_
Nets remaining: 484
Finished routing net _504_
Nets remaining: 483
Finished routing net _505_
Nets remaining: 482
Finished routing net _506_
Nets remaining: 481
Finished routing net _507_
Nets remaining: 480
Finished routing net _508_
Nets remaining: 479
Finished routing net _509_
Nets remaining: 478
Finished routing net _510_
Nets remaining: 477
Finished routing net _512_
Nets remaining: 476
Finished routing net _513_
Nets remaining: 475
Finished routing net _111_[1]
Nets remaining: 474
Finished routing net _514_
Nets remaining: 473
Failed to route net _515_
Finished routing net _516_
Nets remaining: 472
Finished routing net _517_
Nets remaining: 471
Finished routing net _518_
Nets remaining: 470
Failed to route net _111_[2]
Finished routing net \u_SPI_HEAD_MOSI_REF.enable_gen_O.enable_mosi\
Nets remaining: 469
Finished routing net _519_
Nets remaining: 468
Finished routing net _521_
Nets remaining: 467
Finished routing net _4_
Nets remaining: 466
Finished routing net _523_
Nets remaining: 465
Finished routing net _524_
Nets remaining: 464
Finished routing net _525_
Nets remaining: 463
Finished routing net _527_
Nets remaining: 462
Finished routing net _528_
Nets remaining: 461
Finished routing net _529_
Nets remaining: 460
Finished routing net _531_
Nets remaining: 459
Failed to route net _532_
Finished routing net _522_
Nets remaining: 458
Finished routing net _548_
Nets remaining: 457
Finished routing net _550_
Nets remaining: 456
Finished routing net _552_
Nets remaining: 455
Finished routing net _553_
Nets remaining: 454
Finished routing net _554_
Nets remaining: 453
Finished routing net _560_
Nets remaining: 452
Finished routing net _561_
Nets remaining: 451
Finished routing net _563_
Nets remaining: 450
Finished routing net _564_
Nets remaining: 449
Finished routing net _565_
Nets remaining: 448
Finished routing net _566_
Nets remaining: 447
Finished routing net _567_
Nets remaining: 446
Finished routing net _569_
Nets remaining: 445
Finished routing net _571_
Nets remaining: 444
Finished routing net _572_
Nets remaining: 443
Finished routing net _573_
Nets remaining: 442
Finished routing net _574_
Nets remaining: 441
Finished routing net _578_
Nets remaining: 440
Finished routing net _579_
Nets remaining: 439
Finished routing net _580_
Nets remaining: 438
Finished routing net _581_
Nets remaining: 437
Failed to route net _582_
Failed to route net _584_
Finished routing net _585_
Nets remaining: 436
Finished routing net _586_
Nets remaining: 435
Finished routing net _588_
Nets remaining: 434
Finished routing net _591_
Nets remaining: 433
Finished routing net _593_
Nets remaining: 432
Finished routing net _594_
Nets remaining: 431
Finished routing net _595_
Nets remaining: 430
Finished routing net _596_
Nets remaining: 429
Finished routing net _533_[0]
Nets remaining: 428
Finished routing net _599_
Nets remaining: 427
Finished routing net _533_[1]
Nets remaining: 426
Finished routing net _600_
Nets remaining: 425
Finished routing net _602_
Nets remaining: 424
Finished routing net _533_[2]
Nets remaining: 423
Failed to route net _603_
Finished routing net _533_[3]
Nets remaining: 422
Failed to route net _604_
Finished routing net _605_
Nets remaining: 421
Finished routing net _607_
Nets remaining: 420
Failed to route net _533_[4]
Finished routing net _608_
Nets remaining: 419
Finished routing net _533_[5]
Nets remaining: 418
Finished routing net _535_
Nets remaining: 417
Finished routing net _536_
Nets remaining: 416
Finished routing net _533_[6]
Nets remaining: 415
Finished routing net _537_
Nets remaining: 414
Finished routing net _539_
Nets remaining: 413
Finished routing net _540_
Nets remaining: 412
Finished routing net _541_
Nets remaining: 411
Finished routing net _534_
Nets remaining: 410
Finished routing net _618_
Nets remaining: 409
Finished routing net _619_
Nets remaining: 408
Finished routing net _630_
Nets remaining: 407
Finished routing net _637_
Nets remaining: 406
Failed to route net _639_
Finished routing net _645_
Nets remaining: 405
Failed to route net _647_
Finished routing net _612_
Nets remaining: 404
Finished routing net _648_
Nets remaining: 403
Finished routing net _652_
Nets remaining: 402
Finished routing net _653_
Nets remaining: 401
Finished routing net _611_[0]
Nets remaining: 400
Finished routing net _655_
Nets remaining: 399
Finished routing net _657_
Nets remaining: 398
Finished routing net _658_
Nets remaining: 397
Finished routing net _611_[1]
Nets remaining: 396
Finished routing net _662_
Nets remaining: 395
Failed to route net _663_
Finished routing net _664_
Nets remaining: 394
Finished routing net _611_[2]
Nets remaining: 393
Finished routing net _665_
Nets remaining: 392
Finished routing net _667_
Nets remaining: 391
Failed to route net _611_[3]
Failed to route net _668_
Finished routing net _670_
Nets remaining: 390
Finished routing net _671_
Nets remaining: 389
Failed to route net _675_
Finished routing net _676_
Nets remaining: 388
Finished routing net _611_[4]
Nets remaining: 387
Finished routing net _677_
Nets remaining: 386
Finished routing net _678_
Nets remaining: 385
Failed to route net _679_
Failed to route net _680_
Failed to route net _611_[5]
Finished routing net _681_
Nets remaining: 384
Finished routing net _684_
Nets remaining: 383
Finished routing net _685_
Nets remaining: 382
Finished routing net _686_
Nets remaining: 381
Finished routing net _688_
Nets remaining: 380
Finished routing net _689_
Nets remaining: 379
Finished routing net _611_[6]
Nets remaining: 378
Finished routing net _690_
Nets remaining: 377
Finished routing net _692_
Nets remaining: 376
Finished routing net _693_
Nets remaining: 375
Finished routing net _694_
Nets remaining: 374
Failed to route net _611_[7]
Finished routing net _697_
Nets remaining: 373
Finished routing net _698_
Nets remaining: 372
Finished routing net _702_
Nets remaining: 371
Finished routing net _703_
Nets remaining: 370
Failed to route net _704_
Finished routing net _707_
Nets remaining: 369
Finished routing net _708_
Nets remaining: 368
Finished routing net _710_
Nets remaining: 367
Finished routing net _711_
Nets remaining: 366
Finished routing net _713_
Nets remaining: 365
Finished routing net _715_
Nets remaining: 364
Finished routing net _613_[0]
Nets remaining: 363
Finished routing net _717_
Nets remaining: 362
Finished routing net _718_
Nets remaining: 361
Finished routing net _613_[1]
Nets remaining: 360
Finished routing net _722_
Nets remaining: 359
Finished routing net _613_[2]
Nets remaining: 358
Finished routing net _724_
Nets remaining: 357
Finished routing net _613_[3]
Nets remaining: 356
Finished routing net _728_
Nets remaining: 355
Finished routing net _729_
Nets remaining: 354
Finished routing net _613_[4]
Nets remaining: 353
Finished routing net _731_
Nets remaining: 352
Finished routing net _732_
Nets remaining: 351
Finished routing net _613_[5]
Nets remaining: 350
Finished routing net _734_
Nets remaining: 349
Finished routing net _735_
Nets remaining: 348
Finished routing net _613_[6]
Nets remaining: 347
Finished routing net _737_
Nets remaining: 346
Failed to route net _740_
Finished routing net _613_[7]
Nets remaining: 345
Finished routing net _741_
Nets remaining: 344
Finished routing net _743_
Nets remaining: 343
Failed to route net _744_
Failed to route net _745_
Finished routing net _613_[8]
Nets remaining: 342
Finished routing net _749_
Nets remaining: 341
Finished routing net _750_
Nets remaining: 340
Finished routing net _613_[9]
Nets remaining: 339
Finished routing net _752_
Nets remaining: 338
Finished routing net _613_[10]
Nets remaining: 337
Finished routing net _753_
Nets remaining: 336
Finished routing net _755_
Nets remaining: 335
Finished routing net _613_[11]
Nets remaining: 334
Finished routing net _756_
Nets remaining: 333
Finished routing net _757_
Nets remaining: 332
Finished routing net _761_
Nets remaining: 331
Finished routing net _763_
Nets remaining: 330
Finished routing net _613_[12]
Nets remaining: 329
Finished routing net _764_
Nets remaining: 328
Finished routing net _766_
Nets remaining: 327
Finished routing net _613_[13]
Nets remaining: 326
Finished routing net _767_
Nets remaining: 325
Finished routing net _769_
Nets remaining: 324
Finished routing net _771_
Nets remaining: 323
Finished routing net _613_[14]
Nets remaining: 322
Finished routing net _772_
Nets remaining: 321
Finished routing net _773_
Nets remaining: 320
Finished routing net _613_[15]
Nets remaining: 319
Finished routing net _779_
Nets remaining: 318
Finished routing net _780_
Nets remaining: 317
Finished routing net _781_
Nets remaining: 316
Finished routing net _610_[0]
Nets remaining: 315
Finished routing net _784_
Nets remaining: 314
Failed to route net _785_
Finished routing net _786_
Nets remaining: 313
Finished routing net _610_[1]
Nets remaining: 312
Finished routing net _787_
Nets remaining: 311
Finished routing net _789_
Nets remaining: 310
Finished routing net _790_
Nets remaining: 309
Finished routing net _791_
Nets remaining: 308
Finished routing net _610_[2]
Nets remaining: 307
Finished routing net ext_fifo_data[0]
Nets remaining: 306
Finished routing net _794_
Nets remaining: 305
Failed to route net _614_[0]
Finished routing net ext_fifo_data[1]
Nets remaining: 304
Finished routing net _796_
Nets remaining: 303
Finished routing net _614_[1]
Nets remaining: 302
Finished routing net _797_
Nets remaining: 301
Finished routing net ext_fifo_data[2]
Nets remaining: 300
Finished routing net _798_
Nets remaining: 299
Finished routing net _614_[2]
Nets remaining: 298
Finished routing net _799_
Nets remaining: 297
Finished routing net ext_fifo_data[3]
Nets remaining: 296
Finished routing net _800_
Nets remaining: 295
Finished routing net _614_[3]
Nets remaining: 294
Finished routing net ext_fifo_data[4]
Nets remaining: 293
Finished routing net _802_
Nets remaining: 292
Finished routing net _614_[4]
Nets remaining: 291
Finished routing net _803_
Nets remaining: 290
Finished routing net ext_fifo_data[5]
Nets remaining: 289
Finished routing net _804_
Nets remaining: 288
Finished routing net _614_[5]
Nets remaining: 287
Finished routing net _805_
Nets remaining: 286
Finished routing net ext_fifo_data[6]
Nets remaining: 285
Failed to route net _806_
Finished routing net _614_[6]
Nets remaining: 284
Finished routing net \u_auto_data_inst.y_register\[7]
Nets remaining: 283
Finished routing net ext_fifo_data[7]
Nets remaining: 282
Failed to route net _808_
Finished routing net _614_[7]
Nets remaining: 281
Failed to route net _810_
Finished routing net _811_
Nets remaining: 280
Finished routing net _815_
Nets remaining: 279
Finished routing net _816_
Nets remaining: 278
Finished routing net _817_
Nets remaining: 277
Finished routing net _819_
Nets remaining: 276
Finished routing net _820_
Nets remaining: 275
Finished routing net _609_[0]
Nets remaining: 274
Finished routing net _822_
Nets remaining: 273
Failed to route net _825_
Finished routing net _826_
Nets remaining: 272
Finished routing net _609_[1]
Nets remaining: 271
Finished routing net _827_
Nets remaining: 270
Finished routing net _828_
Nets remaining: 269
Failed to route net _831_
Finished routing net _832_
Nets remaining: 268
Finished routing net _609_[2]
Nets remaining: 267
Finished routing net _833_
Nets remaining: 266
Finished routing net _834_
Nets remaining: 265
Failed to route net _609_[3]
Finished routing net _836_
Nets remaining: 264
Finished routing net _837_
Nets remaining: 263
Finished routing net _839_
Nets remaining: 262
Failed to route net _840_
Failed to route net _842_
Finished routing net _843_
Nets remaining: 261
Finished routing net _845_
Nets remaining: 260
Finished routing net _846_
Nets remaining: 259
Finished routing net _847_
Nets remaining: 258
Finished routing net _848_
Nets remaining: 257
Finished routing net _849_
Nets remaining: 256
Finished routing net _850_
Nets remaining: 255
Finished routing net _851_
Nets remaining: 254
Finished routing net _852_
Nets remaining: 253
Finished routing net _853_
Nets remaining: 252
Finished routing net _854_
Nets remaining: 251
Finished routing net _855_
Nets remaining: 250
Finished routing net _856_
Nets remaining: 249
Finished routing net _857_
Nets remaining: 248
Finished routing net _858_
Nets remaining: 247
Failed to route net _859_
Finished routing net _860_
Nets remaining: 246
Finished routing net _862_
Nets remaining: 245
Finished routing net _863_
Nets remaining: 244
Finished routing net _864_
Nets remaining: 243
Finished routing net _865_
Nets remaining: 242
Finished routing net _866_
Nets remaining: 241
Finished routing net _867_
Nets remaining: 240
Finished routing net _868_
Nets remaining: 239
Finished routing net _869_
Nets remaining: 238
Finished routing net _870_
Nets remaining: 237
Finished routing net _871_
Nets remaining: 236
Finished routing net _872_
Nets remaining: 235
Finished routing net _873_
Nets remaining: 234
Finished routing net _874_
Nets remaining: 233
Finished routing net _875_
Nets remaining: 232
Finished routing net _876_
Nets remaining: 231
Finished routing net _877_
Nets remaining: 230
Finished routing net _878_
Nets remaining: 229
Finished routing net _879_
Nets remaining: 228
Finished routing net _880_
Nets remaining: 227
Failed to route net _881_
Finished routing net _882_
Nets remaining: 226
Failed to route net _883_
Finished routing net _884_
Nets remaining: 225
Finished routing net _885_
Nets remaining: 224
Finished routing net RESX
Nets remaining: 223
Finished routing net SPI_cs
Nets remaining: 222
Finished routing net SPI_dcx
Nets remaining: 221
Finished routing net SPI_out
Nets remaining: 220
Finished routing net SPI_sclk
Nets remaining: 219
Finished routing net ext_fifo_read_en
Nets remaining: 218
Finished routing net _93_
Nets remaining: 217
Finished routing net _95_
Nets remaining: 216
Finished routing net _98_
Nets remaining: 215
Failed to route net _100_
Finished routing net _102_
Nets remaining: 214
Finished routing net _103_
Nets remaining: 213
Failed to route net _104_
Finished routing net _105_
Nets remaining: 212
Finished routing net _106_
Nets remaining: 211
Finished routing net _108_
Nets remaining: 210
Finished routing net _109_
Nets remaining: 209
Failed to route net _17_
Finished routing net _18_
Nets remaining: 208
Finished routing net _23_
Nets remaining: 207
Finished routing net _24_
Nets remaining: 206
Failed to route net _25_
Finished routing net _26_
Nets remaining: 205
Finished routing net _27_
Nets remaining: 204
Finished routing net _29_
Nets remaining: 203
Finished routing net _30_
Nets remaining: 202
Finished routing net _31_
Nets remaining: 201
Finished routing net _32_
Nets remaining: 200
Finished routing net _33_
Nets remaining: 199
Finished routing net _34_
Nets remaining: 198
Finished routing net _35_
Nets remaining: 197
Finished routing net _36_
Nets remaining: 196
Failed to route net _37_
Finished routing net _38_
Nets remaining: 195
Failed to route net _39_
Finished routing net _40_
Nets remaining: 194
Finished routing net _41_
Nets remaining: 193
Finished routing net _42_
Nets remaining: 192
Finished routing net _43_
Nets remaining: 191
Finished routing net _44_
Nets remaining: 190
Failed to route net _45_
Failed to route net _46_
Finished routing net _47_
Nets remaining: 189
Finished routing net _48_
Nets remaining: 188
Finished routing net _49_
Nets remaining: 187
Finished routing net _50_
Nets remaining: 186
Finished routing net _51_
Nets remaining: 185
Failed to route net _52_
Finished routing net _53_
Nets remaining: 184
Finished routing net _54_
Nets remaining: 183
Finished routing net _55_
Nets remaining: 182
Finished routing net _56_
Nets remaining: 181
Finished routing net _57_
Nets remaining: 180
Finished routing net _58_
Nets remaining: 179
Finished routing net _59_
Nets remaining: 178
Finished routing net _60_
Nets remaining: 177
Failed to route net _61_
Finished routing net _62_
Nets remaining: 176
Finished routing net _63_
Nets remaining: 175
Finished routing net _64_
Nets remaining: 174
Failed to route net _65_
Finished routing net _66_
Nets remaining: 173
Finished routing net _67_
Nets remaining: 172
Finished routing net _68_
Nets remaining: 171
Finished routing net _69_
Nets remaining: 170
Failed to route net _70_
Failed to route net _72_
Failed to route net _73_
Finished routing net _75_
Nets remaining: 169

----------------------------------------------
Progress: Stage 1 total routes completed: 2410
Failed net routes: 174
----------------------------------------------
*** Running stage2 routing with options mask 10, effort 10
Nets remaining: 174
Best route of _73_ collides with net: _81_ 
Ripping up blocking net _81_
Nets remaining: 174
Best route of _72_ collides with net: system_clk 
Ripping up blocking net system_clk
Nets remaining: 174
Nets remaining: 173
Best route of _65_ collides with nets: DATA_HEAD_TO_SPI[0] \SPI_MOSI.state_mosi\[3] \SPI_MOSI.state_mosi\[1] 
Ripping up blocking net DATA_HEAD_TO_SPI[0]
Ripping up blocking net \SPI_MOSI.state_mosi\[3]
Ripping up blocking net \SPI_MOSI.state_mosi\[1]
Nets remaining: 175
Nets remaining: 174
Nets remaining: 173
Nets remaining: 172
Best route of _45_ collides with net: \SPI_MOSI.data_register\[4] 
Ripping up blocking net \SPI_MOSI.data_register\[4]
Nets remaining: 172
Best route of _39_ collides with net: _99_ 
Ripping up blocking net _99_
Nets remaining: 172
Nets remaining: 171
Best route of _25_ collides with net: \SPI_MOSI.state_mosi\[2] 
Ripping up blocking net \SPI_MOSI.state_mosi\[2]
Nets remaining: 171
Best route of _17_ collides with net: MOSI_DONE 
Ripping up blocking net MOSI_DONE
Nets remaining: 171
Best route of _104_ collides with net: _103_ 
Ripping up blocking net _103_
Nets remaining: 171
Nets remaining: 170
Nets remaining: 169
Nets remaining: 168
Best route of _859_ collides with net: system_clk_bF$buf3 
Ripping up blocking net system_clk_bF$buf3
Nets remaining: 168
Best route of _842_ collides with net: system_clk_bF$buf0 
Ripping up blocking net system_clk_bF$buf0
Nets remaining: 168
Best route of _840_ collides with nets: \u_auto_data_inst.done_count\[2] _783_ 
Ripping up blocking net \u_auto_data_inst.done_count\[2]
Ripping up blocking net _783_
Nets remaining: 169
Best route of _609_[3] collides with net: \u_auto_data_inst.AUTO_state\[3] 
Ripping up blocking net \u_auto_data_inst.AUTO_state\[3]
Nets remaining: 169
Best route of _831_ collides with net: _830_ 
Ripping up blocking net _830_
Nets remaining: 169
Best route of _825_ collides with net: _631_ 
Ripping up blocking net _631_
Nets remaining: 169
Best route of _810_ collides with net: _793__bF$buf2 
Ripping up blocking net _793__bF$buf2
Nets remaining: 169
Nets remaining: 168
Best route of _806_ collides with net: _646__bF$buf2 
Ripping up blocking net _646__bF$buf2
Nets remaining: 168
Best route of _614_[0] collides with nets: system_clk_bF$buf9 _793__bF$buf1 
Ripping up blocking net system_clk_bF$buf9
Ripping up blocking net _793__bF$buf1
Nets remaining: 169
Best route of _785_ collides with net: _784_ 
Ripping up blocking net _784_
Nets remaining: 169
Nets remaining: 168
Best route of _744_ collides with nets: _644_ _696_ 
Ripping up blocking net _644_
Ripping up blocking net _696_
Nets remaining: 169
Nets remaining: 168
Best route of _704_ collides with nets: _757_ _703_ 
Ripping up blocking net _757_
Ripping up blocking net _703_
Nets remaining: 169
Nets remaining: 168
Best route of _611_[5] collides with net: \u_auto_data_inst.line_counter\[5] 
Ripping up blocking net \u_auto_data_inst.line_counter\[5]
Nets remaining: 168
Best route of _680_ collides with net: _674_ 
Ripping up blocking net _674_
Nets remaining: 168
Nets remaining: 167
Nets remaining: 166
Best route of _668_ collides with net: _646__bF$buf1 
Ripping up blocking net _646__bF$buf1
Nets remaining: 166
Best route of _611_[3] collides with nets: _667_ _638_ 
Ripping up blocking net _667_
Ripping up blocking net _638_
Nets remaining: 167
Best route of _663_ collides with net: _807_ 
Ripping up blocking net _807_
Nets remaining: 167
Best route of _647_ collides with net: \u_auto_data_inst.pixel_counter\ 
Ripping up blocking net \u_auto_data_inst.pixel_counter\
Nets remaining: 167
Nets remaining: 166
Nets remaining: 165
Best route of _604_ collides with nets: \u_SPI_HEAD_MOSI_REF.sclk_gen_O.clk_counter\[4] _546_ 
Ripping up blocking net \u_SPI_HEAD_MOSI_REF.sclk_gen_O.clk_counter\[4]
Ripping up blocking net _546_
Nets remaining: 166
Nets remaining: 165
Best route of _584_ collides with net: _601_ 
Ripping up blocking net _601_
Nets remaining: 165
Nets remaining: 164
Best route of _532_ collides with net: \u_SPI_HEAD_MOSI_REF.enable_gen_O.enable_mosi\ 
Ripping up blocking net \u_SPI_HEAD_MOSI_REF.enable_gen_O.enable_mosi\
Nets remaining: 164
Best route of _111_[2] collides with net: reset_bF$buf3 
Ripping up blocking net reset_bF$buf3
Nets remaining: 164
Best route of _515_ collides with net: _266_ 
Ripping up blocking net _266_
Nets remaining: 164
Best route of _492_ collides with nets: _173__bF$buf1 \u_SPI_HEAD_MOSI_REF.reset_hw_and_sleep_out_counter\[19] _262__bF$buf3 
Ripping up blocking net _173__bF$buf1
Ripping up blocking net \u_SPI_HEAD_MOSI_REF.reset_hw_and_sleep_out_counter\[19]
Ripping up blocking net _262__bF$buf3
Nets remaining: 166
Nets remaining: 165
Nets remaining: 164
Nets remaining: 163
Best route of _480_ collides with net: _163__bF$buf3 
Ripping up blocking net _163__bF$buf3
Nets remaining: 163
Best route of _479_ collides with net: _476_ 
Ripping up blocking net _476_
Nets remaining: 163
Best route of _470_ collides with net: _263__bF$buf1 
Ripping up blocking net _263__bF$buf1
Nets remaining: 163
Best route of _460_ collides with net: _461_ 
Ripping up blocking net _461_
Nets remaining: 163
Best route of _443_ collides with nets: _434_ \u_SPI_HEAD_MOSI_REF.reset_done\ 
Ripping up blocking net _434_
Ripping up blocking net \u_SPI_HEAD_MOSI_REF.reset_done\
Nets remaining: 164
Best route of _441_ collides with nets: _256_ system_clk_bF$buf5 
Ripping up blocking net _256_
Ripping up blocking net system_clk_bF$buf5
Nets remaining: 165
Nets remaining: 164
Nets remaining: 163
Best route of _433_ collides with net: _263__bF$buf2 
Ripping up blocking net _263__bF$buf2
Nets remaining: 163
Best route of _431_ collides with net: _163__bF$buf1 
Ripping up blocking net _163__bF$buf1
Nets remaining: 163
Best route of _426_ collides with net: _646_ 
Ripping up blocking net _646_
Nets remaining: 163
Best route of _420_ collides with net: _419_ 
Ripping up blocking net _419_
Nets remaining: 163
Nets remaining: 162
Best route of _410_ collides with net: _1_ 
Ripping up blocking net _1_
Nets remaining: 162
Best route of _405_ collides with net: _199__bF$buf2 
Ripping up blocking net _199__bF$buf2
Nets remaining: 162
Nets remaining: 161
Nets remaining: 160
Nets remaining: 159
Best route of _371_ collides with net: _217_ 
Ripping up blocking net _217_
Nets remaining: 159
Best route of _117_[8] collides with net: _350_ 
Ripping up blocking net _350_
Nets remaining: 159
Nets remaining: 158
Nets remaining: 157
Nets remaining: 156
Nets remaining: 155
Best route of _331_ collides with net: system_clk_bF$buf4 
Ripping up blocking net system_clk_bF$buf4
Nets remaining: 155
Nets remaining: 154
Nets remaining: 153
Best route of _318_ collides with net: _302_ 
Ripping up blocking net _302_
Nets remaining: 153
Best route of _315_ collides with net: _163_ 
Ripping up blocking net _163_
Nets remaining: 153
Best route of _117_[4] collides with nets: _267_ \u_SPI_HEAD_MOSI_REF.reset_hw_and_sleep_out_counter\[3] 
Ripping up blocking net _267_
Ripping up blocking net \u_SPI_HEAD_MOSI_REF.reset_hw_and_sleep_out_counter\[3]
Nets remaining: 154
Nets remaining: 153
Best route of _276_ collides with nets: _269_ system_clk_bF$buf1 
Ripping up blocking net _269_
Ripping up blocking net system_clk_bF$buf1
Nets remaining: 154
Nets remaining: 153
Best route of _273_ collides with net: _198_ 
Ripping up blocking net _198_
Nets remaining: 153
Nets remaining: 152
Nets remaining: 151
Best route of _253_ collides with net: reset_bF$buf6 
Ripping up blocking net reset_bF$buf6
Nets remaining: 151
Nets remaining: 150
Nets remaining: 149
Best route of _221_ collides with nets: _145_ _171_ 
Ripping up blocking net _145_
Ripping up blocking net _171_
Nets remaining: 150
Best route of _218_ collides with net: _210_ 
Ripping up blocking net _210_
Nets remaining: 150
Nets remaining: 149
Nets remaining: 148
Best route of _207_ collides with net: \u_SPI_HEAD_MOSI_REF.HW_RESET_HOLD_counter\[6] 
Ripping up blocking net \u_SPI_HEAD_MOSI_REF.HW_RESET_HOLD_counter\[6]
Nets remaining: 148
Best route of _182_ collides with net: _197__bF$buf0 
Ripping up blocking net _197__bF$buf0
Nets remaining: 148
Nets remaining: 147
Nets remaining: 146
Best route of DATA_HEAD_TO_SPI[3] collides with net: _144_ 
Ripping up blocking net _144_
Nets remaining: 146
Nets remaining: 145
Best route of INST_HEAD_TO_SPI[5] collides with net: _137_ 
Ripping up blocking net _137_
Nets remaining: 145
Best route of INST_HEAD_TO_SPI[4] collides with net: _48_ 
Ripping up blocking net _48_
Nets remaining: 145
Best route of _125_ collides with nets: _129_ \u_SPI_HEAD_MOSI_REF.INST_state\[1] 
Ripping up blocking net _129_
Ripping up blocking net \u_SPI_HEAD_MOSI_REF.INST_state\[1]
Nets remaining: 146
Best route of \SPI_MOSI.valid_pulse\ collides with net: _89_ 
Ripping up blocking net _89_
Nets remaining: 146
Nets remaining: 145
Nets remaining: 144
Nets remaining: 143
Best route of _6_[3] collides with net: _6_[2] 
Ripping up blocking net _6_[2]
Nets remaining: 143
Best route of _9_ collides with net: system_clk_bF$buf2 
Ripping up blocking net system_clk_bF$buf2
Nets remaining: 143
Nets remaining: 142
Nets remaining: 141
Nets remaining: 140
Nets remaining: 139
Nets remaining: 138
Best route of _760_ collides with net: INITIAL_EN_HEAD_TO_AUTO 
Ripping up blocking net INITIAL_EN_HEAD_TO_AUTO
Nets remaining: 138
Best route of _726_ collides with net: _716_ 
Ripping up blocking net _716_
Nets remaining: 138
Nets remaining: 137
Best route of _641_ collides with net: _640_ 
Ripping up blocking net _640_
Nets remaining: 137
Best route of _576_ collides with net: _413_ 
Ripping up blocking net _413_
Nets remaining: 137
Nets remaining: 136
Nets remaining: 135
Best route of _520_ collides with net: system_clk_bF$buf8 
Ripping up blocking net system_clk_bF$buf8
Nets remaining: 135
Best route of _496_ collides with net: _146_ 
Ripping up blocking net _146_
Nets remaining: 135
Nets remaining: 134
Nets remaining: 133
Best route of _484_ collides with net: \u_SPI_HEAD_MOSI_REF.reset_hw_and_sleep_out_counter\[18] 
Ripping up blocking net \u_SPI_HEAD_MOSI_REF.reset_hw_and_sleep_out_counter\[18]
Nets remaining: 133
Best route of _473_ collides with net: _197__bF$buf3 
Ripping up blocking net _197__bF$buf3
Nets remaining: 133
Nets remaining: 132
Nets remaining: 131
Nets remaining: 130
Best route of _437_ collides with net: _262_ 
Ripping up blocking net _262_
Nets remaining: 130
Best route of _319_ collides with net: \u_SPI_HEAD_MOSI_REF.reset_hw_and_sleep_out_counter\[6] 
Ripping up blocking net \u_SPI_HEAD_MOSI_REF.reset_hw_and_sleep_out_counter\[6]
Nets remaining: 130
Nets remaining: 129
Best route of _213_ collides with net: _173__bF$buf0 
Ripping up blocking net _173__bF$buf0
Nets remaining: 129
Nets remaining: 128
Nets remaining: 127
Nets remaining: 126
Nets remaining: 125
Best route of \SPI_MOSI.sclk_counter\[3] collides with net: _94_ 
Ripping up blocking net _94_
Nets remaining: 125
Nets remaining: 124
Best route of _824_ collides with net: _643_ 
Ripping up blocking net _643_
Nets remaining: 124
Nets remaining: 123
Nets remaining: 122
Best route of \u_auto_data_inst.x_start_end_15_8\[3] collides with net: reset_bF$buf5 
Ripping up blocking net reset_bF$buf5
Nets remaining: 122
Best route of \u_SPI_HEAD_MOSI_REF.sclk_gen_O.clk_counter\[5] collides with net: _598_ 
Ripping up blocking net _598_
Nets remaining: 122
Nets remaining: 121
Nets remaining: 120
Nets remaining: 119
Nets remaining: 118
Best route of _233_ collides with net: system_clk_bF$buf7 
Ripping up blocking net system_clk_bF$buf7
Nets remaining: 118
Best route of _201_ collides with net: _126_ 
Ripping up blocking net _126_
Nets remaining: 118
Nets remaining: 117
Nets remaining: 116
Nets remaining: 115
Nets remaining: 114
Nets remaining: 113
Nets remaining: 112
Nets remaining: 111
Nets remaining: 110
Nets remaining: 109
Best route of _262_ collides with net: _263_ 
Ripping up blocking net _263_
Nets remaining: 109
Best route of _633_ collides with nets: system_clk_bF$buf6 _622_ 
Ripping up blocking net system_clk_bF$buf6
Ripping up blocking net _622_
Nets remaining: 110
Nets remaining: 109
Nets remaining: 108
Nets remaining: 107
Nets remaining: 106
Nets remaining: 105
Nets remaining: 104
Nets remaining: 103
Best route of \u_SPI_HEAD_MOSI_REF.reset_hw_and_sleep_out_counter\[1] collides with net: _163__bF$buf2 
Ripping up blocking net _163__bF$buf2
Nets remaining: 103
Best route of \u_SPI_HEAD_MOSI_REF.reset_hw_and_sleep_out_counter\[6] collides with net: _195_ 
Ripping up blocking net _195_
Nets remaining: 103
Best route of _197__bF$buf3 collides with nets: _199__bF$buf1 reset_bF$buf4 
Ripping up blocking net _199__bF$buf1
Ripping up blocking net reset_bF$buf4
Nets remaining: 104
Best route of _81_ collides with net: DATA_HEAD_TO_SPI[3] 
Ripping up blocking net DATA_HEAD_TO_SPI[3]
Nets remaining: 104
Nets remaining: 103
Nets remaining: 102
Nets remaining: 101
Nets remaining: 100
Nets remaining: 99
Nets remaining: 98
Nets remaining: 97
Nets remaining: 96
Nets remaining: 95
Nets remaining: 94
Nets remaining: 93
Best route of \u_auto_data_inst.done_count\[2] collides with nets: _813_ _838_ 
Ripping up blocking net _813_
Ripping up blocking net _838_
Nets remaining: 94
Nets remaining: 93
Nets remaining: 92
Nets remaining: 91
Nets remaining: 90
Nets remaining: 89
Nets remaining: 88
Nets remaining: 87
Best route of _793__bF$buf1 collides with net: _544_ 
Ripping up blocking net _544_
Nets remaining: 87
Nets remaining: 86
Nets remaining: 85
Nets remaining: 84
Nets remaining: 83
Nets remaining: 82
Nets remaining: 81
Nets remaining: 80
Nets remaining: 79
Nets remaining: 78
Nets remaining: 77
Nets remaining: 76
Nets remaining: 75
Nets remaining: 74
Nets remaining: 73
Nets remaining: 72
Nets remaining: 71
Nets remaining: 70
Nets remaining: 69
Nets remaining: 68
Nets remaining: 67
Nets remaining: 66
Nets remaining: 65
Nets remaining: 64
Nets remaining: 63
Nets remaining: 62
Nets remaining: 61
Nets remaining: 60
Nets remaining: 59
Nets remaining: 58
Nets remaining: 57
Nets remaining: 56
Nets remaining: 55
Nets remaining: 54
Nets remaining: 53
Nets remaining: 52
Nets remaining: 51
Nets remaining: 50
Nets remaining: 49
Nets remaining: 48
Nets remaining: 47
Best route of _267_ collides with net: _117_[10] 
Ripping up blocking net _117_[10]
Nets remaining: 47
Nets remaining: 46
Nets remaining: 45
Nets remaining: 44
Nets remaining: 43
Nets remaining: 42
Nets remaining: 41
Nets remaining: 40
Nets remaining: 39
Nets remaining: 38
Nets remaining: 37
Nets remaining: 36
Nets remaining: 35
Nets remaining: 34
Nets remaining: 33
Nets remaining: 32
Nets remaining: 31
Nets remaining: 30
Nets remaining: 29
Nets remaining: 28
Nets remaining: 27
Nets remaining: 26
Nets remaining: 25
Nets remaining: 24
Best route of _146_ collides with nets: INST_HEAD_TO_SPI[0] _141_ 
Ripping up blocking net INST_HEAD_TO_SPI[0]
Ripping up blocking net _141_
Nets remaining: 25
Best route of \u_SPI_HEAD_MOSI_REF.reset_hw_and_sleep_out_counter\[18] collides with nets: _263__bF$buf1 _262__bF$buf3 
Ripping up blocking net _263__bF$buf1
Ripping up blocking net _262__bF$buf3
Nets remaining: 26
Nets remaining: 25
Nets remaining: 24
Nets remaining: 23
Nets remaining: 22
Nets remaining: 21
Best route of _643_ collides with nets: _674_ \u_auto_data_inst.x_start_end_15_8\[5] 
Ripping up blocking net _674_
Ripping up blocking net \u_auto_data_inst.x_start_end_15_8\[5]
Nets remaining: 22
Nets remaining: 21
Best route of _598_ collides with nets: _607_ _546_ 
Ripping up blocking net _607_
Ripping up blocking net _546_
Nets remaining: 22
Nets remaining: 21
Nets remaining: 20
Best route of _263_ collides with nets: \u_SPI_HEAD_MOSI_REF.reset_done\ _442_ _267_ 
Ripping up blocking net \u_SPI_HEAD_MOSI_REF.reset_done\
Ripping up blocking net _442_
Ripping up blocking net _267_
Nets remaining: 22
Nets remaining: 21
Nets remaining: 20
Nets remaining: 19
Nets remaining: 18
Nets remaining: 17
Nets remaining: 16
Best route of DATA_HEAD_TO_SPI[3] collides with net: _144_ 
Ripping up blocking net _144_
Nets remaining: 17
Nets remaining: 16
Nets remaining: 15
Nets remaining: 14
Nets remaining: 13
Nets remaining: 12
Nets remaining: 11
Nets remaining: 10
Nets remaining: 9
Nets remaining: 8
Nets remaining: 7
Nets remaining: 6
Best route of _607_ collides with net: _601_ 
Ripping up blocking net _601_
Nets remaining: 6
Nets remaining: 5
Nets remaining: 4
Nets remaining: 3
Best route of _267_ collides with nets: \u_SPI_HEAD_MOSI_REF.reset_done\ _263_ 
Ripping up blocking net \u_SPI_HEAD_MOSI_REF.reset_done\
Ripping up blocking net _263_
Nets remaining: 4
Nets remaining: 3
Nets remaining: 2
Nets remaining: 1

----------------------------------------------
Progress: Stage 2 total routes completed: 3831
No failed routes!
----------------------------------------------
*** Running stage3 routing with defaults, 1st round
Finished routing net gnd
Nets remaining: 1183
Finished routing net \SPI_MOSI.state_mosi\[3]
Nets remaining: 1182
Finished routing net INITIAL_EN_HEAD_TO_AUTO
Nets remaining: 1181
Finished routing net _267_
Nets remaining: 1180
Finished routing net _256_
Nets remaining: 1179
Finished routing net system_clk_bF$buf1
Nets remaining: 1178
Finished routing net system_clk_bF$buf2
Nets remaining: 1177
Finished routing net system_clk_bF$buf3
Nets remaining: 1176
Finished routing net system_clk_bF$buf4
Nets remaining: 1175
Finished routing net system_clk_bF$buf5
Nets remaining: 1174
Finished routing net system_clk_bF$buf6
Nets remaining: 1173
Finished routing net system_clk_bF$buf7
Nets remaining: 1172
Finished routing net system_clk_bF$buf8
Nets remaining: 1171
Finished routing net system_clk_bF$buf9
Nets remaining: 1170
Finished routing net \SPI_MOSI.state_mosi\[2]
Nets remaining: 1169
Finished routing net _1_
Nets remaining: 1168
Finished routing net _169_
Nets remaining: 1167
Finished routing net system_clk
Nets remaining: 1166
Finished routing net system_clk_bF$buf0
Nets remaining: 1165
Finished routing net _86_
Nets remaining: 1164
Finished routing net \u_SPI_HEAD_MOSI_REF.INST_state\[1]
Nets remaining: 1163
Finished routing net \SPI_MOSI.state_mosi\[1]
Nets remaining: 1162
Finished routing net \u_SPI_HEAD_MOSI_REF.INST_state\[2]
Nets remaining: 1161
Finished routing net \u_SPI_HEAD_MOSI_REF.reset_hw_and_sleep_out_counter\[0]
Nets remaining: 1160
Finished routing net _632_
Nets remaining: 1159
Finished routing net _638_
Nets remaining: 1158
Finished routing net _81_
Nets remaining: 1157
Finished routing net reset_bF$buf3
Nets remaining: 1156
Finished routing net reset_bF$buf4
Nets remaining: 1155
Finished routing net reset_bF$buf5
Nets remaining: 1154
Finished routing net reset_bF$buf6
Nets remaining: 1153
Finished routing net _195_
Nets remaining: 1152
Finished routing net _198_
Nets remaining: 1151
Finished routing net _5_
Nets remaining: 1150
Finished routing net _644_
Nets remaining: 1149
Finished routing net _838_
Nets remaining: 1148
Finished routing net _841_
Nets remaining: 1147
Finished routing net _861_
Nets remaining: 1146
Finished routing net reset
Nets remaining: 1145
Finished routing net reset_bF$buf0
Nets remaining: 1144
Finished routing net reset_bF$buf1
Nets remaining: 1143
Finished routing net reset_bF$buf2
Nets remaining: 1142
Finished routing net _197__bF$buf1
Nets remaining: 1141
Finished routing net _197__bF$buf2
Nets remaining: 1140
Finished routing net _197__bF$buf3
Nets remaining: 1139
Finished routing net _197__bF$buf4
Nets remaining: 1138
Finished routing net \u_SPI_HEAD_MOSI_REF.done_counter\[2]
Nets remaining: 1137
Finished routing net _133_
Nets remaining: 1136
Finished routing net _171_
Nets remaining: 1135
Finished routing net _174_
Nets remaining: 1134
Finished routing net \u_SPI_HEAD_MOSI_REF.reset_hw_and_sleep_out_counter\[6]
Nets remaining: 1133
Finished routing net \u_SPI_HEAD_MOSI_REF.reset_hw_and_sleep_out_counter\[2]
Nets remaining: 1132
Finished routing net \u_SPI_HEAD_MOSI_REF.reset_hw_and_sleep_out_counter\[1]
Nets remaining: 1131
Finished routing net \u_SPI_HEAD_MOSI_REF.reset_hw_and_sleep_out_counter\[19]
Nets remaining: 1130
Finished routing net \u_SPI_HEAD_MOSI_REF.reset_hw_and_sleep_out_counter\[10]
Nets remaining: 1129
Finished routing net \u_SPI_HEAD_MOSI_REF.reset_done\
Nets remaining: 1128
Finished routing net _217_
Nets remaining: 1127
Finished routing net MOSI_ENABLE_HEAD_TO_SPI
Nets remaining: 1126
Finished routing net _598_
Nets remaining: 1125
Finished routing net _643_
Nets remaining: 1124
Finished routing net \u_auto_data_inst.done_count\[2]
Nets remaining: 1123
Finished routing net _844_
Nets remaining: 1122
Finished routing net _163__bF$buf1
Nets remaining: 1121
Finished routing net _163__bF$buf2
Nets remaining: 1120
Finished routing net _163__bF$buf3
Nets remaining: 1119
Finished routing net _197__bF$buf0
Nets remaining: 1118
Finished routing net MOSI_DONE
Nets remaining: 1117
Finished routing net _132_
Nets remaining: 1116
Finished routing net _145_
Nets remaining: 1115
Finished routing net _162_
Nets remaining: 1114
Finished routing net \u_SPI_HEAD_MOSI_REF.reset_hw_and_sleep_out_counter\[14]
Nets remaining: 1113
Finished routing net \u_SPI_HEAD_MOSI_REF.reset_hw_and_sleep_out_counter\[12]
Nets remaining: 1112
Finished routing net \u_SPI_HEAD_MOSI_REF.reset_hw_and_sleep_out_counter\[13]
Nets remaining: 1111
Finished routing net \u_SPI_HEAD_MOSI_REF.reset_hw_and_sleep_out_counter\[5]
Nets remaining: 1110
Finished routing net \u_SPI_HEAD_MOSI_REF.reset_hw_and_sleep_out_counter\[4]
Nets remaining: 1109
Finished routing net \u_SPI_HEAD_MOSI_REF.reset_hw_and_sleep_out_counter\[18]
Nets remaining: 1108
Finished routing net _545_
Nets remaining: 1107
Finished routing net \u_auto_data_inst.line_counter\[0]
Nets remaining: 1106
Finished routing net _696_
Nets remaining: 1105
Finished routing net \u_auto_data_inst.x_start_end_15_8\[2]
Nets remaining: 1104
Finished routing net \u_auto_data_inst.x_start_end_15_8\[10]
Nets remaining: 1103
Finished routing net _19_
Nets remaining: 1102
Finished routing net _163__bF$buf0
Nets remaining: 1101
Finished routing net _263__bF$buf2
Nets remaining: 1100
Finished routing net _263__bF$buf3
Nets remaining: 1099
Finished routing net \u_SPI_HEAD_MOSI_REF.sleep_out_done_bF$buf2\
Nets remaining: 1098
Finished routing net \u_SPI_HEAD_MOSI_REF.sleep_out_done_bF$buf3\
Nets remaining: 1097
Finished routing net _199__bF$buf3
Nets remaining: 1096
Finished routing net _646_
Nets remaining: 1095
Finished routing net _646__bF$buf0
Nets remaining: 1094
Finished routing net _646__bF$buf1
Nets remaining: 1093
Finished routing net _646__bF$buf2
Nets remaining: 1092
Finished routing net _646__bF$buf3
Nets remaining: 1091
Finished routing net _646__bF$buf4
Nets remaining: 1090
Finished routing net _173__bF$buf0
Nets remaining: 1089
Finished routing net _173__bF$buf1
Nets remaining: 1088
Finished routing net _173__bF$buf2
Nets remaining: 1087
Finished routing net _173__bF$buf3
Nets remaining: 1086
Finished routing net _793__bF$buf2
Nets remaining: 1085
Finished routing net _793__bF$buf3
Nets remaining: 1084
Finished routing net _197_
Nets remaining: 1083
Finished routing net _262__bF$buf3
Nets remaining: 1082
Finished routing net _94_
Nets remaining: 1081
Finished routing net _119_
Nets remaining: 1080
Finished routing net _120_
Nets remaining: 1079
Finished routing net _121_
Nets remaining: 1078
Finished routing net \u_SPI_HEAD_MOSI_REF.done_counter\[1]
Nets remaining: 1077
Finished routing net _175_
Nets remaining: 1076
Finished routing net \u_SPI_HEAD_MOSI_REF.reset_hw_and_sleep_out_counter\[11]
Nets remaining: 1075
Finished routing net _178_
Nets remaining: 1074
Finished routing net \u_SPI_HEAD_MOSI_REF.reset_hw_and_sleep_out_counter\[9]
Nets remaining: 1073
Finished routing net \u_SPI_HEAD_MOSI_REF.reset_hw_and_sleep_out_counter\[7]
Nets remaining: 1072
Finished routing net \u_SPI_HEAD_MOSI_REF.reset_hw_and_sleep_out_counter\[3]
Nets remaining: 1071
Finished routing net \u_SPI_HEAD_MOSI_REF.reset_hw_and_sleep_out_counter\[17]
Nets remaining: 1070
Finished routing net \u_SPI_HEAD_MOSI_REF.reset_hw_and_sleep_out_counter\[16]
Nets remaining: 1069
Finished routing net \u_SPI_HEAD_MOSI_REF.reset_hw_and_sleep_out_counter\[8]
Nets remaining: 1068
Finished routing net _211_
Nets remaining: 1067
Finished routing net _212_
Nets remaining: 1066
Finished routing net _269_
Nets remaining: 1065
Finished routing net _333_
Nets remaining: 1064
Finished routing net _335_
Nets remaining: 1063
Finished routing net _434_
Nets remaining: 1062
Finished routing net _448_
Nets remaining: 1061
Finished routing net vdd
Nets remaining: 1060
Finished routing net _546_
Nets remaining: 1059
Finished routing net \u_SPI_HEAD_MOSI_REF.sclk_gen_O.clk_counter\[0]
Nets remaining: 1058
Finished routing net \u_SPI_HEAD_MOSI_REF.sclk_gen_O.clk_counter\[1]
Nets remaining: 1057
Finished routing net \u_auto_data_inst.AUTO_state\[2]
Nets remaining: 1056
Finished routing net _620_
Nets remaining: 1055
Finished routing net _622_
Nets remaining: 1054
Finished routing net _623_
Nets remaining: 1053
Finished routing net _629_
Nets remaining: 1052
Finished routing net _633_
Nets remaining: 1051
Finished routing net _640_
Nets remaining: 1050
Finished routing net _650_
Nets remaining: 1049
Finished routing net \u_auto_data_inst.line_counter\[1]
Nets remaining: 1048
Finished routing net \u_auto_data_inst.line_counter\[5]
Nets remaining: 1047
Finished routing net \u_auto_data_inst.line_counter\[7]
Nets remaining: 1046
Finished routing net \u_auto_data_inst.x_start_end_15_8\[0]
Nets remaining: 1045
Finished routing net \u_auto_data_inst.x_start_end_15_8\[5]
Nets remaining: 1044
Finished routing net \u_auto_data_inst.x_start_end_15_8\[4]
Nets remaining: 1043
Finished routing net \u_auto_data_inst.x_start_end_15_8\[1]
Nets remaining: 1042
Finished routing net \u_auto_data_inst.x_start_end_15_8\[12]
Nets remaining: 1041
Finished routing net _748_
Nets remaining: 1040
Finished routing net \u_auto_data_inst.done_count\[1]
Nets remaining: 1039
Finished routing net _163_
Nets remaining: 1038
Finished routing net _263_
Nets remaining: 1037
Finished routing net _263__bF$buf0
Nets remaining: 1036
Finished routing net _263__bF$buf1
Nets remaining: 1035
Finished routing net \u_SPI_HEAD_MOSI_REF.sleep_out_done\
Nets remaining: 1034
Finished routing net \u_SPI_HEAD_MOSI_REF.sleep_out_done_bF$buf0\
Nets remaining: 1033
Finished routing net \u_SPI_HEAD_MOSI_REF.sleep_out_done_bF$buf1\
Nets remaining: 1032
Finished routing net _199_
Nets remaining: 1031
Finished routing net _199__bF$buf0
Nets remaining: 1030
Finished routing net _199__bF$buf1
Nets remaining: 1029
Finished routing net _199__bF$buf2
Nets remaining: 1028
Finished routing net _173_
Nets remaining: 1027
Finished routing net _793_
Nets remaining: 1026
Finished routing net _793__bF$buf0
Nets remaining: 1025
Finished routing net _793__bF$buf1
Nets remaining: 1024
Finished routing net _262_
Nets remaining: 1023
Finished routing net _262__bF$buf0
Nets remaining: 1022
Finished routing net _262__bF$buf1
Nets remaining: 1021
Finished routing net _262__bF$buf2
Nets remaining: 1020
Finished routing net _87_
Nets remaining: 1019
Finished routing net \SPI_MOSI.sclk_counter\[0]
Nets remaining: 1018
Finished routing net \u_SPI_HEAD_MOSI_REF.INST_state\[0]
Nets remaining: 1017
Finished routing net _126_
Nets remaining: 1016
Finished routing net _127_
Nets remaining: 1015
Finished routing net _129_
Nets remaining: 1014
Finished routing net \u_SPI_HEAD_MOSI_REF.done_counter\[0]
Nets remaining: 1013
Finished routing net _146_
Nets remaining: 1012
Finished routing net \u_SPI_HEAD_MOSI_REF.done_counter\[3]
Nets remaining: 1011
Finished routing net _164_
Nets remaining: 1010
Finished routing net \u_SPI_HEAD_MOSI_REF.reset_hw_and_sleep_out_counter\[15]
Nets remaining: 1009
Finished routing net _185_
Nets remaining: 1008
Finished routing net _188_
Nets remaining: 1007
Finished routing net _189_
Nets remaining: 1006
Finished routing net _279_
Nets remaining: 1005
Finished routing net _321_
Nets remaining: 1004
Finished routing net _372_
Nets remaining: 1003
Finished routing net _387_
Nets remaining: 1002
Finished routing net _397_
Nets remaining: 1001
Finished routing net _411_
Nets remaining: 1000
Finished routing net _439_
Nets remaining: 999
Finished routing net _461_
Nets remaining: 998
Finished routing net \u_SPI_HEAD_MOSI_REF.enable_gen_O.sclk\
Nets remaining: 997
Finished routing net _601_
Nets remaining: 996
Finished routing net \u_auto_data_inst.AUTO_state\[1]
Nets remaining: 995
Finished routing net \u_auto_data_inst.AUTO_state\[0]
Nets remaining: 994
Finished routing net _626_
Nets remaining: 993
Finished routing net _627_
Nets remaining: 992
Finished routing net _628_
Nets remaining: 991
Finished routing net \u_auto_data_inst.line_counter\[4]
Nets remaining: 990
Finished routing net \u_auto_data_inst.line_counter\[6]
Nets remaining: 989
Finished routing net \u_auto_data_inst.x_start_end_15_8\[6]
Nets remaining: 988
Finished routing net _699_
Nets remaining: 987
Finished routing net \u_auto_data_inst.x_start_end_15_8\[9]
Nets remaining: 986
Finished routing net \u_auto_data_inst.x_start_end_15_8\[11]
Nets remaining: 985
Finished routing net \u_auto_data_inst.x_start_end_15_8\[14]
Nets remaining: 984
Finished routing net \u_auto_data_inst.x_start_end_15_8\[13]
Nets remaining: 983
Finished routing net _714_
Nets remaining: 982
Finished routing net _721_
Nets remaining: 981
Finished routing net _727_
Nets remaining: 980
Finished routing net _739_
Nets remaining: 979
Finished routing net \u_auto_data_inst.done_count\[0]
Nets remaining: 978
Finished routing net _777_
Nets remaining: 977
Finished routing net _809_
Nets remaining: 976
Finished routing net _813_
Nets remaining: 975
Finished routing net _814_
Nets remaining: 974
Finished routing net _22_
Nets remaining: 973
Finished routing net _28_
Nets remaining: 972
Finished routing net \SPI_MOSI.data_register\[7]
Nets remaining: 971
Finished routing net \SPI_MOSI.state_mosi\[0]
Nets remaining: 970
Finished routing net \SPI_MOSI.tx_stage\
Nets remaining: 969
Finished routing net \SPI_MOSI.data_register\[1]
Nets remaining: 968
Finished routing net \SPI_MOSI.data_register\[5]
Nets remaining: 967
Finished routing net \SPI_MOSI.data_register\[6]
Nets remaining: 966
Finished routing net \SPI_MOSI.sclk_counter\[1]
Nets remaining: 965
Finished routing net _124_
Nets remaining: 964
Finished routing net _130_
Nets remaining: 963
Finished routing net _131_
Nets remaining: 962
Finished routing net _134_
Nets remaining: 961
Finished routing net _139_
Nets remaining: 960
Finished routing net _143_
Nets remaining: 959
Finished routing net INST_OUT_AUTO_TO_HEAD[2]
Nets remaining: 958
Finished routing net _151_
Nets remaining: 957
Finished routing net \SPI_MOSI.tx_load\
Nets remaining: 956
Finished routing net _161_
Nets remaining: 955
Finished routing net \u_SPI_HEAD_MOSI_REF.Tcss_done\
Nets remaining: 954
Finished routing net _183_
Nets remaining: 953
Finished routing net _201_
Nets remaining: 952
Finished routing net \u_SPI_HEAD_MOSI_REF.HW_RESET_HOLD_counter\[1]
Nets remaining: 951
Finished routing net \u_SPI_HEAD_MOSI_REF.HW_RESET_HOLD_counter\[3]
Nets remaining: 950
Finished routing net \u_SPI_HEAD_MOSI_REF.HW_RESET_HOLD_counter\[6]
Nets remaining: 949
Finished routing net \u_SPI_HEAD_MOSI_REF.HW_RESET_HOLD_counter\[5]
Nets remaining: 948
Finished routing net \u_SPI_HEAD_MOSI_REF.HW_RESET_HOLD_counter\[4]
Nets remaining: 947
Finished routing net _210_
Nets remaining: 946
Finished routing net _219_
Nets remaining: 945
Finished routing net _232_
Nets remaining: 944
Finished routing net _233_
Nets remaining: 943
Finished routing net _237_
Nets remaining: 942
Finished routing net _239_
Nets remaining: 941
Finished routing net _243_
Nets remaining: 940
Finished routing net _246_
Nets remaining: 939
Finished routing net _249_
Nets remaining: 938
Finished routing net _257_
Nets remaining: 937
Finished routing net _266_
Nets remaining: 936
Finished routing net _280_
Nets remaining: 935
Finished routing net _296_
Nets remaining: 934
Finished routing net _303_
Nets remaining: 933
Finished routing net _309_
Nets remaining: 932
Finished routing net _310_
Nets remaining: 931
Finished routing net _323_
Nets remaining: 930
Finished routing net _347_
Nets remaining: 929
Finished routing net _375_
Nets remaining: 928
Finished routing net _388_
Nets remaining: 927
Finished routing net _401_
Nets remaining: 926
Finished routing net _412_
Nets remaining: 925
Finished routing net _425_
Nets remaining: 924
Finished routing net _440_
Nets remaining: 923
Finished routing net \u_SPI_HEAD_MOSI_REF.sclk_gen_O.clk_counter\[4]
Nets remaining: 922
Finished routing net \u_SPI_HEAD_MOSI_REF.sclk_gen_O.clk_counter\[3]
Nets remaining: 921
Finished routing net _562_
Nets remaining: 920
Finished routing net \u_SPI_HEAD_MOSI_REF.sclk_gen_O.clk_counter\[2]
Nets remaining: 919
Keeping route for net \u_SPI_HEAD_MOSI_REF.sclk_gen_O.clk_counter\[6]
Finished routing net _587_
Nets remaining: 917
Finished routing net _589_
Nets remaining: 916
Finished routing net \u_SPI_HEAD_MOSI_REF.sclk_gen_O.clk_counter\[5]
Nets remaining: 915
Finished routing net _597_
Nets remaining: 914
Finished routing net _606_
Nets remaining: 913
Finished routing net _615_
Nets remaining: 912
Finished routing net _616_
Nets remaining: 911
Finished routing net _617_
Nets remaining: 910
Finished routing net \u_auto_data_inst.AUTO_state\[3]
Nets remaining: 909
Finished routing net _621_
Nets remaining: 908
Finished routing net _625_
Nets remaining: 907
Finished routing net \u_auto_data_inst.pixel_counter\
Nets remaining: 906
Finished routing net _642_
Nets remaining: 905
Finished routing net _649_
Nets remaining: 904
Finished routing net _654_
Nets remaining: 903
Finished routing net \u_auto_data_inst.line_counter\[2]
Nets remaining: 902
Finished routing net \u_auto_data_inst.line_counter\[3]
Nets remaining: 901
Finished routing net _666_
Nets remaining: 900
Finished routing net _669_
Nets remaining: 899
Finished routing net _673_
Nets remaining: 898
Finished routing net _674_
Nets remaining: 897
Finished routing net _683_
Nets remaining: 896
Finished routing net _687_
Nets remaining: 895
Finished routing net \u_auto_data_inst.x_start_end_15_8\[3]
Nets remaining: 894
Finished routing net \u_auto_data_inst.x_start_end_15_8\[15]
Nets remaining: 893
Finished routing net _706_
Nets remaining: 892
Finished routing net \u_auto_data_inst.x_start_end_15_8\[8]
Nets remaining: 891
Finished routing net _709_
Nets remaining: 890
Finished routing net _712_
Nets remaining: 889
Finished routing net _719_
Nets remaining: 888
Finished routing net _720_
Nets remaining: 887
Finished routing net _733_
Nets remaining: 886
Finished routing net _746_
Nets remaining: 885
Finished routing net _751_
Nets remaining: 884
Finished routing net _754_
Nets remaining: 883
Finished routing net _759_
Nets remaining: 882
Finished routing net _765_
Nets remaining: 881
Finished routing net _774_
Nets remaining: 880
Finished routing net _776_
Nets remaining: 879
Finished routing net _778_
Nets remaining: 878
Finished routing net _788_
Nets remaining: 877
Finished routing net \u_auto_data_inst.y_register\[3]
Nets remaining: 876
Finished routing net _807_
Nets remaining: 875
Finished routing net _818_
Nets remaining: 874
Finished routing net _824_
Nets remaining: 873
Finished routing net _91_
Nets remaining: 872
Finished routing net _97_
Nets remaining: 871
Finished routing net _99_
Nets remaining: 870
Finished routing net _20_
Nets remaining: 869
Finished routing net _78_
Nets remaining: 868
Finished routing net \SPI_MOSI.sclk_counter\[3]
Nets remaining: 867
Finished routing net _107_
Nets remaining: 866
Finished routing net _92_
Nets remaining: 865
Finished routing net _90_
Nets remaining: 864
Finished routing net _2_
Nets remaining: 863
Finished routing net \SPI_MOSI.data_register\[0]
Nets remaining: 862
Finished routing net \SPI_MOSI.data_register\[2]
Nets remaining: 861
Finished routing net \SPI_MOSI.data_register\[3]
Nets remaining: 860
Finished routing net \SPI_MOSI.data_register\[4]
Nets remaining: 859
Finished routing net \SPI_MOSI.sclk_counter\[2]
Nets remaining: 858
Finished routing net _0_
Nets remaining: 857
Finished routing net INST_OUT_AUTO_TO_HEAD[0]
Nets remaining: 856
Finished routing net _135_
Nets remaining: 855
Finished routing net INST_OUT_AUTO_TO_HEAD[1]
Nets remaining: 854
Finished routing net _140_
Nets remaining: 853
Finished routing net _141_
Nets remaining: 852
Finished routing net _142_
Nets remaining: 851
Finished routing net _147_
Nets remaining: 850
Finished routing net _148_
Nets remaining: 849
Finished routing net INST_OUT_AUTO_TO_HEAD[5]
Nets remaining: 848
Finished routing net _152_
Nets remaining: 847
Finished routing net _155_
Nets remaining: 846
Finished routing net _166_
Nets remaining: 845
Keeping route for net _167_
Finished routing net _170_
Nets remaining: 843
Finished routing net _177_
Nets remaining: 842
Finished routing net _184_
Nets remaining: 841
Finished routing net _187_
Nets remaining: 840
Finished routing net _192_
Nets remaining: 839
Finished routing net _202_
Nets remaining: 838
Finished routing net \u_SPI_HEAD_MOSI_REF.HW_RESET_HOLD_counter\[0]
Nets remaining: 837
Finished routing net \u_SPI_HEAD_MOSI_REF.HW_RESET_HOLD_counter\[2]
Nets remaining: 836
Finished routing net _204_
Nets remaining: 835
Finished routing net \u_SPI_HEAD_MOSI_REF.hw_reset_done\
Nets remaining: 834
Finished routing net _213_
Nets remaining: 833
Finished routing net _225_
Nets remaining: 832
Finished routing net _226_
Nets remaining: 831
Finished routing net _227_
Nets remaining: 830
Finished routing net _230_
Nets remaining: 829
Finished routing net _235_
Nets remaining: 828
Finished routing net _289_
Nets remaining: 827
Finished routing net _291_
Nets remaining: 826
Finished routing net _294_
Nets remaining: 825
Finished routing net _295_
Nets remaining: 824
Finished routing net _301_
Nets remaining: 823
Finished routing net _302_
Nets remaining: 822
Finished routing net _311_
Nets remaining: 821
Finished routing net _319_
Nets remaining: 820
Finished routing net _320_
Nets remaining: 819
Finished routing net _336_
Nets remaining: 818
Finished routing net _337_
Nets remaining: 817
Finished routing net _346_
Nets remaining: 816
Finished routing net _349_
Nets remaining: 815
Finished routing net _350_
Nets remaining: 814
Finished routing net _361_
Nets remaining: 813
Finished routing net _363_
Nets remaining: 812
Finished routing net _373_
Nets remaining: 811
Finished routing net _399_
Nets remaining: 810
Finished routing net _400_
Nets remaining: 809
Finished routing net _413_
Nets remaining: 808
Finished routing net _414_
Nets remaining: 807
Finished routing net _437_
Nets remaining: 806
Finished routing net _449_
Nets remaining: 805
Finished routing net _450_
Nets remaining: 804
Finished routing net _459_
Nets remaining: 803
Finished routing net _462_
Nets remaining: 802
Finished routing net _471_
Nets remaining: 801
Finished routing net _472_
Nets remaining: 800
Finished routing net _473_
Nets remaining: 799
Finished routing net _474_
Nets remaining: 798
Finished routing net _484_
Nets remaining: 797
Finished routing net _485_
Nets remaining: 796
Finished routing net _486_
Nets remaining: 795
Finished routing net _496_
Nets remaining: 794
Finished routing net _497_
Nets remaining: 793
Finished routing net SPI_request
Nets remaining: 792
Finished routing net _511_
Nets remaining: 791
Finished routing net _520_
Nets remaining: 790
Finished routing net \u_SPI_HEAD_MOSI_REF.enable_gen_O.sclk_reg_miso\
Nets remaining: 789
Keeping route for net _526_
Finished routing net _530_
Nets remaining: 787
Finished routing net _542_
Nets remaining: 786
Finished routing net _543_
Nets remaining: 785
Finished routing net _544_
Nets remaining: 784
Finished routing net _547_
Nets remaining: 783
Finished routing net _549_
Nets remaining: 782
Finished routing net _551_
Nets remaining: 781
Finished routing net _555_
Nets remaining: 780
Finished routing net _556_
Nets remaining: 779
Finished routing net _557_
Nets remaining: 778
Finished routing net _558_
Nets remaining: 777
Finished routing net _559_
Nets remaining: 776
Finished routing net _568_
Nets remaining: 775
Finished routing net _570_
Nets remaining: 774
Finished routing net _575_
Nets remaining: 773
Finished routing net _576_
Nets remaining: 772
Finished routing net _577_
Nets remaining: 771
Finished routing net _583_
Nets remaining: 770
Finished routing net _590_
Nets remaining: 769
Finished routing net _592_
Nets remaining: 768
Finished routing net _538_
Nets remaining: 767
Finished routing net _624_
Nets remaining: 766
Finished routing net _631_
Nets remaining: 765
Finished routing net _634_
Nets remaining: 764
Finished routing net _635_
Nets remaining: 763
Finished routing net _636_
Nets remaining: 762
Finished routing net _641_
Nets remaining: 761
Finished routing net _651_
Nets remaining: 760
Keeping route for net _656_
Finished routing net _659_
Nets remaining: 758
Finished routing net _660_
Nets remaining: 757
Finished routing net _661_
Nets remaining: 756
Finished routing net _672_
Nets remaining: 755
Finished routing net _682_
Nets remaining: 754
Finished routing net _691_
Nets remaining: 753
Finished routing net _695_
Nets remaining: 752
Finished routing net \u_auto_data_inst.x_start_end_15_8\[7]
Nets remaining: 751
Finished routing net _700_
Nets remaining: 750
Finished routing net _701_
Nets remaining: 749
Finished routing net _705_
Nets remaining: 748
Finished routing net _716_
Nets remaining: 747
Finished routing net _723_
Nets remaining: 746
Finished routing net _725_
Nets remaining: 745
Finished routing net _726_
Nets remaining: 744
Finished routing net _730_
Nets remaining: 743
Finished routing net _736_
Nets remaining: 742
Finished routing net _738_
Nets remaining: 741
Finished routing net _742_
Nets remaining: 740
Finished routing net _747_
Nets remaining: 739
Finished routing net _758_
Nets remaining: 738
Finished routing net _760_
Nets remaining: 737
Finished routing net _762_
Nets remaining: 736
Finished routing net _768_
Nets remaining: 735
Finished routing net _770_
Nets remaining: 734
Finished routing net _775_
Nets remaining: 733
Finished routing net _782_
Nets remaining: 732
Finished routing net _783_
Nets remaining: 731
Finished routing net \u_auto_data_inst.y_register\[0]
Nets remaining: 730
Finished routing net _792_
Nets remaining: 729
Finished routing net \u_auto_data_inst.y_register\[1]
Nets remaining: 728
Finished routing net _795_
Nets remaining: 727
Finished routing net \u_auto_data_inst.y_register\[2]
Nets remaining: 726
Finished routing net \u_auto_data_inst.y_register\[4]
Nets remaining: 725
Finished routing net _801_
Nets remaining: 724
Finished routing net \u_auto_data_inst.y_register\[5]
Nets remaining: 723
Finished routing net \u_auto_data_inst.y_register\[6]
Nets remaining: 722
Finished routing net _812_
Nets remaining: 721
Finished routing net _821_
Nets remaining: 720
Finished routing net _823_
Nets remaining: 719
Finished routing net _829_
Nets remaining: 718
Finished routing net _830_
Nets remaining: 717
Finished routing net _835_
Nets remaining: 716
Finished routing net _82_
Nets remaining: 715
Finished routing net _83_
Nets remaining: 714
Finished routing net _84_
Nets remaining: 713
Finished routing net _85_
Nets remaining: 712
Finished routing net _88_
Nets remaining: 711
Finished routing net ext_fifo_valid
Nets remaining: 710
Finished routing net _89_
Nets remaining: 709
Finished routing net _96_
Nets remaining: 708
Finished routing net _101_
Nets remaining: 707
Finished routing net _21_
Nets remaining: 706
Finished routing net _71_
Nets remaining: 705
Finished routing net _74_
Nets remaining: 704
Finished routing net _76_
Nets remaining: 703
Finished routing net _77_
Nets remaining: 702
Finished routing net _10_[2]
Nets remaining: 701
Finished routing net _79_
Nets remaining: 700
Finished routing net _10_[3]
Nets remaining: 699
Finished routing net _14_
Nets remaining: 698
Finished routing net _80_
Nets remaining: 697
Finished routing net _13_
Nets remaining: 696
Finished routing net _3_
Nets remaining: 695
Finished routing net _15_
Nets remaining: 694
Finished routing net _16_
Nets remaining: 693
Finished routing net _8_
Nets remaining: 692
Finished routing net _9_
Nets remaining: 691
Finished routing net _11_
Nets remaining: 690
Finished routing net _6_[0]
Nets remaining: 689
Finished routing net _6_[1]
Nets remaining: 688
Finished routing net _6_[2]
Nets remaining: 687
Finished routing net _6_[3]
Nets remaining: 686
Finished routing net _6_[4]
Nets remaining: 685
Finished routing net _6_[5]
Nets remaining: 684
Finished routing net _6_[6]
Nets remaining: 683
Finished routing net _6_[7]
Nets remaining: 682
Finished routing net _10_[0]
Nets remaining: 681
Finished routing net _10_[1]
Nets remaining: 680
Keeping route for net _7_
Finished routing net \SPI_MOSI.data_valid_d\
Nets remaining: 678
Finished routing net _12_
Nets remaining: 677
Finished routing net \SPI_MOSI.valid_pulse\
Nets remaining: 676
Keeping route for net _122_
Finished routing net _123_
Nets remaining: 674
Finished routing net _125_
Nets remaining: 673
Finished routing net _128_
Nets remaining: 672
Finished routing net _136_
Nets remaining: 671
Finished routing net INST_HEAD_TO_SPI[0]
Nets remaining: 670
Finished routing net _137_
Nets remaining: 669
Finished routing net _138_
Nets remaining: 668
Finished routing net INST_HEAD_TO_SPI[1]
Nets remaining: 667
Finished routing net _144_
Nets remaining: 666
Finished routing net _149_
Nets remaining: 665
Finished routing net INST_HEAD_TO_SPI[2]
Nets remaining: 664
Finished routing net _150_
Nets remaining: 663
Finished routing net _153_
Nets remaining: 662
Finished routing net INST_HEAD_TO_SPI[3]
Nets remaining: 661
Finished routing net _154_
Nets remaining: 660
Finished routing net INST_HEAD_TO_SPI[4]
Nets remaining: 659
Finished routing net _156_
Nets remaining: 658
Finished routing net INST_HEAD_TO_SPI[5]
Nets remaining: 657
Finished routing net _157_
Nets remaining: 656
Finished routing net INST_HEAD_TO_SPI[6]
Nets remaining: 655
Keeping route for net INST_HEAD_TO_SPI[7]
Finished routing net TX_LOAD_AUTO_TO_HEAD
Nets remaining: 653
Finished routing net _158_
Nets remaining: 652
Finished routing net _159_
Nets remaining: 651
Finished routing net DCX_HEAD_TO_SPI
Nets remaining: 650
Finished routing net CS_AUTO
Nets remaining: 649
Finished routing net _160_
Nets remaining: 648
Finished routing net DATA_OUT_AUTO_TO_HEAD[0]
Nets remaining: 647
Finished routing net DATA_HEAD_TO_SPI[0]
Nets remaining: 646
Finished routing net DATA_OUT_AUTO_TO_HEAD[1]
Nets remaining: 645
Finished routing net DATA_HEAD_TO_SPI[1]
Nets remaining: 644
Finished routing net DATA_OUT_AUTO_TO_HEAD[2]
Nets remaining: 643
Finished routing net DATA_HEAD_TO_SPI[2]
Nets remaining: 642
Finished routing net DATA_OUT_AUTO_TO_HEAD[3]
Nets remaining: 641
Finished routing net DATA_HEAD_TO_SPI[3]
Nets remaining: 640
Finished routing net DATA_OUT_AUTO_TO_HEAD[4]
Nets remaining: 639
Finished routing net DATA_HEAD_TO_SPI[4]
Nets remaining: 638
Finished routing net DATA_OUT_AUTO_TO_HEAD[5]
Nets remaining: 637
Finished routing net DATA_HEAD_TO_SPI[5]
Nets remaining: 636
Finished routing net DATA_OUT_AUTO_TO_HEAD[6]
Nets remaining: 635
Finished routing net DATA_HEAD_TO_SPI[6]
Nets remaining: 634
Finished routing net DATA_OUT_AUTO_TO_HEAD[7]
Nets remaining: 633
Finished routing net DATA_HEAD_TO_SPI[7]
Nets remaining: 632
Finished routing net _165_
Nets remaining: 631
Finished routing net _168_
Nets remaining: 630
Finished routing net _172_
Nets remaining: 629
Finished routing net _112_
Nets remaining: 628
Keeping route for net _176_
Finished routing net _179_
Nets remaining: 626
Finished routing net _180_
Nets remaining: 625
Finished routing net _181_
Nets remaining: 624
Finished routing net _182_
Nets remaining: 623
Finished routing net _186_
Nets remaining: 622
Finished routing net _190_
Nets remaining: 621
Finished routing net _191_
Nets remaining: 620
Finished routing net _193_
Nets remaining: 619
Finished routing net _194_
Nets remaining: 618
Finished routing net _196_
Nets remaining: 617
Finished routing net _118_
Nets remaining: 616
Finished routing net _200_
Nets remaining: 615
Finished routing net _116_
Nets remaining: 614
Finished routing net \u_SPI_HEAD_MOSI_REF.hw_reset_hold_done\
Nets remaining: 613
Finished routing net _203_
Nets remaining: 612
Finished routing net _205_
Nets remaining: 611
Finished routing net _206_
Nets remaining: 610
Finished routing net _207_
Nets remaining: 609
Finished routing net _208_
Nets remaining: 608
Keeping route for net _209_
Finished routing net _115_
Nets remaining: 606
Finished routing net _214_
Nets remaining: 605
Finished routing net _215_
Nets remaining: 604
Keeping route for net _216_
Finished routing net _218_
Nets remaining: 602
Finished routing net _220_
Nets remaining: 601
Finished routing net _114_
Nets remaining: 600
Finished routing net _221_
Nets remaining: 599
Keeping route for net _222_
Finished routing net _113_[0]
Nets remaining: 597
Finished routing net _223_
Nets remaining: 596
Finished routing net _224_
Nets remaining: 595
Finished routing net _113_[1]
Nets remaining: 594
Finished routing net _228_
Nets remaining: 593
Finished routing net _113_[2]
Nets remaining: 592
Finished routing net _229_
Nets remaining: 591
Finished routing net _231_
Nets remaining: 590
Finished routing net _113_[3]
Nets remaining: 589
Finished routing net _234_
Nets remaining: 588
Finished routing net _110_[0]
Nets remaining: 587
Finished routing net _236_
Nets remaining: 586
Finished routing net _238_
Nets remaining: 585
Finished routing net _110_[1]
Nets remaining: 584
Keeping route for net _240_
Keeping route for net _241_
Finished routing net _110_[2]
Nets remaining: 581
Finished routing net _242_
Nets remaining: 580
Finished routing net _244_
Nets remaining: 579
Finished routing net _245_
Nets remaining: 578
Finished routing net _110_[3]
Nets remaining: 577
Finished routing net _247_
Nets remaining: 576
Finished routing net _110_[4]
Nets remaining: 575
Finished routing net _248_
Nets remaining: 574
Finished routing net _250_
Nets remaining: 573
Keeping route for net _251_
Finished routing net _110_[5]
Nets remaining: 571
Finished routing net _252_
Nets remaining: 570
Finished routing net _110_[6]
Nets remaining: 569
Finished routing net _253_
Nets remaining: 568
Finished routing net _254_
Nets remaining: 567
Finished routing net _255_
Nets remaining: 566
Finished routing net _258_
Nets remaining: 565
Finished routing net _259_
Nets remaining: 564
Finished routing net _260_
Nets remaining: 563
Finished routing net _261_
Nets remaining: 562
Finished routing net _264_
Nets remaining: 561
Finished routing net _117_[0]
Nets remaining: 560
Finished routing net _265_
Nets remaining: 559
Finished routing net _268_
Nets remaining: 558
Finished routing net _270_
Nets remaining: 557
Finished routing net _271_
Nets remaining: 556
Finished routing net _272_
Nets remaining: 555
Finished routing net _273_
Nets remaining: 554
Finished routing net _274_
Nets remaining: 553
Keeping route for net _275_
Finished routing net _276_
Nets remaining: 551
Finished routing net _277_
Nets remaining: 550
Finished routing net _117_[1]
Nets remaining: 549
Finished routing net _278_
Nets remaining: 548
Finished routing net _281_
Nets remaining: 547
Keeping route for net _282_
Finished routing net _283_
Nets remaining: 545
Finished routing net _284_
Nets remaining: 544
Finished routing net _285_
Nets remaining: 543
Finished routing net _286_
Nets remaining: 542
Finished routing net _287_
Nets remaining: 541
Finished routing net _288_
Nets remaining: 540
Finished routing net _117_[2]
Nets remaining: 539
Finished routing net _290_
Nets remaining: 538
Finished routing net _292_
Nets remaining: 537
Finished routing net _293_
Nets remaining: 536
Keeping route for net _297_
Finished routing net _298_
Nets remaining: 534
Finished routing net _299_
Nets remaining: 533
Finished routing net _117_[3]
Nets remaining: 532
Finished routing net _300_
Nets remaining: 531
Keeping route for net _304_
Finished routing net _305_
Nets remaining: 529
Finished routing net _306_
Nets remaining: 528
Finished routing net _307_
Nets remaining: 527
Finished routing net _308_
Nets remaining: 526
Finished routing net _117_[4]
Nets remaining: 525
Finished routing net _312_
Nets remaining: 524
Finished routing net _313_
Nets remaining: 523
Finished routing net _314_
Nets remaining: 522
Finished routing net _315_
Nets remaining: 521
Finished routing net _316_
Nets remaining: 520
Finished routing net _317_
Nets remaining: 519
Finished routing net _318_
Nets remaining: 518
Finished routing net _117_[5]
Nets remaining: 517
Finished routing net _322_
Nets remaining: 516
Finished routing net _324_
Nets remaining: 515
Finished routing net _325_
Nets remaining: 514
Finished routing net _326_
Nets remaining: 513
Finished routing net _327_
Nets remaining: 512
Finished routing net _328_
Nets remaining: 511
Finished routing net _329_
Nets remaining: 510
Finished routing net _330_
Nets remaining: 509
Finished routing net _331_
Nets remaining: 508
Finished routing net _332_
Nets remaining: 507
Finished routing net _117_[6]
Nets remaining: 506
Finished routing net _334_
Nets remaining: 505
Finished routing net _338_
Nets remaining: 504
Finished routing net _339_
Nets remaining: 503
Finished routing net _340_
Nets remaining: 502
Finished routing net _341_
Nets remaining: 501
Finished routing net _342_
Nets remaining: 500
Finished routing net _343_
Nets remaining: 499
Finished routing net _344_
Nets remaining: 498
Finished routing net _345_
Nets remaining: 497
Finished routing net _117_[7]
Nets remaining: 496
Finished routing net _348_
Nets remaining: 495
Finished routing net _351_
Nets remaining: 494
Finished routing net _352_
Nets remaining: 493
Finished routing net _353_
Nets remaining: 492
Finished routing net _354_
Nets remaining: 491
Finished routing net _355_
Nets remaining: 490
Finished routing net _356_
Nets remaining: 489
Finished routing net _357_
Nets remaining: 488
Finished routing net _358_
Nets remaining: 487
Finished routing net _117_[8]
Nets remaining: 486
Finished routing net _359_
Nets remaining: 485
Finished routing net _360_
Nets remaining: 484
Finished routing net _362_
Nets remaining: 483
Finished routing net _364_
Nets remaining: 482
Keeping route for net _365_
Finished routing net _366_
Nets remaining: 480
Finished routing net _367_
Nets remaining: 479
Finished routing net _368_
Nets remaining: 478
Finished routing net _369_
Nets remaining: 477
Finished routing net _370_
Nets remaining: 476
Finished routing net _371_
Nets remaining: 475
Finished routing net _117_[9]
Nets remaining: 474
Finished routing net _374_
Nets remaining: 473
Finished routing net _376_
Nets remaining: 472
Finished routing net _377_
Nets remaining: 471
Finished routing net _378_
Nets remaining: 470
Finished routing net _379_
Nets remaining: 469
Finished routing net _380_
Nets remaining: 468
Keeping route for net _381_
Finished routing net _382_
Nets remaining: 466
Finished routing net _383_
Nets remaining: 465
Finished routing net _384_
Nets remaining: 464
Finished routing net _117_[10]
Nets remaining: 463
Finished routing net _385_
Nets remaining: 462
Finished routing net _386_
Nets remaining: 461
Finished routing net _389_
Nets remaining: 460
Finished routing net _390_
Nets remaining: 459
Finished routing net _391_
Nets remaining: 458
Finished routing net _392_
Nets remaining: 457
Finished routing net _393_
Nets remaining: 456
Finished routing net _394_
Nets remaining: 455
Finished routing net _395_
Nets remaining: 454
Finished routing net _396_
Nets remaining: 453
Finished routing net _117_[11]
Nets remaining: 452
Finished routing net _398_
Nets remaining: 451
Finished routing net _402_
Nets remaining: 450
Keeping route for net _403_
Finished routing net _404_
Nets remaining: 448
Finished routing net _405_
Nets remaining: 447
Finished routing net _406_
Nets remaining: 446
Finished routing net _407_
Nets remaining: 445
Keeping route for net _408_
Finished routing net _409_
Nets remaining: 443
Finished routing net _117_[12]
Nets remaining: 442
Finished routing net _410_
Nets remaining: 441
Finished routing net _415_
Nets remaining: 440
Finished routing net _416_
Nets remaining: 439
Finished routing net _417_
Nets remaining: 438
Finished routing net _418_
Nets remaining: 437
Finished routing net _419_
Nets remaining: 436
Finished routing net _420_
Nets remaining: 435
Finished routing net _421_
Nets remaining: 434
Finished routing net _422_
Nets remaining: 433
Finished routing net _117_[13]
Nets remaining: 432
Finished routing net _423_
Nets remaining: 431
Finished routing net _424_
Nets remaining: 430
Finished routing net _426_
Nets remaining: 429
Finished routing net _427_
Nets remaining: 428
Finished routing net _428_
Nets remaining: 427
Finished routing net _429_
Nets remaining: 426
Finished routing net _430_
Nets remaining: 425
Finished routing net _431_
Nets remaining: 424
Finished routing net _432_
Nets remaining: 423
Finished routing net _433_
Nets remaining: 422
Finished routing net _117_[14]
Nets remaining: 421
Finished routing net _435_
Nets remaining: 420
Finished routing net _436_
Nets remaining: 419
Finished routing net _438_
Nets remaining: 418
Finished routing net _441_
Nets remaining: 417
Finished routing net _442_
Nets remaining: 416
Finished routing net _443_
Nets remaining: 415
Finished routing net _444_
Nets remaining: 414
Finished routing net _445_
Nets remaining: 413
Finished routing net _446_
Nets remaining: 412
Finished routing net _447_
Nets remaining: 411
Finished routing net _117_[15]
Nets remaining: 410
Finished routing net _451_
Nets remaining: 409
Finished routing net _452_
Nets remaining: 408
Finished routing net _453_
Nets remaining: 407
Finished routing net _454_
Nets remaining: 406
Finished routing net _455_
Nets remaining: 405
Finished routing net _456_
Nets remaining: 404
Keeping route for net _457_
Finished routing net _458_
Nets remaining: 402
Finished routing net _117_[16]
Nets remaining: 401
Finished routing net _460_
Nets remaining: 400
Finished routing net _463_
Nets remaining: 399
Finished routing net _464_
Nets remaining: 398
Finished routing net _465_
Nets remaining: 397
Finished routing net _466_
Nets remaining: 396
Finished routing net _467_
Nets remaining: 395
Finished routing net _468_
Nets remaining: 394
Finished routing net _469_
Nets remaining: 393
Finished routing net _470_
Nets remaining: 392
Finished routing net _117_[17]
Nets remaining: 391
Finished routing net _475_
Nets remaining: 390
Finished routing net _476_
Nets remaining: 389
Finished routing net _477_
Nets remaining: 388
Keeping route for net _478_
Finished routing net _479_
Nets remaining: 386
Finished routing net _480_
Nets remaining: 385
Finished routing net _481_
Nets remaining: 384
Finished routing net _482_
Nets remaining: 383
Finished routing net _117_[18]
Nets remaining: 382
Finished routing net _483_
Nets remaining: 381
Finished routing net _487_
Nets remaining: 380
Finished routing net _488_
Nets remaining: 379
Finished routing net _489_
Nets remaining: 378
Finished routing net _490_
Nets remaining: 377
Finished routing net _491_
Nets remaining: 376
Finished routing net _492_
Nets remaining: 375
Finished routing net _493_
Nets remaining: 374
Finished routing net _494_
Nets remaining: 373
Finished routing net _495_
Nets remaining: 372
Finished routing net _117_[19]
Nets remaining: 371
Finished routing net _498_
Nets remaining: 370
Finished routing net _499_
Nets remaining: 369
Finished routing net _500_
Nets remaining: 368
Finished routing net _111_[0]
Nets remaining: 367
Finished routing net _501_
Nets remaining: 366
Finished routing net _502_
Nets remaining: 365
Finished routing net _503_
Nets remaining: 364
Finished routing net _504_
Nets remaining: 363
Finished routing net _505_
Nets remaining: 362
Finished routing net _506_
Nets remaining: 361
Finished routing net _507_
Nets remaining: 360
Finished routing net _508_
Nets remaining: 359
Finished routing net _509_
Nets remaining: 358
Finished routing net _510_
Nets remaining: 357
Finished routing net _512_
Nets remaining: 356
Keeping route for net _513_
Finished routing net _111_[1]
Nets remaining: 354
Finished routing net _514_
Nets remaining: 353
Finished routing net _515_
Nets remaining: 352
Finished routing net _516_
Nets remaining: 351
Finished routing net _517_
Nets remaining: 350
Finished routing net _518_
Nets remaining: 349
Finished routing net _111_[2]
Nets remaining: 348
Finished routing net \u_SPI_HEAD_MOSI_REF.enable_gen_O.enable_mosi\
Nets remaining: 347
Finished routing net _519_
Nets remaining: 346
Finished routing net _521_
Nets remaining: 345
Finished routing net _4_
Nets remaining: 344
Finished routing net _523_
Nets remaining: 343
Finished routing net _524_
Nets remaining: 342
Finished routing net _525_
Nets remaining: 341
Keeping route for net _527_
Finished routing net _528_
Nets remaining: 339
Finished routing net _529_
Nets remaining: 338
Finished routing net _531_
Nets remaining: 337
Finished routing net _532_
Nets remaining: 336
Finished routing net _522_
Nets remaining: 335
Finished routing net _548_
Nets remaining: 334
Finished routing net _550_
Nets remaining: 333
Keeping route for net _552_
Finished routing net _553_
Nets remaining: 331
Finished routing net _554_
Nets remaining: 330
Finished routing net _560_
Nets remaining: 329
Finished routing net _561_
Nets remaining: 328
Finished routing net _563_
Nets remaining: 327
Keeping route for net _564_
Keeping route for net _565_
Finished routing net _566_
Nets remaining: 324
Finished routing net _567_
Nets remaining: 323
Finished routing net _569_
Nets remaining: 322
Finished routing net _571_
Nets remaining: 321
Finished routing net _572_
Nets remaining: 320
Finished routing net _573_
Nets remaining: 319
Finished routing net _574_
Nets remaining: 318
Finished routing net _578_
Nets remaining: 317
Finished routing net _579_
Nets remaining: 316
Finished routing net _580_
Nets remaining: 315
Finished routing net _581_
Nets remaining: 314
Finished routing net _582_
Nets remaining: 313
Finished routing net _584_
Nets remaining: 312
Finished routing net _585_
Nets remaining: 311
Finished routing net _586_
Nets remaining: 310
Finished routing net _588_
Nets remaining: 309
Finished routing net _591_
Nets remaining: 308
Finished routing net _593_
Nets remaining: 307
Finished routing net _594_
Nets remaining: 306
Finished routing net _595_
Nets remaining: 305
Finished routing net _596_
Nets remaining: 304
Keeping route for net _533_[0]
Finished routing net _599_
Nets remaining: 302
Finished routing net _533_[1]
Nets remaining: 301
Finished routing net _600_
Nets remaining: 300
Finished routing net _602_
Nets remaining: 299
Finished routing net _533_[2]
Nets remaining: 298
Finished routing net _603_
Nets remaining: 297
Finished routing net _533_[3]
Nets remaining: 296
Finished routing net _604_
Nets remaining: 295
Finished routing net _605_
Nets remaining: 294
Finished routing net _607_
Nets remaining: 293
Finished routing net _533_[4]
Nets remaining: 292
Finished routing net _608_
Nets remaining: 291
Keeping route for net _533_[5]
Finished routing net _535_
Nets remaining: 289
Finished routing net _536_
Nets remaining: 288
Finished routing net _533_[6]
Nets remaining: 287
Finished routing net _537_
Nets remaining: 286
Finished routing net _539_
Nets remaining: 285
Finished routing net _540_
Nets remaining: 284
Finished routing net _541_
Nets remaining: 283
Finished routing net _534_
Nets remaining: 282
Keeping route for net _618_
Finished routing net _619_
Nets remaining: 280
Finished routing net _630_
Nets remaining: 279
Finished routing net _637_
Nets remaining: 278
Finished routing net _639_
Nets remaining: 277
Finished routing net _645_
Nets remaining: 276
Finished routing net _647_
Nets remaining: 275
Finished routing net _612_
Nets remaining: 274
Finished routing net _648_
Nets remaining: 273
Finished routing net _652_
Nets remaining: 272
Finished routing net _653_
Nets remaining: 271
Finished routing net _611_[0]
Nets remaining: 270
Finished routing net _655_
Nets remaining: 269
Finished routing net _657_
Nets remaining: 268
Finished routing net _658_
Nets remaining: 267
Finished routing net _611_[1]
Nets remaining: 266
Finished routing net _662_
Nets remaining: 265
Finished routing net _663_
Nets remaining: 264
Finished routing net _664_
Nets remaining: 263
Finished routing net _611_[2]
Nets remaining: 262
Finished routing net _665_
Nets remaining: 261
Finished routing net _667_
Nets remaining: 260
Finished routing net _611_[3]
Nets remaining: 259
Finished routing net _668_
Nets remaining: 258
Finished routing net _670_
Nets remaining: 257
Finished routing net _671_
Nets remaining: 256
Finished routing net _675_
Nets remaining: 255
Finished routing net _676_
Nets remaining: 254
Keeping route for net _611_[4]
Finished routing net _677_
Nets remaining: 252
Finished routing net _678_
Nets remaining: 251
Finished routing net _679_
Nets remaining: 250
Finished routing net _680_
Nets remaining: 249
Finished routing net _611_[5]
Nets remaining: 248
Finished routing net _681_
Nets remaining: 247
Finished routing net _684_
Nets remaining: 246
Keeping route for net _685_
Finished routing net _686_
Nets remaining: 244
Finished routing net _688_
Nets remaining: 243
Finished routing net _689_
Nets remaining: 242
Finished routing net _611_[6]
Nets remaining: 241
Keeping route for net _690_
Finished routing net _692_
Nets remaining: 239
Finished routing net _693_
Nets remaining: 238
Finished routing net _694_
Nets remaining: 237
Finished routing net _611_[7]
Nets remaining: 236
Finished routing net _697_
Nets remaining: 235
Keeping route for net _698_
Finished routing net _702_
Nets remaining: 233
Finished routing net _703_
Nets remaining: 232
Finished routing net _704_
Nets remaining: 231
Finished routing net _707_
Nets remaining: 230
Finished routing net _708_
Nets remaining: 229
Finished routing net _710_
Nets remaining: 228
Finished routing net _711_
Nets remaining: 227
Finished routing net _713_
Nets remaining: 226
Keeping route for net _715_
Finished routing net _613_[0]
Nets remaining: 224
Finished routing net _717_
Nets remaining: 223
Finished routing net _718_
Nets remaining: 222
Finished routing net _613_[1]
Nets remaining: 221
Finished routing net _722_
Nets remaining: 220
Finished routing net _613_[2]
Nets remaining: 219
Finished routing net _724_
Nets remaining: 218
Finished routing net _613_[3]
Nets remaining: 217
Finished routing net _728_
Nets remaining: 216
Finished routing net _729_
Nets remaining: 215
Finished routing net _613_[4]
Nets remaining: 214
Finished routing net _731_
Nets remaining: 213
Finished routing net _732_
Nets remaining: 212
Finished routing net _613_[5]
Nets remaining: 211
Keeping route for net _734_
Finished routing net _735_
Nets remaining: 209
Finished routing net _613_[6]
Nets remaining: 208
Finished routing net _737_
Nets remaining: 207
Finished routing net _740_
Nets remaining: 206
Finished routing net _613_[7]
Nets remaining: 205
Finished routing net _741_
Nets remaining: 204
Keeping route for net _743_
Finished routing net _744_
Nets remaining: 202
Finished routing net _745_
Nets remaining: 201
Finished routing net _613_[8]
Nets remaining: 200
Finished routing net _749_
Nets remaining: 199
Finished routing net _750_
Nets remaining: 198
Finished routing net _613_[9]
Nets remaining: 197
Finished routing net _752_
Nets remaining: 196
Finished routing net _613_[10]
Nets remaining: 195
Finished routing net _753_
Nets remaining: 194
Finished routing net _755_
Nets remaining: 193
Finished routing net _613_[11]
Nets remaining: 192
Finished routing net _756_
Nets remaining: 191
Finished routing net _757_
Nets remaining: 190
Finished routing net _761_
Nets remaining: 189
Finished routing net _763_
Nets remaining: 188
Finished routing net _613_[12]
Nets remaining: 187
Finished routing net _764_
Nets remaining: 186
Finished routing net _766_
Nets remaining: 185
Finished routing net _613_[13]
Nets remaining: 184
Finished routing net _767_
Nets remaining: 183
Finished routing net _769_
Nets remaining: 182
Finished routing net _771_
Nets remaining: 181
Keeping route for net _613_[14]
Finished routing net _772_
Nets remaining: 179
Finished routing net _773_
Nets remaining: 178
Finished routing net _613_[15]
Nets remaining: 177
Finished routing net _779_
Nets remaining: 176
Finished routing net _780_
Nets remaining: 175
Finished routing net _781_
Nets remaining: 174
Finished routing net _610_[0]
Nets remaining: 173
Finished routing net _784_
Nets remaining: 172
Finished routing net _785_
Nets remaining: 171
Keeping route for net _786_
Finished routing net _610_[1]
Nets remaining: 169
Keeping route for net _787_
Keeping route for net _789_
Finished routing net _790_
Nets remaining: 166
Keeping route for net _791_
Finished routing net _610_[2]
Nets remaining: 164
Finished routing net ext_fifo_data[0]
Nets remaining: 163
Finished routing net _794_
Nets remaining: 162
Finished routing net _614_[0]
Nets remaining: 161
Finished routing net ext_fifo_data[1]
Nets remaining: 160
Finished routing net _796_
Nets remaining: 159
Finished routing net _614_[1]
Nets remaining: 158
Keeping route for net _797_
Finished routing net ext_fifo_data[2]
Nets remaining: 156
Finished routing net _798_
Nets remaining: 155
Finished routing net _614_[2]
Nets remaining: 154
Keeping route for net _799_
Finished routing net ext_fifo_data[3]
Nets remaining: 152
Finished routing net _800_
Nets remaining: 151
Finished routing net _614_[3]
Nets remaining: 150
Finished routing net ext_fifo_data[4]
Nets remaining: 149
Finished routing net _802_
Nets remaining: 148
Finished routing net _614_[4]
Nets remaining: 147
Finished routing net _803_
Nets remaining: 146
Finished routing net ext_fifo_data[5]
Nets remaining: 145
Finished routing net _804_
Nets remaining: 144
Finished routing net _614_[5]
Nets remaining: 143
Keeping route for net _805_
Finished routing net ext_fifo_data[6]
Nets remaining: 141
Finished routing net _806_
Nets remaining: 140
Finished routing net _614_[6]
Nets remaining: 139
Finished routing net \u_auto_data_inst.y_register\[7]
Nets remaining: 138
Finished routing net ext_fifo_data[7]
Nets remaining: 137
Finished routing net _808_
Nets remaining: 136
Finished routing net _614_[7]
Nets remaining: 135
Finished routing net _810_
Nets remaining: 134
Keeping route for net _811_
Finished routing net _815_
Nets remaining: 132
Finished routing net _816_
Nets remaining: 131
Finished routing net _817_
Nets remaining: 130
Finished routing net _819_
Nets remaining: 129
Finished routing net _820_
Nets remaining: 128
Finished routing net _609_[0]
Nets remaining: 127
Finished routing net _822_
Nets remaining: 126
Finished routing net _825_
Nets remaining: 125
Finished routing net _826_
Nets remaining: 124
Finished routing net _609_[1]
Nets remaining: 123
Keeping route for net _827_
Finished routing net _828_
Nets remaining: 121
Finished routing net _831_
Nets remaining: 120
Finished routing net _832_
Nets remaining: 119
Finished routing net _609_[2]
Nets remaining: 118
Finished routing net _833_
Nets remaining: 117
Finished routing net _834_
Nets remaining: 116
Finished routing net _609_[3]
Nets remaining: 115
Finished routing net _836_
Nets remaining: 114
Finished routing net _837_
Nets remaining: 113
Finished routing net _839_
Nets remaining: 112
Finished routing net _840_
Nets remaining: 111
Finished routing net _842_
Nets remaining: 110
Finished routing net _843_
Nets remaining: 109
Finished routing net _845_
Nets remaining: 108
Finished routing net _846_
Nets remaining: 107
Finished routing net _847_
Nets remaining: 106
Keeping route for net _848_
Finished routing net _849_
Nets remaining: 104
Finished routing net _850_
Nets remaining: 103
Finished routing net _851_
Nets remaining: 102
Finished routing net _852_
Nets remaining: 101
Finished routing net _853_
Nets remaining: 100
Finished routing net _854_
Nets remaining: 99
Finished routing net _855_
Nets remaining: 98
Finished routing net _856_
Nets remaining: 97
Finished routing net _857_
Nets remaining: 96
Finished routing net _858_
Nets remaining: 95
Finished routing net _859_
Nets remaining: 94
Finished routing net _860_
Nets remaining: 93
Finished routing net _862_
Nets remaining: 92
Finished routing net _863_
Nets remaining: 91
Finished routing net _864_
Nets remaining: 90
Finished routing net _865_
Nets remaining: 89
Finished routing net _866_
Nets remaining: 88
Finished routing net _867_
Nets remaining: 87
Finished routing net _868_
Nets remaining: 86
Finished routing net _869_
Nets remaining: 85
Finished routing net _870_
Nets remaining: 84
Keeping route for net _871_
Finished routing net _872_
Nets remaining: 82
Finished routing net _873_
Nets remaining: 81
Finished routing net _874_
Nets remaining: 80
Finished routing net _875_
Nets remaining: 79
Finished routing net _876_
Nets remaining: 78
Finished routing net _877_
Nets remaining: 77
Keeping route for net _878_
Finished routing net _879_
Nets remaining: 75
Finished routing net _880_
Nets remaining: 74
Finished routing net _881_
Nets remaining: 73
Finished routing net _882_
Nets remaining: 72
Finished routing net _883_
Nets remaining: 71
Finished routing net _884_
Nets remaining: 70
Finished routing net _885_
Nets remaining: 69
Finished routing net RESX
Nets remaining: 68
Finished routing net SPI_cs
Nets remaining: 67
Finished routing net SPI_dcx
Nets remaining: 66
Finished routing net SPI_out
Nets remaining: 65
Keeping route for net SPI_sclk
Keeping route for net ext_fifo_read_en
Finished routing net _93_
Nets remaining: 62
Finished routing net _95_
Nets remaining: 61
Keeping route for net _98_
Finished routing net _100_
Nets remaining: 59
Finished routing net _102_
Nets remaining: 58
Keeping route for net _103_
Finished routing net _104_
Nets remaining: 56
Finished routing net _105_
Nets remaining: 55
Finished routing net _106_
Nets remaining: 54
Finished routing net _108_
Nets remaining: 53
Finished routing net _109_
Nets remaining: 52
Finished routing net _17_
Nets remaining: 51
Finished routing net _18_
Nets remaining: 50
Finished routing net _23_
Nets remaining: 49
Finished routing net _24_
Nets remaining: 48
Finished routing net _25_
Nets remaining: 47
Finished routing net _26_
Nets remaining: 46
Finished routing net _27_
Nets remaining: 45
Finished routing net _29_
Nets remaining: 44
Finished routing net _30_
Nets remaining: 43
Finished routing net _31_
Nets remaining: 42
Finished routing net _32_
Nets remaining: 41
Finished routing net _33_
Nets remaining: 40
Finished routing net _34_
Nets remaining: 39
Finished routing net _35_
Nets remaining: 38
Finished routing net _36_
Nets remaining: 37
Finished routing net _37_
Nets remaining: 36
Finished routing net _38_
Nets remaining: 35
Finished routing net _39_
Nets remaining: 34
Finished routing net _40_
Nets remaining: 33
Finished routing net _41_
Nets remaining: 32
Finished routing net _42_
Nets remaining: 31
Finished routing net _43_
Nets remaining: 30
Finished routing net _44_
Nets remaining: 29
Finished routing net _45_
Nets remaining: 28
Finished routing net _46_
Nets remaining: 27
Finished routing net _47_
Nets remaining: 26
Finished routing net _48_
Nets remaining: 25
Finished routing net _49_
Nets remaining: 24
Finished routing net _50_
Nets remaining: 23
Finished routing net _51_
Nets remaining: 22
Finished routing net _52_
Nets remaining: 21
Finished routing net _53_
Nets remaining: 20
Finished routing net _54_
Nets remaining: 19
Finished routing net _55_
Nets remaining: 18
Finished routing net _56_
Nets remaining: 17
Finished routing net _57_
Nets remaining: 16
Finished routing net _58_
Nets remaining: 15
Finished routing net _59_
Nets remaining: 14
Finished routing net _60_
Nets remaining: 13
Finished routing net _61_
Nets remaining: 12
Finished routing net _62_
Nets remaining: 11
Finished routing net _63_
Nets remaining: 10
Finished routing net _64_
Nets remaining: 9
Finished routing net _65_
Nets remaining: 8
Finished routing net _66_
Nets remaining: 7
Finished routing net _67_
Nets remaining: 6
Finished routing net _68_
Nets remaining: 5
Finished routing net _69_
Nets remaining: 4
Finished routing net _70_
Nets remaining: 3
Finished routing net _72_
Nets remaining: 2
Finished routing net _73_
Nets remaining: 1
Finished routing net _75_
Nets remaining: 0

----------------------------------------------
Progress: Stage 3 total routes completed: 6390
No failed routes!
----------------------------------------------
*** Running stage3 routing with defaults, 2nd round
Finished routing net gnd
Nets remaining: 1183
Finished routing net \SPI_MOSI.state_mosi\[3]
Nets remaining: 1182
Finished routing net INITIAL_EN_HEAD_TO_AUTO
Nets remaining: 1181
Finished routing net _267_
Nets remaining: 1180
Finished routing net _256_
Nets remaining: 1179
Finished routing net system_clk_bF$buf1
Nets remaining: 1178
Finished routing net system_clk_bF$buf2
Nets remaining: 1177
Finished routing net system_clk_bF$buf3
Nets remaining: 1176
Finished routing net system_clk_bF$buf4
Nets remaining: 1175
Finished routing net system_clk_bF$buf5
Nets remaining: 1174
Finished routing net system_clk_bF$buf6
Nets remaining: 1173
Finished routing net system_clk_bF$buf7
Nets remaining: 1172
Finished routing net system_clk_bF$buf8
Nets remaining: 1171
Finished routing net system_clk_bF$buf9
Nets remaining: 1170
Finished routing net \SPI_MOSI.state_mosi\[2]
Nets remaining: 1169
Finished routing net _1_
Nets remaining: 1168
Finished routing net _169_
Nets remaining: 1167
Finished routing net system_clk
Nets remaining: 1166
Finished routing net system_clk_bF$buf0
Nets remaining: 1165
Finished routing net _86_
Nets remaining: 1164
Finished routing net \u_SPI_HEAD_MOSI_REF.INST_state\[1]
Nets remaining: 1163
Finished routing net \SPI_MOSI.state_mosi\[1]
Nets remaining: 1162
Finished routing net \u_SPI_HEAD_MOSI_REF.INST_state\[2]
Nets remaining: 1161
Finished routing net \u_SPI_HEAD_MOSI_REF.reset_hw_and_sleep_out_counter\[0]
Nets remaining: 1160
Finished routing net _632_
Nets remaining: 1159
Finished routing net _638_
Nets remaining: 1158
Finished routing net _81_
Nets remaining: 1157
Finished routing net reset_bF$buf3
Nets remaining: 1156
Finished routing net reset_bF$buf4
Nets remaining: 1155
Finished routing net reset_bF$buf5
Nets remaining: 1154
Finished routing net reset_bF$buf6
Nets remaining: 1153
Finished routing net _195_
Nets remaining: 1152
Finished routing net _198_
Nets remaining: 1151
Finished routing net _5_
Nets remaining: 1150
Finished routing net _644_
Nets remaining: 1149
Finished routing net _838_
Nets remaining: 1148
Finished routing net _841_
Nets remaining: 1147
Finished routing net _861_
Nets remaining: 1146
Finished routing net reset
Nets remaining: 1145
Finished routing net reset_bF$buf0
Nets remaining: 1144
Finished routing net reset_bF$buf1
Nets remaining: 1143
Finished routing net reset_bF$buf2
Nets remaining: 1142
Finished routing net _197__bF$buf1
Nets remaining: 1141
Finished routing net _197__bF$buf2
Nets remaining: 1140
Finished routing net _197__bF$buf3
Nets remaining: 1139
Finished routing net _197__bF$buf4
Nets remaining: 1138
Finished routing net \u_SPI_HEAD_MOSI_REF.done_counter\[2]
Nets remaining: 1137
Finished routing net _133_
Nets remaining: 1136
Finished routing net _171_
Nets remaining: 1135
Finished routing net _174_
Nets remaining: 1134
Finished routing net \u_SPI_HEAD_MOSI_REF.reset_hw_and_sleep_out_counter\[6]
Nets remaining: 1133
Finished routing net \u_SPI_HEAD_MOSI_REF.reset_hw_and_sleep_out_counter\[2]
Nets remaining: 1132
Finished routing net \u_SPI_HEAD_MOSI_REF.reset_hw_and_sleep_out_counter\[1]
Nets remaining: 1131
Finished routing net \u_SPI_HEAD_MOSI_REF.reset_hw_and_sleep_out_counter\[19]
Nets remaining: 1130
Finished routing net \u_SPI_HEAD_MOSI_REF.reset_hw_and_sleep_out_counter\[10]
Nets remaining: 1129
Finished routing net \u_SPI_HEAD_MOSI_REF.reset_done\
Nets remaining: 1128
Finished routing net _217_
Nets remaining: 1127
Finished routing net MOSI_ENABLE_HEAD_TO_SPI
Nets remaining: 1126
Finished routing net _598_
Nets remaining: 1125
Finished routing net _643_
Nets remaining: 1124
Finished routing net \u_auto_data_inst.done_count\[2]
Nets remaining: 1123
Finished routing net _844_
Nets remaining: 1122
Finished routing net _163__bF$buf1
Nets remaining: 1121
Finished routing net _163__bF$buf2
Nets remaining: 1120
Finished routing net _163__bF$buf3
Nets remaining: 1119
Finished routing net _197__bF$buf0
Nets remaining: 1118
Finished routing net MOSI_DONE
Nets remaining: 1117
Finished routing net _132_
Nets remaining: 1116
Finished routing net _145_
Nets remaining: 1115
Finished routing net _162_
Nets remaining: 1114
Finished routing net \u_SPI_HEAD_MOSI_REF.reset_hw_and_sleep_out_counter\[14]
Nets remaining: 1113
Finished routing net \u_SPI_HEAD_MOSI_REF.reset_hw_and_sleep_out_counter\[12]
Nets remaining: 1112
Finished routing net \u_SPI_HEAD_MOSI_REF.reset_hw_and_sleep_out_counter\[13]
Nets remaining: 1111
Finished routing net \u_SPI_HEAD_MOSI_REF.reset_hw_and_sleep_out_counter\[5]
Nets remaining: 1110
Finished routing net \u_SPI_HEAD_MOSI_REF.reset_hw_and_sleep_out_counter\[4]
Nets remaining: 1109
Finished routing net \u_SPI_HEAD_MOSI_REF.reset_hw_and_sleep_out_counter\[18]
Nets remaining: 1108
Finished routing net _545_
Nets remaining: 1107
Finished routing net \u_auto_data_inst.line_counter\[0]
Nets remaining: 1106
Finished routing net _696_
Nets remaining: 1105
Finished routing net \u_auto_data_inst.x_start_end_15_8\[2]
Nets remaining: 1104
Finished routing net \u_auto_data_inst.x_start_end_15_8\[10]
Nets remaining: 1103
Finished routing net _19_
Nets remaining: 1102
Finished routing net _163__bF$buf0
Nets remaining: 1101
Finished routing net _263__bF$buf2
Nets remaining: 1100
Finished routing net _263__bF$buf3
Nets remaining: 1099
Finished routing net \u_SPI_HEAD_MOSI_REF.sleep_out_done_bF$buf2\
Nets remaining: 1098
Finished routing net \u_SPI_HEAD_MOSI_REF.sleep_out_done_bF$buf3\
Nets remaining: 1097
Finished routing net _199__bF$buf3
Nets remaining: 1096
Finished routing net _646_
Nets remaining: 1095
Finished routing net _646__bF$buf0
Nets remaining: 1094
Finished routing net _646__bF$buf1
Nets remaining: 1093
Finished routing net _646__bF$buf2
Nets remaining: 1092
Finished routing net _646__bF$buf3
Nets remaining: 1091
Finished routing net _646__bF$buf4
Nets remaining: 1090
Finished routing net _173__bF$buf0
Nets remaining: 1089
Finished routing net _173__bF$buf1
Nets remaining: 1088
Finished routing net _173__bF$buf2
Nets remaining: 1087
Finished routing net _173__bF$buf3
Nets remaining: 1086
Finished routing net _793__bF$buf2
Nets remaining: 1085
Finished routing net _793__bF$buf3
Nets remaining: 1084
Finished routing net _197_
Nets remaining: 1083
Finished routing net _262__bF$buf3
Nets remaining: 1082
Finished routing net _94_
Nets remaining: 1081
Finished routing net _119_
Nets remaining: 1080
Finished routing net _120_
Nets remaining: 1079
Finished routing net _121_
Nets remaining: 1078
Finished routing net \u_SPI_HEAD_MOSI_REF.done_counter\[1]
Nets remaining: 1077
Finished routing net _175_
Nets remaining: 1076
Finished routing net \u_SPI_HEAD_MOSI_REF.reset_hw_and_sleep_out_counter\[11]
Nets remaining: 1075
Finished routing net _178_
Nets remaining: 1074
Finished routing net \u_SPI_HEAD_MOSI_REF.reset_hw_and_sleep_out_counter\[9]
Nets remaining: 1073
Finished routing net \u_SPI_HEAD_MOSI_REF.reset_hw_and_sleep_out_counter\[7]
Nets remaining: 1072
Finished routing net \u_SPI_HEAD_MOSI_REF.reset_hw_and_sleep_out_counter\[3]
Nets remaining: 1071
Finished routing net \u_SPI_HEAD_MOSI_REF.reset_hw_and_sleep_out_counter\[17]
Nets remaining: 1070
Finished routing net \u_SPI_HEAD_MOSI_REF.reset_hw_and_sleep_out_counter\[16]
Nets remaining: 1069
Finished routing net \u_SPI_HEAD_MOSI_REF.reset_hw_and_sleep_out_counter\[8]
Nets remaining: 1068
Finished routing net _211_
Nets remaining: 1067
Finished routing net _212_
Nets remaining: 1066
Finished routing net _269_
Nets remaining: 1065
Finished routing net _333_
Nets remaining: 1064
Finished routing net _335_
Nets remaining: 1063
Finished routing net _434_
Nets remaining: 1062
Finished routing net _448_
Nets remaining: 1061
Finished routing net vdd
Nets remaining: 1060
Finished routing net _546_
Nets remaining: 1059
Finished routing net \u_SPI_HEAD_MOSI_REF.sclk_gen_O.clk_counter\[0]
Nets remaining: 1058
Finished routing net \u_SPI_HEAD_MOSI_REF.sclk_gen_O.clk_counter\[1]
Nets remaining: 1057
Finished routing net \u_auto_data_inst.AUTO_state\[2]
Nets remaining: 1056
Finished routing net _620_
Nets remaining: 1055
Finished routing net _622_
Nets remaining: 1054
Finished routing net _623_
Nets remaining: 1053
Finished routing net _629_
Nets remaining: 1052
Finished routing net _633_
Nets remaining: 1051
Finished routing net _640_
Nets remaining: 1050
Finished routing net _650_
Nets remaining: 1049
Finished routing net \u_auto_data_inst.line_counter\[1]
Nets remaining: 1048
Finished routing net \u_auto_data_inst.line_counter\[5]
Nets remaining: 1047
Finished routing net \u_auto_data_inst.line_counter\[7]
Nets remaining: 1046
Finished routing net \u_auto_data_inst.x_start_end_15_8\[0]
Nets remaining: 1045
Finished routing net \u_auto_data_inst.x_start_end_15_8\[5]
Nets remaining: 1044
Finished routing net \u_auto_data_inst.x_start_end_15_8\[4]
Nets remaining: 1043
Finished routing net \u_auto_data_inst.x_start_end_15_8\[1]
Nets remaining: 1042
Finished routing net \u_auto_data_inst.x_start_end_15_8\[12]
Nets remaining: 1041
Finished routing net _748_
Nets remaining: 1040
Finished routing net \u_auto_data_inst.done_count\[1]
Nets remaining: 1039
Finished routing net _163_
Nets remaining: 1038
Finished routing net _263_
Nets remaining: 1037
Finished routing net _263__bF$buf0
Nets remaining: 1036
Finished routing net _263__bF$buf1
Nets remaining: 1035
Finished routing net \u_SPI_HEAD_MOSI_REF.sleep_out_done\
Nets remaining: 1034
Finished routing net \u_SPI_HEAD_MOSI_REF.sleep_out_done_bF$buf0\
Nets remaining: 1033
Finished routing net \u_SPI_HEAD_MOSI_REF.sleep_out_done_bF$buf1\
Nets remaining: 1032
Finished routing net _199_
Nets remaining: 1031
Finished routing net _199__bF$buf0
Nets remaining: 1030
Finished routing net _199__bF$buf1
Nets remaining: 1029
Finished routing net _199__bF$buf2
Nets remaining: 1028
Finished routing net _173_
Nets remaining: 1027
Finished routing net _793_
Nets remaining: 1026
Finished routing net _793__bF$buf0
Nets remaining: 1025
Finished routing net _793__bF$buf1
Nets remaining: 1024
Finished routing net _262_
Nets remaining: 1023
Finished routing net _262__bF$buf0
Nets remaining: 1022
Finished routing net _262__bF$buf1
Nets remaining: 1021
Finished routing net _262__bF$buf2
Nets remaining: 1020
Finished routing net _87_
Nets remaining: 1019
Finished routing net \SPI_MOSI.sclk_counter\[0]
Nets remaining: 1018
Finished routing net \u_SPI_HEAD_MOSI_REF.INST_state\[0]
Nets remaining: 1017
Finished routing net _126_
Nets remaining: 1016
Finished routing net _127_
Nets remaining: 1015
Finished routing net _129_
Nets remaining: 1014
Finished routing net \u_SPI_HEAD_MOSI_REF.done_counter\[0]
Nets remaining: 1013
Finished routing net _146_
Nets remaining: 1012
Finished routing net \u_SPI_HEAD_MOSI_REF.done_counter\[3]
Nets remaining: 1011
Finished routing net _164_
Nets remaining: 1010
Finished routing net \u_SPI_HEAD_MOSI_REF.reset_hw_and_sleep_out_counter\[15]
Nets remaining: 1009
Finished routing net _185_
Nets remaining: 1008
Finished routing net _188_
Nets remaining: 1007
Finished routing net _189_
Nets remaining: 1006
Finished routing net _279_
Nets remaining: 1005
Finished routing net _321_
Nets remaining: 1004
Finished routing net _372_
Nets remaining: 1003
Finished routing net _387_
Nets remaining: 1002
Finished routing net _397_
Nets remaining: 1001
Finished routing net _411_
Nets remaining: 1000
Finished routing net _439_
Nets remaining: 999
Finished routing net _461_
Nets remaining: 998
Finished routing net \u_SPI_HEAD_MOSI_REF.enable_gen_O.sclk\
Nets remaining: 997
Finished routing net _601_
Nets remaining: 996
Finished routing net \u_auto_data_inst.AUTO_state\[1]
Nets remaining: 995
Finished routing net \u_auto_data_inst.AUTO_state\[0]
Nets remaining: 994
Finished routing net _626_
Nets remaining: 993
Finished routing net _627_
Nets remaining: 992
Finished routing net _628_
Nets remaining: 991
Finished routing net \u_auto_data_inst.line_counter\[4]
Nets remaining: 990
Finished routing net \u_auto_data_inst.line_counter\[6]
Nets remaining: 989
Finished routing net \u_auto_data_inst.x_start_end_15_8\[6]
Nets remaining: 988
Finished routing net _699_
Nets remaining: 987
Finished routing net \u_auto_data_inst.x_start_end_15_8\[9]
Nets remaining: 986
Finished routing net \u_auto_data_inst.x_start_end_15_8\[11]
Nets remaining: 985
Finished routing net \u_auto_data_inst.x_start_end_15_8\[14]
Nets remaining: 984
Finished routing net \u_auto_data_inst.x_start_end_15_8\[13]
Nets remaining: 983
Finished routing net _714_
Nets remaining: 982
Finished routing net _721_
Nets remaining: 981
Finished routing net _727_
Nets remaining: 980
Finished routing net _739_
Nets remaining: 979
Finished routing net \u_auto_data_inst.done_count\[0]
Nets remaining: 978
Finished routing net _777_
Nets remaining: 977
Finished routing net _809_
Nets remaining: 976
Finished routing net _813_
Nets remaining: 975
Finished routing net _814_
Nets remaining: 974
Finished routing net _22_
Nets remaining: 973
Finished routing net _28_
Nets remaining: 972
Finished routing net \SPI_MOSI.data_register\[7]
Nets remaining: 971
Finished routing net \SPI_MOSI.state_mosi\[0]
Nets remaining: 970
Finished routing net \SPI_MOSI.tx_stage\
Nets remaining: 969
Finished routing net \SPI_MOSI.data_register\[1]
Nets remaining: 968
Finished routing net \SPI_MOSI.data_register\[5]
Nets remaining: 967
Finished routing net \SPI_MOSI.data_register\[6]
Nets remaining: 966
Finished routing net \SPI_MOSI.sclk_counter\[1]
Nets remaining: 965
Finished routing net _124_
Nets remaining: 964
Finished routing net _130_
Nets remaining: 963
Finished routing net _131_
Nets remaining: 962
Finished routing net _134_
Nets remaining: 961
Finished routing net _139_
Nets remaining: 960
Finished routing net _143_
Nets remaining: 959
Finished routing net INST_OUT_AUTO_TO_HEAD[2]
Nets remaining: 958
Keeping route for net _151_
Finished routing net \SPI_MOSI.tx_load\
Nets remaining: 956
Keeping route for net _161_
Finished routing net \u_SPI_HEAD_MOSI_REF.Tcss_done\
Nets remaining: 954
Finished routing net _183_
Nets remaining: 953
Finished routing net _201_
Nets remaining: 952
Finished routing net \u_SPI_HEAD_MOSI_REF.HW_RESET_HOLD_counter\[1]
Nets remaining: 951
Finished routing net \u_SPI_HEAD_MOSI_REF.HW_RESET_HOLD_counter\[3]
Nets remaining: 950
Finished routing net \u_SPI_HEAD_MOSI_REF.HW_RESET_HOLD_counter\[6]
Nets remaining: 949
Finished routing net \u_SPI_HEAD_MOSI_REF.HW_RESET_HOLD_counter\[5]
Nets remaining: 948
Finished routing net \u_SPI_HEAD_MOSI_REF.HW_RESET_HOLD_counter\[4]
Nets remaining: 947
Finished routing net _210_
Nets remaining: 946
Finished routing net _219_
Nets remaining: 945
Finished routing net _232_
Nets remaining: 944
Finished routing net _233_
Nets remaining: 943
Finished routing net _237_
Nets remaining: 942
Finished routing net _239_
Nets remaining: 941
Finished routing net _243_
Nets remaining: 940
Finished routing net _246_
Nets remaining: 939
Finished routing net _249_
Nets remaining: 938
Finished routing net _257_
Nets remaining: 937
Finished routing net _266_
Nets remaining: 936
Finished routing net _280_
Nets remaining: 935
Finished routing net _296_
Nets remaining: 934
Finished routing net _303_
Nets remaining: 933
Finished routing net _309_
Nets remaining: 932
Finished routing net _310_
Nets remaining: 931
Finished routing net _323_
Nets remaining: 930
Finished routing net _347_
Nets remaining: 929
Finished routing net _375_
Nets remaining: 928
Finished routing net _388_
Nets remaining: 927
Finished routing net _401_
Nets remaining: 926
Finished routing net _412_
Nets remaining: 925
Finished routing net _425_
Nets remaining: 924
Finished routing net _440_
Nets remaining: 923
Finished routing net \u_SPI_HEAD_MOSI_REF.sclk_gen_O.clk_counter\[4]
Nets remaining: 922
Finished routing net \u_SPI_HEAD_MOSI_REF.sclk_gen_O.clk_counter\[3]
Nets remaining: 921
Finished routing net _562_
Nets remaining: 920
Finished routing net \u_SPI_HEAD_MOSI_REF.sclk_gen_O.clk_counter\[2]
Nets remaining: 919
Keeping route for net \u_SPI_HEAD_MOSI_REF.sclk_gen_O.clk_counter\[6]
Finished routing net _587_
Nets remaining: 917
Keeping route for net _589_
Finished routing net \u_SPI_HEAD_MOSI_REF.sclk_gen_O.clk_counter\[5]
Nets remaining: 915
Finished routing net _597_
Nets remaining: 914
Finished routing net _606_
Nets remaining: 913
Finished routing net _615_
Nets remaining: 912
Finished routing net _616_
Nets remaining: 911
Finished routing net _617_
Nets remaining: 910
Finished routing net \u_auto_data_inst.AUTO_state\[3]
Nets remaining: 909
Finished routing net _621_
Nets remaining: 908
Finished routing net _625_
Nets remaining: 907
Finished routing net \u_auto_data_inst.pixel_counter\
Nets remaining: 906
Finished routing net _642_
Nets remaining: 905
Finished routing net _649_
Nets remaining: 904
Finished routing net _654_
Nets remaining: 903
Finished routing net \u_auto_data_inst.line_counter\[2]
Nets remaining: 902
Finished routing net \u_auto_data_inst.line_counter\[3]
Nets remaining: 901
Finished routing net _666_
Nets remaining: 900
Finished routing net _669_
Nets remaining: 899
Finished routing net _673_
Nets remaining: 898
Finished routing net _674_
Nets remaining: 897
Finished routing net _683_
Nets remaining: 896
Finished routing net _687_
Nets remaining: 895
Finished routing net \u_auto_data_inst.x_start_end_15_8\[3]
Nets remaining: 894
Finished routing net \u_auto_data_inst.x_start_end_15_8\[15]
Nets remaining: 893
Finished routing net _706_
Nets remaining: 892
Finished routing net \u_auto_data_inst.x_start_end_15_8\[8]
Nets remaining: 891
Finished routing net _709_
Nets remaining: 890
Finished routing net _712_
Nets remaining: 889
Finished routing net _719_
Nets remaining: 888
Finished routing net _720_
Nets remaining: 887
Finished routing net _733_
Nets remaining: 886
Finished routing net _746_
Nets remaining: 885
Finished routing net _751_
Nets remaining: 884
Finished routing net _754_
Nets remaining: 883
Finished routing net _759_
Nets remaining: 882
Finished routing net _765_
Nets remaining: 881
Finished routing net _774_
Nets remaining: 880
Finished routing net _776_
Nets remaining: 879
Finished routing net _778_
Nets remaining: 878
Finished routing net _788_
Nets remaining: 877
Finished routing net \u_auto_data_inst.y_register\[3]
Nets remaining: 876
Finished routing net _807_
Nets remaining: 875
Finished routing net _818_
Nets remaining: 874
Finished routing net _824_
Nets remaining: 873
Finished routing net _91_
Nets remaining: 872
Finished routing net _97_
Nets remaining: 871
Finished routing net _99_
Nets remaining: 870
Finished routing net _20_
Nets remaining: 869
Finished routing net _78_
Nets remaining: 868
Finished routing net \SPI_MOSI.sclk_counter\[3]
Nets remaining: 867
Finished routing net _107_
Nets remaining: 866
Finished routing net _92_
Nets remaining: 865
Finished routing net _90_
Nets remaining: 864
Finished routing net _2_
Nets remaining: 863
Finished routing net \SPI_MOSI.data_register\[0]
Nets remaining: 862
Finished routing net \SPI_MOSI.data_register\[2]
Nets remaining: 861
Finished routing net \SPI_MOSI.data_register\[3]
Nets remaining: 860
Finished routing net \SPI_MOSI.data_register\[4]
Nets remaining: 859
Finished routing net \SPI_MOSI.sclk_counter\[2]
Nets remaining: 858
Finished routing net _0_
Nets remaining: 857
Finished routing net INST_OUT_AUTO_TO_HEAD[0]
Nets remaining: 856
Finished routing net _135_
Nets remaining: 855
Finished routing net INST_OUT_AUTO_TO_HEAD[1]
Nets remaining: 854
Finished routing net _140_
Nets remaining: 853
Finished routing net _141_
Nets remaining: 852
Finished routing net _142_
Nets remaining: 851
Finished routing net _147_
Nets remaining: 850
Finished routing net _148_
Nets remaining: 849
Finished routing net INST_OUT_AUTO_TO_HEAD[5]
Nets remaining: 848
Finished routing net _152_
Nets remaining: 847
Finished routing net _155_
Nets remaining: 846
Finished routing net _166_
Nets remaining: 845
Keeping route for net _167_
Finished routing net _170_
Nets remaining: 843
Finished routing net _177_
Nets remaining: 842
Finished routing net _184_
Nets remaining: 841
Finished routing net _187_
Nets remaining: 840
Finished routing net _192_
Nets remaining: 839
Finished routing net _202_
Nets remaining: 838
Finished routing net \u_SPI_HEAD_MOSI_REF.HW_RESET_HOLD_counter\[0]
Nets remaining: 837
Finished routing net \u_SPI_HEAD_MOSI_REF.HW_RESET_HOLD_counter\[2]
Nets remaining: 836
Finished routing net _204_
Nets remaining: 835
Finished routing net \u_SPI_HEAD_MOSI_REF.hw_reset_done\
Nets remaining: 834
Finished routing net _213_
Nets remaining: 833
Finished routing net _225_
Nets remaining: 832
Finished routing net _226_
Nets remaining: 831
Finished routing net _227_
Nets remaining: 830
Finished routing net _230_
Nets remaining: 829
Finished routing net _235_
Nets remaining: 828
Finished routing net _289_
Nets remaining: 827
Finished routing net _291_
Nets remaining: 826
Finished routing net _294_
Nets remaining: 825
Finished routing net _295_
Nets remaining: 824
Keeping route for net _301_
Finished routing net _302_
Nets remaining: 822
Finished routing net _311_
Nets remaining: 821
Finished routing net _319_
Nets remaining: 820
Finished routing net _320_
Nets remaining: 819
Finished routing net _336_
Nets remaining: 818
Finished routing net _337_
Nets remaining: 817
Finished routing net _346_
Nets remaining: 816
Finished routing net _349_
Nets remaining: 815
Finished routing net _350_
Nets remaining: 814
Finished routing net _361_
Nets remaining: 813
Finished routing net _363_
Nets remaining: 812
Finished routing net _373_
Nets remaining: 811
Finished routing net _399_
Nets remaining: 810
Finished routing net _400_
Nets remaining: 809
Finished routing net _413_
Nets remaining: 808
Keeping route for net _414_
Finished routing net _437_
Nets remaining: 806
Finished routing net _449_
Nets remaining: 805
Finished routing net _450_
Nets remaining: 804
Finished routing net _459_
Nets remaining: 803
Finished routing net _462_
Nets remaining: 802
Finished routing net _471_
Nets remaining: 801
Finished routing net _472_
Nets remaining: 800
Finished routing net _473_
Nets remaining: 799
Finished routing net _474_
Nets remaining: 798
Finished routing net _484_
Nets remaining: 797
Finished routing net _485_
Nets remaining: 796
Finished routing net _486_
Nets remaining: 795
Finished routing net _496_
Nets remaining: 794
Finished routing net _497_
Nets remaining: 793
Finished routing net SPI_request
Nets remaining: 792
Finished routing net _511_
Nets remaining: 791
Finished routing net _520_
Nets remaining: 790
Finished routing net \u_SPI_HEAD_MOSI_REF.enable_gen_O.sclk_reg_miso\
Nets remaining: 789
Keeping route for net _526_
Finished routing net _530_
Nets remaining: 787
Finished routing net _542_
Nets remaining: 786
Finished routing net _543_
Nets remaining: 785
Finished routing net _544_
Nets remaining: 784
Finished routing net _547_
Nets remaining: 783
Finished routing net _549_
Nets remaining: 782
Finished routing net _551_
Nets remaining: 781
Finished routing net _555_
Nets remaining: 780
Finished routing net _556_
Nets remaining: 779
Finished routing net _557_
Nets remaining: 778
Finished routing net _558_
Nets remaining: 777
Finished routing net _559_
Nets remaining: 776
Finished routing net _568_
Nets remaining: 775
Finished routing net _570_
Nets remaining: 774
Finished routing net _575_
Nets remaining: 773
Finished routing net _576_
Nets remaining: 772
Finished routing net _577_
Nets remaining: 771
Finished routing net _583_
Nets remaining: 770
Finished routing net _590_
Nets remaining: 769
Finished routing net _592_
Nets remaining: 768
Finished routing net _538_
Nets remaining: 767
Finished routing net _624_
Nets remaining: 766
Finished routing net _631_
Nets remaining: 765
Finished routing net _634_
Nets remaining: 764
Finished routing net _635_
Nets remaining: 763
Finished routing net _636_
Nets remaining: 762
Finished routing net _641_
Nets remaining: 761
Finished routing net _651_
Nets remaining: 760
Keeping route for net _656_
Finished routing net _659_
Nets remaining: 758
Finished routing net _660_
Nets remaining: 757
Finished routing net _661_
Nets remaining: 756
Finished routing net _672_
Nets remaining: 755
Finished routing net _682_
Nets remaining: 754
Finished routing net _691_
Nets remaining: 753
Finished routing net _695_
Nets remaining: 752
Finished routing net \u_auto_data_inst.x_start_end_15_8\[7]
Nets remaining: 751
Finished routing net _700_
Nets remaining: 750
Finished routing net _701_
Nets remaining: 749
Finished routing net _705_
Nets remaining: 748
Finished routing net _716_
Nets remaining: 747
Finished routing net _723_
Nets remaining: 746
Finished routing net _725_
Nets remaining: 745
Finished routing net _726_
Nets remaining: 744
Finished routing net _730_
Nets remaining: 743
Finished routing net _736_
Nets remaining: 742
Finished routing net _738_
Nets remaining: 741
Finished routing net _742_
Nets remaining: 740
Finished routing net _747_
Nets remaining: 739
Finished routing net _758_
Nets remaining: 738
Finished routing net _760_
Nets remaining: 737
Finished routing net _762_
Nets remaining: 736
Finished routing net _768_
Nets remaining: 735
Finished routing net _770_
Nets remaining: 734
Finished routing net _775_
Nets remaining: 733
Finished routing net _782_
Nets remaining: 732
Finished routing net _783_
Nets remaining: 731
Finished routing net \u_auto_data_inst.y_register\[0]
Nets remaining: 730
Finished routing net _792_
Nets remaining: 729
Finished routing net \u_auto_data_inst.y_register\[1]
Nets remaining: 728
Finished routing net _795_
Nets remaining: 727
Finished routing net \u_auto_data_inst.y_register\[2]
Nets remaining: 726
Finished routing net \u_auto_data_inst.y_register\[4]
Nets remaining: 725
Finished routing net _801_
Nets remaining: 724
Finished routing net \u_auto_data_inst.y_register\[5]
Nets remaining: 723
Finished routing net \u_auto_data_inst.y_register\[6]
Nets remaining: 722
Finished routing net _812_
Nets remaining: 721
Finished routing net _821_
Nets remaining: 720
Finished routing net _823_
Nets remaining: 719
Finished routing net _829_
Nets remaining: 718
Finished routing net _830_
Nets remaining: 717
Finished routing net _835_
Nets remaining: 716
Finished routing net _82_
Nets remaining: 715
Finished routing net _83_
Nets remaining: 714
Finished routing net _84_
Nets remaining: 713
Finished routing net _85_
Nets remaining: 712
Finished routing net _88_
Nets remaining: 711
Finished routing net ext_fifo_valid
Nets remaining: 710
Finished routing net _89_
Nets remaining: 709
Finished routing net _96_
Nets remaining: 708
Finished routing net _101_
Nets remaining: 707
Finished routing net _21_
Nets remaining: 706
Finished routing net _71_
Nets remaining: 705
Finished routing net _74_
Nets remaining: 704
Finished routing net _76_
Nets remaining: 703
Keeping route for net _77_
Finished routing net _10_[2]
Nets remaining: 701
Finished routing net _79_
Nets remaining: 700
Finished routing net _10_[3]
Nets remaining: 699
Finished routing net _14_
Nets remaining: 698
Finished routing net _80_
Nets remaining: 697
Finished routing net _13_
Nets remaining: 696
Finished routing net _3_
Nets remaining: 695
Finished routing net _15_
Nets remaining: 694
Finished routing net _16_
Nets remaining: 693
Finished routing net _8_
Nets remaining: 692
Finished routing net _9_
Nets remaining: 691
Finished routing net _11_
Nets remaining: 690
Finished routing net _6_[0]
Nets remaining: 689
Finished routing net _6_[1]
Nets remaining: 688
Finished routing net _6_[2]
Nets remaining: 687
Finished routing net _6_[3]
Nets remaining: 686
Finished routing net _6_[4]
Nets remaining: 685
Finished routing net _6_[5]
Nets remaining: 684
Finished routing net _6_[6]
Nets remaining: 683
Finished routing net _6_[7]
Nets remaining: 682
Finished routing net _10_[0]
Nets remaining: 681
Finished routing net _10_[1]
Nets remaining: 680
Keeping route for net _7_
Finished routing net \SPI_MOSI.data_valid_d\
Nets remaining: 678
Finished routing net _12_
Nets remaining: 677
Finished routing net \SPI_MOSI.valid_pulse\
Nets remaining: 676
Keeping route for net _122_
Finished routing net _123_
Nets remaining: 674
Finished routing net _125_
Nets remaining: 673
Finished routing net _128_
Nets remaining: 672
Finished routing net _136_
Nets remaining: 671
Finished routing net INST_HEAD_TO_SPI[0]
Nets remaining: 670
Finished routing net _137_
Nets remaining: 669
Finished routing net _138_
Nets remaining: 668
Finished routing net INST_HEAD_TO_SPI[1]
Nets remaining: 667
Finished routing net _144_
Nets remaining: 666
Finished routing net _149_
Nets remaining: 665
Finished routing net INST_HEAD_TO_SPI[2]
Nets remaining: 664
Finished routing net _150_
Nets remaining: 663
Finished routing net _153_
Nets remaining: 662
Finished routing net INST_HEAD_TO_SPI[3]
Nets remaining: 661
Finished routing net _154_
Nets remaining: 660
Finished routing net INST_HEAD_TO_SPI[4]
Nets remaining: 659
Finished routing net _156_
Nets remaining: 658
Finished routing net INST_HEAD_TO_SPI[5]
Nets remaining: 657
Finished routing net _157_
Nets remaining: 656
Finished routing net INST_HEAD_TO_SPI[6]
Nets remaining: 655
Keeping route for net INST_HEAD_TO_SPI[7]
Finished routing net TX_LOAD_AUTO_TO_HEAD
Nets remaining: 653
Finished routing net _158_
Nets remaining: 652
Finished routing net _159_
Nets remaining: 651
Finished routing net DCX_HEAD_TO_SPI
Nets remaining: 650
Finished routing net CS_AUTO
Nets remaining: 649
Finished routing net _160_
Nets remaining: 648
Finished routing net DATA_OUT_AUTO_TO_HEAD[0]
Nets remaining: 647
Finished routing net DATA_HEAD_TO_SPI[0]
Nets remaining: 646
Finished routing net DATA_OUT_AUTO_TO_HEAD[1]
Nets remaining: 645
Finished routing net DATA_HEAD_TO_SPI[1]
Nets remaining: 644
Finished routing net DATA_OUT_AUTO_TO_HEAD[2]
Nets remaining: 643
Finished routing net DATA_HEAD_TO_SPI[2]
Nets remaining: 642
Finished routing net DATA_OUT_AUTO_TO_HEAD[3]
Nets remaining: 641
Finished routing net DATA_HEAD_TO_SPI[3]
Nets remaining: 640
Finished routing net DATA_OUT_AUTO_TO_HEAD[4]
Nets remaining: 639
Finished routing net DATA_HEAD_TO_SPI[4]
Nets remaining: 638
Finished routing net DATA_OUT_AUTO_TO_HEAD[5]
Nets remaining: 637
Finished routing net DATA_HEAD_TO_SPI[5]
Nets remaining: 636
Finished routing net DATA_OUT_AUTO_TO_HEAD[6]
Nets remaining: 635
Finished routing net DATA_HEAD_TO_SPI[6]
Nets remaining: 634
Finished routing net DATA_OUT_AUTO_TO_HEAD[7]
Nets remaining: 633
Finished routing net DATA_HEAD_TO_SPI[7]
Nets remaining: 632
Finished routing net _165_
Nets remaining: 631
Finished routing net _168_
Nets remaining: 630
Finished routing net _172_
Nets remaining: 629
Finished routing net _112_
Nets remaining: 628
Keeping route for net _176_
Finished routing net _179_
Nets remaining: 626
Finished routing net _180_
Nets remaining: 625
Keeping route for net _181_
Finished routing net _182_
Nets remaining: 623
Finished routing net _186_
Nets remaining: 622
Finished routing net _190_
Nets remaining: 621
Finished routing net _191_
Nets remaining: 620
Finished routing net _193_
Nets remaining: 619
Finished routing net _194_
Nets remaining: 618
Finished routing net _196_
Nets remaining: 617
Finished routing net _118_
Nets remaining: 616
Finished routing net _200_
Nets remaining: 615
Finished routing net _116_
Nets remaining: 614
Keeping route for net \u_SPI_HEAD_MOSI_REF.hw_reset_hold_done\
Finished routing net _203_
Nets remaining: 612
Finished routing net _205_
Nets remaining: 611
Finished routing net _206_
Nets remaining: 610
Finished routing net _207_
Nets remaining: 609
Finished routing net _208_
Nets remaining: 608
Keeping route for net _209_
Finished routing net _115_
Nets remaining: 606
Finished routing net _214_
Nets remaining: 605
Finished routing net _215_
Nets remaining: 604
Keeping route for net _216_
Finished routing net _218_
Nets remaining: 602
Finished routing net _220_
Nets remaining: 601
Finished routing net _114_
Nets remaining: 600
Finished routing net _221_
Nets remaining: 599
Keeping route for net _222_
Finished routing net _113_[0]
Nets remaining: 597
Finished routing net _223_
Nets remaining: 596
Keeping route for net _224_
Finished routing net _113_[1]
Nets remaining: 594
Finished routing net _228_
Nets remaining: 593
Finished routing net _113_[2]
Nets remaining: 592
Finished routing net _229_
Nets remaining: 591
Finished routing net _231_
Nets remaining: 590
Finished routing net _113_[3]
Nets remaining: 589
Finished routing net _234_
Nets remaining: 588
Finished routing net _110_[0]
Nets remaining: 587
Finished routing net _236_
Nets remaining: 586
Keeping route for net _238_
Finished routing net _110_[1]
Nets remaining: 584
Keeping route for net _240_
Keeping route for net _241_
Finished routing net _110_[2]
Nets remaining: 581
Finished routing net _242_
Nets remaining: 580
Keeping route for net _244_
Finished routing net _245_
Nets remaining: 578
Keeping route for net _110_[3]
Finished routing net _247_
Nets remaining: 576
Finished routing net _110_[4]
Nets remaining: 575
Finished routing net _248_
Nets remaining: 574
Keeping route for net _250_
Keeping route for net _251_
Keeping route for net _110_[5]
Finished routing net _252_
Nets remaining: 570
Finished routing net _110_[6]
Nets remaining: 569
Finished routing net _253_
Nets remaining: 568
Finished routing net _254_
Nets remaining: 567
Keeping route for net _255_
Finished routing net _258_
Nets remaining: 565
Finished routing net _259_
Nets remaining: 564
Finished routing net _260_
Nets remaining: 563
Finished routing net _261_
Nets remaining: 562
Finished routing net _264_
Nets remaining: 561
Finished routing net _117_[0]
Nets remaining: 560
Finished routing net _265_
Nets remaining: 559
Finished routing net _268_
Nets remaining: 558
Finished routing net _270_
Nets remaining: 557
Finished routing net _271_
Nets remaining: 556
Finished routing net _272_
Nets remaining: 555
Finished routing net _273_
Nets remaining: 554
Finished routing net _274_
Nets remaining: 553
Keeping route for net _275_
Finished routing net _276_
Nets remaining: 551
Finished routing net _277_
Nets remaining: 550
Finished routing net _117_[1]
Nets remaining: 549
Finished routing net _278_
Nets remaining: 548
Finished routing net _281_
Nets remaining: 547
Keeping route for net _282_
Finished routing net _283_
Nets remaining: 545
Finished routing net _284_
Nets remaining: 544
Finished routing net _285_
Nets remaining: 543
Finished routing net _286_
Nets remaining: 542
Finished routing net _287_
Nets remaining: 541
Finished routing net _288_
Nets remaining: 540
Finished routing net _117_[2]
Nets remaining: 539
Finished routing net _290_
Nets remaining: 538
Finished routing net _292_
Nets remaining: 537
Finished routing net _293_
Nets remaining: 536
Keeping route for net _297_
Finished routing net _298_
Nets remaining: 534
Finished routing net _299_
Nets remaining: 533
Finished routing net _117_[3]
Nets remaining: 532
Finished routing net _300_
Nets remaining: 531
Keeping route for net _304_
Finished routing net _305_
Nets remaining: 529
Finished routing net _306_
Nets remaining: 528
Finished routing net _307_
Nets remaining: 527
Finished routing net _308_
Nets remaining: 526
Finished routing net _117_[4]
Nets remaining: 525
Finished routing net _312_
Nets remaining: 524
Finished routing net _313_
Nets remaining: 523
Finished routing net _314_
Nets remaining: 522
Finished routing net _315_
Nets remaining: 521
Finished routing net _316_
Nets remaining: 520
Finished routing net _317_
Nets remaining: 519
Finished routing net _318_
Nets remaining: 518
Finished routing net _117_[5]
Nets remaining: 517
Finished routing net _322_
Nets remaining: 516
Finished routing net _324_
Nets remaining: 515
Finished routing net _325_
Nets remaining: 514
Keeping route for net _326_
Finished routing net _327_
Nets remaining: 512
Finished routing net _328_
Nets remaining: 511
Finished routing net _329_
Nets remaining: 510
Finished routing net _330_
Nets remaining: 509
Finished routing net _331_
Nets remaining: 508
Finished routing net _332_
Nets remaining: 507
Finished routing net _117_[6]
Nets remaining: 506
Finished routing net _334_
Nets remaining: 505
Finished routing net _338_
Nets remaining: 504
Finished routing net _339_
Nets remaining: 503
Finished routing net _340_
Nets remaining: 502
Finished routing net _341_
Nets remaining: 501
Finished routing net _342_
Nets remaining: 500
Finished routing net _343_
Nets remaining: 499
Finished routing net _344_
Nets remaining: 498
Finished routing net _345_
Nets remaining: 497
Finished routing net _117_[7]
Nets remaining: 496
Finished routing net _348_
Nets remaining: 495
Finished routing net _351_
Nets remaining: 494
Keeping route for net _352_
Finished routing net _353_
Nets remaining: 492
Finished routing net _354_
Nets remaining: 491
Finished routing net _355_
Nets remaining: 490
Finished routing net _356_
Nets remaining: 489
Finished routing net _357_
Nets remaining: 488
Finished routing net _358_
Nets remaining: 487
Finished routing net _117_[8]
Nets remaining: 486
Finished routing net _359_
Nets remaining: 485
Finished routing net _360_
Nets remaining: 484
Finished routing net _362_
Nets remaining: 483
Finished routing net _364_
Nets remaining: 482
Keeping route for net _365_
Finished routing net _366_
Nets remaining: 480
Finished routing net _367_
Nets remaining: 479
Finished routing net _368_
Nets remaining: 478
Finished routing net _369_
Nets remaining: 477
Keeping route for net _370_
Finished routing net _371_
Nets remaining: 475
Finished routing net _117_[9]
Nets remaining: 474
Finished routing net _374_
Nets remaining: 473
Finished routing net _376_
Nets remaining: 472
Finished routing net _377_
Nets remaining: 471
Finished routing net _378_
Nets remaining: 470
Finished routing net _379_
Nets remaining: 469
Finished routing net _380_
Nets remaining: 468
Keeping route for net _381_
Finished routing net _382_
Nets remaining: 466
Finished routing net _383_
Nets remaining: 465
Finished routing net _384_
Nets remaining: 464
Finished routing net _117_[10]
Nets remaining: 463
Finished routing net _385_
Nets remaining: 462
Finished routing net _386_
Nets remaining: 461
Finished routing net _389_
Nets remaining: 460
Finished routing net _390_
Nets remaining: 459
Finished routing net _391_
Nets remaining: 458
Finished routing net _392_
Nets remaining: 457
Finished routing net _393_
Nets remaining: 456
Finished routing net _394_
Nets remaining: 455
Finished routing net _395_
Nets remaining: 454
Finished routing net _396_
Nets remaining: 453
Finished routing net _117_[11]
Nets remaining: 452
Finished routing net _398_
Nets remaining: 451
Finished routing net _402_
Nets remaining: 450
Keeping route for net _403_
Finished routing net _404_
Nets remaining: 448
Finished routing net _405_
Nets remaining: 447
Finished routing net _406_
Nets remaining: 446
Finished routing net _407_
Nets remaining: 445
Keeping route for net _408_
Finished routing net _409_
Nets remaining: 443
Finished routing net _117_[12]
Nets remaining: 442
Finished routing net _410_
Nets remaining: 441
Finished routing net _415_
Nets remaining: 440
Finished routing net _416_
Nets remaining: 439
Finished routing net _417_
Nets remaining: 438
Finished routing net _418_
Nets remaining: 437
Finished routing net _419_
Nets remaining: 436
Finished routing net _420_
Nets remaining: 435
Finished routing net _421_
Nets remaining: 434
Finished routing net _422_
Nets remaining: 433
Finished routing net _117_[13]
Nets remaining: 432
Finished routing net _423_
Nets remaining: 431
Finished routing net _424_
Nets remaining: 430
Finished routing net _426_
Nets remaining: 429
Finished routing net _427_
Nets remaining: 428
Finished routing net _428_
Nets remaining: 427
Finished routing net _429_
Nets remaining: 426
Finished routing net _430_
Nets remaining: 425
Finished routing net _431_
Nets remaining: 424
Finished routing net _432_
Nets remaining: 423
Finished routing net _433_
Nets remaining: 422
Finished routing net _117_[14]
Nets remaining: 421
Finished routing net _435_
Nets remaining: 420
Finished routing net _436_
Nets remaining: 419
Finished routing net _438_
Nets remaining: 418
Finished routing net _441_
Nets remaining: 417
Finished routing net _442_
Nets remaining: 416
Finished routing net _443_
Nets remaining: 415
Finished routing net _444_
Nets remaining: 414
Finished routing net _445_
Nets remaining: 413
Finished routing net _446_
Nets remaining: 412
Finished routing net _447_
Nets remaining: 411
Finished routing net _117_[15]
Nets remaining: 410
Finished routing net _451_
Nets remaining: 409
Finished routing net _452_
Nets remaining: 408
Finished routing net _453_
Nets remaining: 407
Finished routing net _454_
Nets remaining: 406
Finished routing net _455_
Nets remaining: 405
Finished routing net _456_
Nets remaining: 404
Keeping route for net _457_
Finished routing net _458_
Nets remaining: 402
Finished routing net _117_[16]
Nets remaining: 401
Finished routing net _460_
Nets remaining: 400
Finished routing net _463_
Nets remaining: 399
Finished routing net _464_
Nets remaining: 398
Finished routing net _465_
Nets remaining: 397
Finished routing net _466_
Nets remaining: 396
Finished routing net _467_
Nets remaining: 395
Finished routing net _468_
Nets remaining: 394
Finished routing net _469_
Nets remaining: 393
Finished routing net _470_
Nets remaining: 392
Finished routing net _117_[17]
Nets remaining: 391
Finished routing net _475_
Nets remaining: 390
Finished routing net _476_
Nets remaining: 389
Finished routing net _477_
Nets remaining: 388
Keeping route for net _478_
Finished routing net _479_
Nets remaining: 386
Finished routing net _480_
Nets remaining: 385
Finished routing net _481_
Nets remaining: 384
Finished routing net _482_
Nets remaining: 383
Finished routing net _117_[18]
Nets remaining: 382
Finished routing net _483_
Nets remaining: 381
Finished routing net _487_
Nets remaining: 380
Finished routing net _488_
Nets remaining: 379
Finished routing net _489_
Nets remaining: 378
Finished routing net _490_
Nets remaining: 377
Finished routing net _491_
Nets remaining: 376
Finished routing net _492_
Nets remaining: 375
Finished routing net _493_
Nets remaining: 374
Finished routing net _494_
Nets remaining: 373
Keeping route for net _495_
Finished routing net _117_[19]
Nets remaining: 371
Finished routing net _498_
Nets remaining: 370
Finished routing net _499_
Nets remaining: 369
Keeping route for net _500_
Finished routing net _111_[0]
Nets remaining: 367
Finished routing net _501_
Nets remaining: 366
Finished routing net _502_
Nets remaining: 365
Finished routing net _503_
Nets remaining: 364
Finished routing net _504_
Nets remaining: 363
Finished routing net _505_
Nets remaining: 362
Finished routing net _506_
Nets remaining: 361
Finished routing net _507_
Nets remaining: 360
Finished routing net _508_
Nets remaining: 359
Finished routing net _509_
Nets remaining: 358
Finished routing net _510_
Nets remaining: 357
Finished routing net _512_
Nets remaining: 356
Keeping route for net _513_
Finished routing net _111_[1]
Nets remaining: 354
Finished routing net _514_
Nets remaining: 353
Finished routing net _515_
Nets remaining: 352
Finished routing net _516_
Nets remaining: 351
Finished routing net _517_
Nets remaining: 350
Finished routing net _518_
Nets remaining: 349
Finished routing net _111_[2]
Nets remaining: 348
Finished routing net \u_SPI_HEAD_MOSI_REF.enable_gen_O.enable_mosi\
Nets remaining: 347
Finished routing net _519_
Nets remaining: 346
Finished routing net _521_
Nets remaining: 345
Finished routing net _4_
Nets remaining: 344
Finished routing net _523_
Nets remaining: 343
Finished routing net _524_
Nets remaining: 342
Finished routing net _525_
Nets remaining: 341
Keeping route for net _527_
Finished routing net _528_
Nets remaining: 339
Keeping route for net _529_
Finished routing net _531_
Nets remaining: 337
Finished routing net _532_
Nets remaining: 336
Finished routing net _522_
Nets remaining: 335
Finished routing net _548_
Nets remaining: 334
Finished routing net _550_
Nets remaining: 333
Keeping route for net _552_
Finished routing net _553_
Nets remaining: 331
Finished routing net _554_
Nets remaining: 330
Finished routing net _560_
Nets remaining: 329
Finished routing net _561_
Nets remaining: 328
Finished routing net _563_
Nets remaining: 327
Keeping route for net _564_
Keeping route for net _565_
Finished routing net _566_
Nets remaining: 324
Finished routing net _567_
Nets remaining: 323
Finished routing net _569_
Nets remaining: 322
Finished routing net _571_
Nets remaining: 321
Keeping route for net _572_
Finished routing net _573_
Nets remaining: 319
Finished routing net _574_
Nets remaining: 318
Finished routing net _578_
Nets remaining: 317
Finished routing net _579_
Nets remaining: 316
Finished routing net _580_
Nets remaining: 315
Finished routing net _581_
Nets remaining: 314
Finished routing net _582_
Nets remaining: 313
Finished routing net _584_
Nets remaining: 312
Finished routing net _585_
Nets remaining: 311
Finished routing net _586_
Nets remaining: 310
Keeping route for net _588_
Finished routing net _591_
Nets remaining: 308
Finished routing net _593_
Nets remaining: 307
Finished routing net _594_
Nets remaining: 306
Finished routing net _595_
Nets remaining: 305
Finished routing net _596_
Nets remaining: 304
Keeping route for net _533_[0]
Finished routing net _599_
Nets remaining: 302
Finished routing net _533_[1]
Nets remaining: 301
Finished routing net _600_
Nets remaining: 300
Finished routing net _602_
Nets remaining: 299
Keeping route for net _533_[2]
Finished routing net _603_
Nets remaining: 297
Finished routing net _533_[3]
Nets remaining: 296
Finished routing net _604_
Nets remaining: 295
Finished routing net _605_
Nets remaining: 294
Finished routing net _607_
Nets remaining: 293
Finished routing net _533_[4]
Nets remaining: 292
Finished routing net _608_
Nets remaining: 291
Keeping route for net _533_[5]
Finished routing net _535_
Nets remaining: 289
Finished routing net _536_
Nets remaining: 288
Finished routing net _533_[6]
Nets remaining: 287
Finished routing net _537_
Nets remaining: 286
Finished routing net _539_
Nets remaining: 285
Finished routing net _540_
Nets remaining: 284
Finished routing net _541_
Nets remaining: 283
Finished routing net _534_
Nets remaining: 282
Keeping route for net _618_
Finished routing net _619_
Nets remaining: 280
Finished routing net _630_
Nets remaining: 279
Finished routing net _637_
Nets remaining: 278
Finished routing net _639_
Nets remaining: 277
Finished routing net _645_
Nets remaining: 276
Finished routing net _647_
Nets remaining: 275
Finished routing net _612_
Nets remaining: 274
Finished routing net _648_
Nets remaining: 273
Finished routing net _652_
Nets remaining: 272
Finished routing net _653_
Nets remaining: 271
Finished routing net _611_[0]
Nets remaining: 270
Finished routing net _655_
Nets remaining: 269
Finished routing net _657_
Nets remaining: 268
Finished routing net _658_
Nets remaining: 267
Finished routing net _611_[1]
Nets remaining: 266
Finished routing net _662_
Nets remaining: 265
Finished routing net _663_
Nets remaining: 264
Finished routing net _664_
Nets remaining: 263
Finished routing net _611_[2]
Nets remaining: 262
Finished routing net _665_
Nets remaining: 261
Finished routing net _667_
Nets remaining: 260
Finished routing net _611_[3]
Nets remaining: 259
Finished routing net _668_
Nets remaining: 258
Keeping route for net _670_
Finished routing net _671_
Nets remaining: 256
Finished routing net _675_
Nets remaining: 255
Finished routing net _676_
Nets remaining: 254
Keeping route for net _611_[4]
Finished routing net _677_
Nets remaining: 252
Finished routing net _678_
Nets remaining: 251
Finished routing net _679_
Nets remaining: 250
Finished routing net _680_
Nets remaining: 249
Finished routing net _611_[5]
Nets remaining: 248
Finished routing net _681_
Nets remaining: 247
Finished routing net _684_
Nets remaining: 246
Keeping route for net _685_
Finished routing net _686_
Nets remaining: 244
Finished routing net _688_
Nets remaining: 243
Finished routing net _689_
Nets remaining: 242
Finished routing net _611_[6]
Nets remaining: 241
Keeping route for net _690_
Finished routing net _692_
Nets remaining: 239
Finished routing net _693_
Nets remaining: 238
Finished routing net _694_
Nets remaining: 237
Finished routing net _611_[7]
Nets remaining: 236
Finished routing net _697_
Nets remaining: 235
Keeping route for net _698_
Finished routing net _702_
Nets remaining: 233
Finished routing net _703_
Nets remaining: 232
Finished routing net _704_
Nets remaining: 231
Finished routing net _707_
Nets remaining: 230
Finished routing net _708_
Nets remaining: 229
Finished routing net _710_
Nets remaining: 228
Finished routing net _711_
Nets remaining: 227
Finished routing net _713_
Nets remaining: 226
Keeping route for net _715_
Finished routing net _613_[0]
Nets remaining: 224
Finished routing net _717_
Nets remaining: 223
Finished routing net _718_
Nets remaining: 222
Finished routing net _613_[1]
Nets remaining: 221
Finished routing net _722_
Nets remaining: 220
Finished routing net _613_[2]
Nets remaining: 219
Finished routing net _724_
Nets remaining: 218
Finished routing net _613_[3]
Nets remaining: 217
Finished routing net _728_
Nets remaining: 216
Finished routing net _729_
Nets remaining: 215
Finished routing net _613_[4]
Nets remaining: 214
Finished routing net _731_
Nets remaining: 213
Finished routing net _732_
Nets remaining: 212
Finished routing net _613_[5]
Nets remaining: 211
Keeping route for net _734_
Finished routing net _735_
Nets remaining: 209
Finished routing net _613_[6]
Nets remaining: 208
Keeping route for net _737_
Finished routing net _740_
Nets remaining: 206
Finished routing net _613_[7]
Nets remaining: 205
Finished routing net _741_
Nets remaining: 204
Keeping route for net _743_
Finished routing net _744_
Nets remaining: 202
Finished routing net _745_
Nets remaining: 201
Finished routing net _613_[8]
Nets remaining: 200
Finished routing net _749_
Nets remaining: 199
Finished routing net _750_
Nets remaining: 198
Keeping route for net _613_[9]
Finished routing net _752_
Nets remaining: 196
Finished routing net _613_[10]
Nets remaining: 195
Finished routing net _753_
Nets remaining: 194
Finished routing net _755_
Nets remaining: 193
Keeping route for net _613_[11]
Keeping route for net _756_
Finished routing net _757_
Nets remaining: 190
Finished routing net _761_
Nets remaining: 189
Finished routing net _763_
Nets remaining: 188
Finished routing net _613_[12]
Nets remaining: 187
Keeping route for net _764_
Finished routing net _766_
Nets remaining: 185
Finished routing net _613_[13]
Nets remaining: 184
Finished routing net _767_
Nets remaining: 183
Finished routing net _769_
Nets remaining: 182
Finished routing net _771_
Nets remaining: 181
Keeping route for net _613_[14]
Finished routing net _772_
Nets remaining: 179
Finished routing net _773_
Nets remaining: 178
Finished routing net _613_[15]
Nets remaining: 177
Finished routing net _779_
Nets remaining: 176
Finished routing net _780_
Nets remaining: 175
Finished routing net _781_
Nets remaining: 174
Keeping route for net _610_[0]
Finished routing net _784_
Nets remaining: 172
Finished routing net _785_
Nets remaining: 171
Keeping route for net _786_
Finished routing net _610_[1]
Nets remaining: 169
Keeping route for net _787_
Keeping route for net _789_
Finished routing net _790_
Nets remaining: 166
Keeping route for net _791_
Finished routing net _610_[2]
Nets remaining: 164
Finished routing net ext_fifo_data[0]
Nets remaining: 163
Keeping route for net _794_
Finished routing net _614_[0]
Nets remaining: 161
Finished routing net ext_fifo_data[1]
Nets remaining: 160
Finished routing net _796_
Nets remaining: 159
Finished routing net _614_[1]
Nets remaining: 158
Keeping route for net _797_
Finished routing net ext_fifo_data[2]
Nets remaining: 156
Finished routing net _798_
Nets remaining: 155
Finished routing net _614_[2]
Nets remaining: 154
Keeping route for net _799_
Finished routing net ext_fifo_data[3]
Nets remaining: 152
Finished routing net _800_
Nets remaining: 151
Finished routing net _614_[3]
Nets remaining: 150
Finished routing net ext_fifo_data[4]
Nets remaining: 149
Finished routing net _802_
Nets remaining: 148
Finished routing net _614_[4]
Nets remaining: 147
Keeping route for net _803_
Finished routing net ext_fifo_data[5]
Nets remaining: 145
Finished routing net _804_
Nets remaining: 144
Finished routing net _614_[5]
Nets remaining: 143
Keeping route for net _805_
Finished routing net ext_fifo_data[6]
Nets remaining: 141
Finished routing net _806_
Nets remaining: 140
Finished routing net _614_[6]
Nets remaining: 139
Finished routing net \u_auto_data_inst.y_register\[7]
Nets remaining: 138
Finished routing net ext_fifo_data[7]
Nets remaining: 137
Finished routing net _808_
Nets remaining: 136
Finished routing net _614_[7]
Nets remaining: 135
Finished routing net _810_
Nets remaining: 134
Keeping route for net _811_
Finished routing net _815_
Nets remaining: 132
Finished routing net _816_
Nets remaining: 131
Keeping route for net _817_
Finished routing net _819_
Nets remaining: 129
Finished routing net _820_
Nets remaining: 128
Finished routing net _609_[0]
Nets remaining: 127
Finished routing net _822_
Nets remaining: 126
Finished routing net _825_
Nets remaining: 125
Finished routing net _826_
Nets remaining: 124
Finished routing net _609_[1]
Nets remaining: 123
Keeping route for net _827_
Finished routing net _828_
Nets remaining: 121
Finished routing net _831_
Nets remaining: 120
Finished routing net _832_
Nets remaining: 119
Finished routing net _609_[2]
Nets remaining: 118
Finished routing net _833_
Nets remaining: 117
Finished routing net _834_
Nets remaining: 116
Finished routing net _609_[3]
Nets remaining: 115
Finished routing net _836_
Nets remaining: 114
Finished routing net _837_
Nets remaining: 113
Finished routing net _839_
Nets remaining: 112
Finished routing net _840_
Nets remaining: 111
Finished routing net _842_
Nets remaining: 110
Finished routing net _843_
Nets remaining: 109
Finished routing net _845_
Nets remaining: 108
Finished routing net _846_
Nets remaining: 107
Finished routing net _847_
Nets remaining: 106
Keeping route for net _848_
Finished routing net _849_
Nets remaining: 104
Finished routing net _850_
Nets remaining: 103
Finished routing net _851_
Nets remaining: 102
Finished routing net _852_
Nets remaining: 101
Finished routing net _853_
Nets remaining: 100
Finished routing net _854_
Nets remaining: 99
Finished routing net _855_
Nets remaining: 98
Finished routing net _856_
Nets remaining: 97
Finished routing net _857_
Nets remaining: 96
Finished routing net _858_
Nets remaining: 95
Finished routing net _859_
Nets remaining: 94
Finished routing net _860_
Nets remaining: 93
Finished routing net _862_
Nets remaining: 92
Finished routing net _863_
Nets remaining: 91
Finished routing net _864_
Nets remaining: 90
Keeping route for net _865_
Finished routing net _866_
Nets remaining: 88
Finished routing net _867_
Nets remaining: 87
Finished routing net _868_
Nets remaining: 86
Finished routing net _869_
Nets remaining: 85
Finished routing net _870_
Nets remaining: 84
Keeping route for net _871_
Finished routing net _872_
Nets remaining: 82
Finished routing net _873_
Nets remaining: 81
Finished routing net _874_
Nets remaining: 80
Finished routing net _875_
Nets remaining: 79
Finished routing net _876_
Nets remaining: 78
Finished routing net _877_
Nets remaining: 77
Keeping route for net _878_
Finished routing net _879_
Nets remaining: 75
Finished routing net _880_
Nets remaining: 74
Finished routing net _881_
Nets remaining: 73
Finished routing net _882_
Nets remaining: 72
Finished routing net _883_
Nets remaining: 71
Finished routing net _884_
Nets remaining: 70
Finished routing net _885_
Nets remaining: 69
Finished routing net RESX
Nets remaining: 68
Finished routing net SPI_cs
Nets remaining: 67
Finished routing net SPI_dcx
Nets remaining: 66
Finished routing net SPI_out
Nets remaining: 65
Keeping route for net SPI_sclk
Keeping route for net ext_fifo_read_en
Finished routing net _93_
Nets remaining: 62
Finished routing net _95_
Nets remaining: 61
Keeping route for net _98_
Finished routing net _100_
Nets remaining: 59
Finished routing net _102_
Nets remaining: 58
Keeping route for net _103_
Finished routing net _104_
Nets remaining: 56
Finished routing net _105_
Nets remaining: 55
Finished routing net _106_
Nets remaining: 54
Keeping route for net _108_
Finished routing net _109_
Nets remaining: 52
Keeping route for net _17_
Finished routing net _18_
Nets remaining: 50
Finished routing net _23_
Nets remaining: 49
Finished routing net _24_
Nets remaining: 48
Finished routing net _25_
Nets remaining: 47
Finished routing net _26_
Nets remaining: 46
Finished routing net _27_
Nets remaining: 45
Finished routing net _29_
Nets remaining: 44
Finished routing net _30_
Nets remaining: 43
Finished routing net _31_
Nets remaining: 42
Finished routing net _32_
Nets remaining: 41
Finished routing net _33_
Nets remaining: 40
Finished routing net _34_
Nets remaining: 39
Finished routing net _35_
Nets remaining: 38
Finished routing net _36_
Nets remaining: 37
Finished routing net _37_
Nets remaining: 36
Finished routing net _38_
Nets remaining: 35
Finished routing net _39_
Nets remaining: 34
Finished routing net _40_
Nets remaining: 33
Finished routing net _41_
Nets remaining: 32
Finished routing net _42_
Nets remaining: 31
Finished routing net _43_
Nets remaining: 30
Finished routing net _44_
Nets remaining: 29
Finished routing net _45_
Nets remaining: 28
Finished routing net _46_
Nets remaining: 27
Keeping route for net _47_
Finished routing net _48_
Nets remaining: 25
Finished routing net _49_
Nets remaining: 24
Finished routing net _50_
Nets remaining: 23
Finished routing net _51_
Nets remaining: 22
Finished routing net _52_
Nets remaining: 21
Finished routing net _53_
Nets remaining: 20
Finished routing net _54_
Nets remaining: 19
Finished routing net _55_
Nets remaining: 18
Finished routing net _56_
Nets remaining: 17
Keeping route for net _57_
Finished routing net _58_
Nets remaining: 15
Finished routing net _59_
Nets remaining: 14
Finished routing net _60_
Nets remaining: 13
Finished routing net _61_
Nets remaining: 12
Finished routing net _62_
Nets remaining: 11
Finished routing net _63_
Nets remaining: 10
Finished routing net _64_
Nets remaining: 9
Finished routing net _65_
Nets remaining: 8
Finished routing net _66_
Nets remaining: 7
Finished routing net _67_
Nets remaining: 6
Finished routing net _68_
Nets remaining: 5
Finished routing net _69_
Nets remaining: 4
Finished routing net _70_
Nets remaining: 3
Finished routing net _72_
Nets remaining: 2
Finished routing net _73_
Nets remaining: 1
Finished routing net _75_
Nets remaining: 0

----------------------------------------------
Progress: Stage 3 total routes completed: 8902
No failed routes!
----------------------------------------------
*** Writing DEF file Display_optimized_auto_SPI_route.def
emit_routes():  DEF file has 1184 nets and 2 specialnets.
but qrouter wants to write 1184 nets and specialnets.
----------------------------------------------
Final: No failed routes!
----------------------------------------------
*** Writing RC file Display_optimized_auto_SPI_route.rc
DEF2Verilog -v /home/yosys123/Desktop/ETRI-0.5um-CMOS-MPW-Std-Cell-DK/Tutorials/ASIC_chip/Display_optimized_auto_SPI.rtlnopwr.v -o /home/yosys123/Desktop/ETRI-0.5um-CMOS-MPW-Std-Cell-DK/Tutorials/ASIC_chip/Display_optimized_auto_SPI_postroute.v
-p vdd -g gnd  -l  /usr/local/share/qflow/tech/etri050/etri050_stdcells.lef Display_optimized_auto_SPI_route.def

Generating RTL verilog and SPICE netlist file in directory
   /home/yosys123/Desktop/ETRI-0.5um-CMOS-MPW-Std-Cell-DK/Tutorials/ASIC_chip
Running vlog2Verilog.
vlog2Verilog -c -v vdd -g gnd -o Display_optimized_auto_SPI.rtl.anno.v Display_optimized_auto_SPI_postroute.v
vlog2Verilog -c -p -v vdd -g gnd -o Display_optimized_auto_SPI.rtlnopwr.anno.v Display_optimized_auto_SPI_postroute.v
/usr/local/share/qflow/bin/vlog2Verilog -c -b -p -n -v vdd -g gnd -o Display_optimized_auto_SPI.rtlbb.anno.v Display_optimized_auto_SPI_postroute.v
Running vlog2Spice.
vlog2Spice -i -l  /usr/local/share/qflow/tech/etri050/etri050_stdcells.sp -o Display_optimized_auto_SPI.anno.spc Display_optimized_auto_SPI.rtl.anno.v
Warning:  No SPICE subcircuit for FILL.  Pin order will be arbitrary.
Router script ended on Fri 05 Jun 2026 01:20:47 AM PDT
