Qflow synthesis logfile created on Fri 05 Jun 2026 12:12:27 AM PDT
Running yosys for verilog parsing and synthesis
yosys  -s Display_optimized_auto_SPI.ys

 /----------------------------------------------------------------------------\
 |                                                                            |
 |  yosys -- Yosys Open SYnthesis Suite                                       |
 |                                                                            |
 |  Copyright (C) 2012 - 2019  Clifford Wolf <clifford@clifford.at>           |
 |                                                                            |
 |  Permission to use, copy, modify, and/or distribute this software for any  |
 |  purpose with or without fee is hereby granted, provided that the above    |
 |  copyright notice and this permission notice appear in all copies.         |
 |                                                                            |
 |  THE SOFTWARE IS PROVIDED "AS IS" AND THE AUTHOR DISCLAIMS ALL WARRANTIES  |
 |  WITH REGARD TO THIS SOFTWARE INCLUDING ALL IMPLIED WARRANTIES OF          |
 |  MERCHANTABILITY AND FITNESS. IN NO EVENT SHALL THE AUTHOR BE LIABLE FOR   |
 |  ANY SPECIAL, DIRECT, INDIRECT, OR CONSEQUENTIAL DAMAGES OR ANY DAMAGES    |
 |  WHATSOEVER RESULTING FROM LOSS OF USE, DATA OR PROFITS, WHETHER IN AN     |
 |  ACTION OF CONTRACT, NEGLIGENCE OR OTHER TORTIOUS ACTION, ARISING OUT OF   |
 |  OR IN CONNECTION WITH THE USE OR PERFORMANCE OF THIS SOFTWARE.            |
 |                                                                            |
 \----------------------------------------------------------------------------/

 Yosys 0.9 (git sha1 1979e0b)


-- Executing script file `Display_optimized_auto_SPI.ys' --

1. Executing Liberty frontend.
Imported 39 cell types from liberty file.

2. Executing Verilog-2005 frontend: /home/yosys123/Desktop/ETRI-0.5um-CMOS-MPW-Std-Cell-DK/Tutorials/ASIC_chip/source/Display_optimized_auto_SPI.v
Parsing Verilog input from `/home/yosys123/Desktop/ETRI-0.5um-CMOS-MPW-Std-Cell-DK/Tutorials/ASIC_chip/source/Display_optimized_auto_SPI.v' to AST representation.
Generating RTLIL representation for module `\auto_data_inst'.
Generating RTLIL representation for module `\Display_optimized_auto_SPI'.
Generating RTLIL representation for module `\enable_gen_dcx'.
Generating RTLIL representation for module `\sclk_gen_dcx'.
Generating RTLIL representation for module `\SPI_HEAD_MOSI_REF'.
Generating RTLIL representation for module `\SPI_mosi_FSM'.
Successfully finished Verilog frontend.

3. Executing SYNTH pass.

3.1. Executing HIERARCHY pass (managing design hierarchy).

3.1.1. Analyzing design hierarchy..
Top module:  \Display_optimized_auto_SPI
Used module:     \SPI_HEAD_MOSI_REF
Used module:         \enable_gen_dcx
Used module:         \sclk_gen_dcx
Used module:     \auto_data_inst
Used module:     \SPI_mosi_FSM

3.1.2. Executing AST frontend in derive mode using pre-parsed AST for module `\SPI_HEAD_MOSI_REF'.
Parameter \RESET_WAIT_HW_AND_SLEEP_OUT_WAIT_ns = 120000000
Generating RTLIL representation for module `$paramod\SPI_HEAD_MOSI_REF\RESET_WAIT_HW_AND_SLEEP_OUT_WAIT_ns=120000000'.

3.1.3. Executing AST frontend in derive mode using pre-parsed AST for module `\auto_data_inst'.
Parameter \FIFO_OUT_LENGTH = 8
Parameter \DISPLAY_INPUT_LENGTH = 8
Parameter \DISPLAY_Y_COR = 240
Parameter \DISPLAY_X_COR = 320
Generating RTLIL representation for module `$paramod$a0aa458b497a109685e0101f27705dd7387ad238\auto_data_inst'.

3.1.4. Executing AST frontend in derive mode using pre-parsed AST for module `\SPI_mosi_FSM'.
Parameter \length = 8
Parameter \instruction_rate = 8
Generating RTLIL representation for module `$paramod\SPI_mosi_FSM\length=8\instruction_rate=8'.

3.1.5. Analyzing design hierarchy..
Top module:  \Display_optimized_auto_SPI
Used module:     $paramod\SPI_HEAD_MOSI_REF\RESET_WAIT_HW_AND_SLEEP_OUT_WAIT_ns=120000000
Used module:         \enable_gen_dcx
Used module:         \sclk_gen_dcx
Used module:     $paramod$a0aa458b497a109685e0101f27705dd7387ad238\auto_data_inst
Used module:     $paramod\SPI_mosi_FSM\length=8\instruction_rate=8

3.1.6. Analyzing design hierarchy..
Top module:  \Display_optimized_auto_SPI
Used module:     $paramod\SPI_HEAD_MOSI_REF\RESET_WAIT_HW_AND_SLEEP_OUT_WAIT_ns=120000000
Used module:         \enable_gen_dcx
Used module:         \sclk_gen_dcx
Used module:     $paramod$a0aa458b497a109685e0101f27705dd7387ad238\auto_data_inst
Used module:     $paramod\SPI_mosi_FSM\length=8\instruction_rate=8
Removing unused module `\SPI_mosi_FSM'.
Removing unused module `\SPI_HEAD_MOSI_REF'.
Removing unused module `\auto_data_inst'.
Removed 3 unused modules.

3.2. Executing PROC pass (convert processes to netlists).

3.2.1. Executing PROC_CLEAN pass (remove empty switches from decision trees).
Cleaned up 0 empty switches.

3.2.2. Executing PROC_RMDEAD pass (remove dead branches from decision trees).
Removed 1 dead cases from process $proc$/home/yosys123/Desktop/ETRI-0.5um-CMOS-MPW-Std-Cell-DK/Tutorials/ASIC_chip/source/Display_optimized_auto_SPI.v:723$283 in module $paramod\SPI_mosi_FSM\length=8\instruction_rate=8.
Marked 5 switch rules as full_case in process $proc$/home/yosys123/Desktop/ETRI-0.5um-CMOS-MPW-Std-Cell-DK/Tutorials/ASIC_chip/source/Display_optimized_auto_SPI.v:723$283 in module $paramod\SPI_mosi_FSM\length=8\instruction_rate=8.
Marked 1 switch rules as full_case in process $proc$/home/yosys123/Desktop/ETRI-0.5um-CMOS-MPW-Std-Cell-DK/Tutorials/ASIC_chip/source/Display_optimized_auto_SPI.v:713$277 in module $paramod\SPI_mosi_FSM\length=8\instruction_rate=8.
Marked 7 switch rules as full_case in process $proc$/home/yosys123/Desktop/ETRI-0.5um-CMOS-MPW-Std-Cell-DK/Tutorials/ASIC_chip/source/Display_optimized_auto_SPI.v:187$265 in module $paramod$a0aa458b497a109685e0101f27705dd7387ad238\auto_data_inst.
Marked 5 switch rules as full_case in process $proc$/home/yosys123/Desktop/ETRI-0.5um-CMOS-MPW-Std-Cell-DK/Tutorials/ASIC_chip/source/Display_optimized_auto_SPI.v:89$262 in module $paramod$a0aa458b497a109685e0101f27705dd7387ad238\auto_data_inst.
Marked 8 switch rules as full_case in process $proc$/home/yosys123/Desktop/ETRI-0.5um-CMOS-MPW-Std-Cell-DK/Tutorials/ASIC_chip/source/Display_optimized_auto_SPI.v:46$256 in module $paramod$a0aa458b497a109685e0101f27705dd7387ad238\auto_data_inst.
Marked 1 switch rules as full_case in process $proc$/home/yosys123/Desktop/ETRI-0.5um-CMOS-MPW-Std-Cell-DK/Tutorials/ASIC_chip/source/Display_optimized_auto_SPI.v:41$253 in module $paramod$a0aa458b497a109685e0101f27705dd7387ad238\auto_data_inst.
Marked 2 switch rules as full_case in process $proc$/home/yosys123/Desktop/ETRI-0.5um-CMOS-MPW-Std-Cell-DK/Tutorials/ASIC_chip/source/Display_optimized_auto_SPI.v:415$32 in module sclk_gen_dcx.
Removed 1 dead cases from process $proc$/home/yosys123/Desktop/ETRI-0.5um-CMOS-MPW-Std-Cell-DK/Tutorials/ASIC_chip/source/Display_optimized_auto_SPI.v:388$29 in module enable_gen_dcx.
Marked 3 switch rules as full_case in process $proc$/home/yosys123/Desktop/ETRI-0.5um-CMOS-MPW-Std-Cell-DK/Tutorials/ASIC_chip/source/Display_optimized_auto_SPI.v:388$29 in module enable_gen_dcx.
Removed 1 dead cases from process $proc$/home/yosys123/Desktop/ETRI-0.5um-CMOS-MPW-Std-Cell-DK/Tutorials/ASIC_chip/source/Display_optimized_auto_SPI.v:377$26 in module enable_gen_dcx.
Marked 3 switch rules as full_case in process $proc$/home/yosys123/Desktop/ETRI-0.5um-CMOS-MPW-Std-Cell-DK/Tutorials/ASIC_chip/source/Display_optimized_auto_SPI.v:377$26 in module enable_gen_dcx.
Marked 1 switch rules as full_case in process $proc$/home/yosys123/Desktop/ETRI-0.5um-CMOS-MPW-Std-Cell-DK/Tutorials/ASIC_chip/source/Display_optimized_auto_SPI.v:368$25 in module enable_gen_dcx.
Marked 7 switch rules as full_case in process $proc$/home/yosys123/Desktop/ETRI-0.5um-CMOS-MPW-Std-Cell-DK/Tutorials/ASIC_chip/source/Display_optimized_auto_SPI.v:642$207 in module $paramod\SPI_HEAD_MOSI_REF\RESET_WAIT_HW_AND_SLEEP_OUT_WAIT_ns=120000000.
Marked 12 switch rules as full_case in process $proc$/home/yosys123/Desktop/ETRI-0.5um-CMOS-MPW-Std-Cell-DK/Tutorials/ASIC_chip/source/Display_optimized_auto_SPI.v:605$194 in module $paramod\SPI_HEAD_MOSI_REF\RESET_WAIT_HW_AND_SLEEP_OUT_WAIT_ns=120000000.
Marked 1 switch rules as full_case in process $proc$/home/yosys123/Desktop/ETRI-0.5um-CMOS-MPW-Std-Cell-DK/Tutorials/ASIC_chip/source/Display_optimized_auto_SPI.v:544$177 in module $paramod\SPI_HEAD_MOSI_REF\RESET_WAIT_HW_AND_SLEEP_OUT_WAIT_ns=120000000.
Marked 1 switch rules as full_case in process $proc$/home/yosys123/Desktop/ETRI-0.5um-CMOS-MPW-Std-Cell-DK/Tutorials/ASIC_chip/source/Display_optimized_auto_SPI.v:539$176 in module $paramod\SPI_HEAD_MOSI_REF\RESET_WAIT_HW_AND_SLEEP_OUT_WAIT_ns=120000000.
Removed a total of 3 dead cases.

3.2.3. Executing PROC_INIT pass (extract init attributes).
Found init rule in `$paramod$a0aa458b497a109685e0101f27705dd7387ad238\auto_data_inst.$proc$/home/yosys123/Desktop/ETRI-0.5um-CMOS-MPW-Std-Cell-DK/Tutorials/ASIC_chip/source/Display_optimized_auto_SPI.v:40$276'.
  Set init value: \AUTO_state = 4'0000
Found init rule in `$paramod$a0aa458b497a109685e0101f27705dd7387ad238\auto_data_inst.$proc$/home/yosys123/Desktop/ETRI-0.5um-CMOS-MPW-Std-Cell-DK/Tutorials/ASIC_chip/source/Display_optimized_auto_SPI.v:39$275'.
  Set init value: \next_state = 4'0000
Found init rule in `$paramod\SPI_HEAD_MOSI_REF\RESET_WAIT_HW_AND_SLEEP_OUT_WAIT_ns=120000000.$proc$/home/yosys123/Desktop/ETRI-0.5um-CMOS-MPW-Std-Cell-DK/Tutorials/ASIC_chip/source/Display_optimized_auto_SPI.v:521$252'.
  Set init value: \INST_state = 3'010
Found init rule in `$paramod\SPI_HEAD_MOSI_REF\RESET_WAIT_HW_AND_SLEEP_OUT_WAIT_ns=120000000.$proc$/home/yosys123/Desktop/ETRI-0.5um-CMOS-MPW-Std-Cell-DK/Tutorials/ASIC_chip/source/Display_optimized_auto_SPI.v:520$251'.
  Set init value: \next_state_init = 3'010

3.2.4. Executing PROC_ARST pass (detect async resets in processes).

3.2.5. Executing PROC_MUX pass (convert decision trees to multiplexers).
Creating decoders for process `$paramod\SPI_mosi_FSM\length=8\instruction_rate=8.$proc$/home/yosys123/Desktop/ETRI-0.5um-CMOS-MPW-Std-Cell-DK/Tutorials/ASIC_chip/source/Display_optimized_auto_SPI.v:723$283'.
     1/6: $0\state_mosi[1:0]
     2/6: $0\sclk_counter[3:0]
     3/6: $0\data_register[7:0]
     4/6: $0\tx_stage[0:0]
     5/6: $0\done[0:0]
     6/6: $0\dcx[0:0]
Creating decoders for process `$paramod\SPI_mosi_FSM\length=8\instruction_rate=8.$proc$/home/yosys123/Desktop/ETRI-0.5um-CMOS-MPW-Std-Cell-DK/Tutorials/ASIC_chip/source/Display_optimized_auto_SPI.v:713$277'.
     1/2: $0\valid_pulse[0:0]
     2/2: $0\data_valid_d[0:0]
Creating decoders for process `$paramod$a0aa458b497a109685e0101f27705dd7387ad238\auto_data_inst.$proc$/home/yosys123/Desktop/ETRI-0.5um-CMOS-MPW-Std-Cell-DK/Tutorials/ASIC_chip/source/Display_optimized_auto_SPI.v:40$276'.
     1/1: $1\AUTO_state[3:0]
Creating decoders for process `$paramod$a0aa458b497a109685e0101f27705dd7387ad238\auto_data_inst.$proc$/home/yosys123/Desktop/ETRI-0.5um-CMOS-MPW-Std-Cell-DK/Tutorials/ASIC_chip/source/Display_optimized_auto_SPI.v:39$275'.
     1/1: $9\next_state[3:0]
Creating decoders for process `$paramod$a0aa458b497a109685e0101f27705dd7387ad238\auto_data_inst.$proc$/home/yosys123/Desktop/ETRI-0.5um-CMOS-MPW-Std-Cell-DK/Tutorials/ASIC_chip/source/Display_optimized_auto_SPI.v:34$274'.
     1/1: $0\continuous_inst[7:0]
Creating decoders for process `$paramod$a0aa458b497a109685e0101f27705dd7387ad238\auto_data_inst.$proc$/home/yosys123/Desktop/ETRI-0.5um-CMOS-MPW-Std-Cell-DK/Tutorials/ASIC_chip/source/Display_optimized_auto_SPI.v:33$273'.
     1/1: $0\y_string_inst[7:0]
Creating decoders for process `$paramod$a0aa458b497a109685e0101f27705dd7387ad238\auto_data_inst.$proc$/home/yosys123/Desktop/ETRI-0.5um-CMOS-MPW-Std-Cell-DK/Tutorials/ASIC_chip/source/Display_optimized_auto_SPI.v:32$272'.
     1/1: $0\x_string_inst[7:0]
Creating decoders for process `$paramod$a0aa458b497a109685e0101f27705dd7387ad238\auto_data_inst.$proc$/home/yosys123/Desktop/ETRI-0.5um-CMOS-MPW-Std-Cell-DK/Tutorials/ASIC_chip/source/Display_optimized_auto_SPI.v:187$265'.
     1/5: $0\pixel_counter[0:0]
     2/5: $0\line_counter[7:0]
     3/5: $0\done_count[2:0]
     4/5: $0\x_start_end_15_8[15:0]
     5/5: $0\y_register[7:0]
Creating decoders for process `$paramod$a0aa458b497a109685e0101f27705dd7387ad238\auto_data_inst.$proc$/home/yosys123/Desktop/ETRI-0.5um-CMOS-MPW-Std-Cell-DK/Tutorials/ASIC_chip/source/Display_optimized_auto_SPI.v:89$262'.
     1/20: $5\instruction_load[0:0]
     2/20: $5\data_out[7:0]
     3/20: $4\instruction_load[0:0]
     4/20: $4\data_out[7:0]
     5/20: $3\instruction_load[0:0]
     6/20: $3\inst_out[7:0]
     7/20: $3\data_out[7:0]
     8/20: $2\instruction_load[0:0]
     9/20: $2\inst_out[7:0]
    10/20: $2\data_out[7:0]
    11/20: $1\cs[0:0]
    12/20: $1\line_done[0:0]
    13/20: $1\instruction_load[0:0]
    14/20: $1\inst_out[7:0]
    15/20: $1\data_out[7:0]
    16/20: $0\cs[0:0]
    17/20: $0\line_done[0:0]
    18/20: $0\instruction_load[0:0]
    19/20: $0\inst_out[7:0]
    20/20: $0\data_out[7:0]
Creating decoders for process `$paramod$a0aa458b497a109685e0101f27705dd7387ad238\auto_data_inst.$proc$/home/yosys123/Desktop/ETRI-0.5um-CMOS-MPW-Std-Cell-DK/Tutorials/ASIC_chip/source/Display_optimized_auto_SPI.v:46$256'.
     1/9: $8\next_state[3:0]
     2/9: $7\next_state[3:0]
     3/9: $6\next_state[3:0]
     4/9: $5\next_state[3:0]
     5/9: $4\next_state[3:0]
     6/9: $3\next_state[3:0]
     7/9: $2\next_state[3:0]
     8/9: $1\next_state[3:0]
     9/9: $0\next_state[3:0]
Creating decoders for process `$paramod$a0aa458b497a109685e0101f27705dd7387ad238\auto_data_inst.$proc$/home/yosys123/Desktop/ETRI-0.5um-CMOS-MPW-Std-Cell-DK/Tutorials/ASIC_chip/source/Display_optimized_auto_SPI.v:41$253'.
     1/1: $0\AUTO_state[3:0]
Creating decoders for process `\sclk_gen_dcx.$proc$/home/yosys123/Desktop/ETRI-0.5um-CMOS-MPW-Std-Cell-DK/Tutorials/ASIC_chip/source/Display_optimized_auto_SPI.v:415$32'.
     1/2: $0\clk_counter[6:0]
     2/2: $0\sclk[0:0]
Creating decoders for process `\enable_gen_dcx.$proc$/home/yosys123/Desktop/ETRI-0.5um-CMOS-MPW-Std-Cell-DK/Tutorials/ASIC_chip/source/Display_optimized_auto_SPI.v:388$29'.
     1/4: $3\enable_mosi[0:0]
     2/4: $2\enable_mosi[0:0]
     3/4: $1\enable_mosi[0:0]
     4/4: $0\enable_mosi[0:0]
Creating decoders for process `\enable_gen_dcx.$proc$/home/yosys123/Desktop/ETRI-0.5um-CMOS-MPW-Std-Cell-DK/Tutorials/ASIC_chip/source/Display_optimized_auto_SPI.v:377$26'.
     1/4: $3\enable_miso[0:0]
     2/4: $2\enable_miso[0:0]
     3/4: $1\enable_miso[0:0]
     4/4: $0\enable_miso[0:0]
Creating decoders for process `\enable_gen_dcx.$proc$/home/yosys123/Desktop/ETRI-0.5um-CMOS-MPW-Std-Cell-DK/Tutorials/ASIC_chip/source/Display_optimized_auto_SPI.v:368$25'.
     1/2: $0\sclk_reg_mosi[1:0]
     2/2: $0\sclk_reg_miso[1:0]
Creating decoders for process `$paramod\SPI_HEAD_MOSI_REF\RESET_WAIT_HW_AND_SLEEP_OUT_WAIT_ns=120000000.$proc$/home/yosys123/Desktop/ETRI-0.5um-CMOS-MPW-Std-Cell-DK/Tutorials/ASIC_chip/source/Display_optimized_auto_SPI.v:521$252'.
     1/1: $1\INST_state[2:0]
Creating decoders for process `$paramod\SPI_HEAD_MOSI_REF\RESET_WAIT_HW_AND_SLEEP_OUT_WAIT_ns=120000000.$proc$/home/yosys123/Desktop/ETRI-0.5um-CMOS-MPW-Std-Cell-DK/Tutorials/ASIC_chip/source/Display_optimized_auto_SPI.v:520$251'.
     1/1: $12\next_state_init[2:0]
Creating decoders for process `$paramod\SPI_HEAD_MOSI_REF\RESET_WAIT_HW_AND_SLEEP_OUT_WAIT_ns=120000000.$proc$/home/yosys123/Desktop/ETRI-0.5um-CMOS-MPW-Std-Cell-DK/Tutorials/ASIC_chip/source/Display_optimized_auto_SPI.v:429$250'.
     1/7: $0\init_seq[6][9:0]
     2/7: $0\init_seq[5][9:0]
     3/7: $0\init_seq[4][9:0]
     4/7: $0\init_seq[3][9:0]
     5/7: $0\init_seq[2][9:0]
     6/7: $0\init_seq[1][9:0]
     7/7: $0\init_seq[0][9:0]
Creating decoders for process `$paramod\SPI_HEAD_MOSI_REF\RESET_WAIT_HW_AND_SLEEP_OUT_WAIT_ns=120000000.$proc$/home/yosys123/Desktop/ETRI-0.5um-CMOS-MPW-Std-Cell-DK/Tutorials/ASIC_chip/source/Display_optimized_auto_SPI.v:642$207'.
     1/56: $2$mem2reg_rd$\init_seq$/home/yosys123/Desktop/ETRI-0.5um-CMOS-MPW-Std-Cell-DK/Tutorials/ASIC_chip/source/Display_optimized_auto_SPI.v:669$165_DATA[9:0]$249
     2/56: $2$mem2reg_rd$\init_seq$/home/yosys123/Desktop/ETRI-0.5um-CMOS-MPW-Std-Cell-DK/Tutorials/ASIC_chip/source/Display_optimized_auto_SPI.v:668$164_DATA[9:0]$248
     3/56: $2$mem2reg_rd$\init_seq$/home/yosys123/Desktop/ETRI-0.5um-CMOS-MPW-Std-Cell-DK/Tutorials/ASIC_chip/source/Display_optimized_auto_SPI.v:663$163_DATA[9:0]$247
     4/56: $2$mem2reg_rd$\init_seq$/home/yosys123/Desktop/ETRI-0.5um-CMOS-MPW-Std-Cell-DK/Tutorials/ASIC_chip/source/Display_optimized_auto_SPI.v:662$162_DATA[9:0]$246
     5/56: $2$mem2reg_rd$\init_seq$/home/yosys123/Desktop/ETRI-0.5um-CMOS-MPW-Std-Cell-DK/Tutorials/ASIC_chip/source/Display_optimized_auto_SPI.v:657$161_DATA[9:0]$245
     6/56: $2$mem2reg_rd$\init_seq$/home/yosys123/Desktop/ETRI-0.5um-CMOS-MPW-Std-Cell-DK/Tutorials/ASIC_chip/source/Display_optimized_auto_SPI.v:656$160_DATA[9:0]$244
     7/56: $1$mem2reg_rd$\init_seq$/home/yosys123/Desktop/ETRI-0.5um-CMOS-MPW-Std-Cell-DK/Tutorials/ASIC_chip/source/Display_optimized_auto_SPI.v:669$165_DATA[9:0]$243
     8/56: $1$mem2reg_rd$\init_seq$/home/yosys123/Desktop/ETRI-0.5um-CMOS-MPW-Std-Cell-DK/Tutorials/ASIC_chip/source/Display_optimized_auto_SPI.v:669$165_ADDR[2:0]$242
     9/56: $1$mem2reg_rd$\init_seq$/home/yosys123/Desktop/ETRI-0.5um-CMOS-MPW-Std-Cell-DK/Tutorials/ASIC_chip/source/Display_optimized_auto_SPI.v:668$164_DATA[9:0]$241
    10/56: $1$mem2reg_rd$\init_seq$/home/yosys123/Desktop/ETRI-0.5um-CMOS-MPW-Std-Cell-DK/Tutorials/ASIC_chip/source/Display_optimized_auto_SPI.v:668$164_ADDR[2:0]$240
    11/56: $1$mem2reg_rd$\init_seq$/home/yosys123/Desktop/ETRI-0.5um-CMOS-MPW-Std-Cell-DK/Tutorials/ASIC_chip/source/Display_optimized_auto_SPI.v:663$163_DATA[9:0]$239
    12/56: $1$mem2reg_rd$\init_seq$/home/yosys123/Desktop/ETRI-0.5um-CMOS-MPW-Std-Cell-DK/Tutorials/ASIC_chip/source/Display_optimized_auto_SPI.v:663$163_ADDR[2:0]$238
    13/56: $1$mem2reg_rd$\init_seq$/home/yosys123/Desktop/ETRI-0.5um-CMOS-MPW-Std-Cell-DK/Tutorials/ASIC_chip/source/Display_optimized_auto_SPI.v:662$162_DATA[9:0]$237
    14/56: $1$mem2reg_rd$\init_seq$/home/yosys123/Desktop/ETRI-0.5um-CMOS-MPW-Std-Cell-DK/Tutorials/ASIC_chip/source/Display_optimized_auto_SPI.v:662$162_ADDR[2:0]$236
    15/56: $1$mem2reg_rd$\init_seq$/home/yosys123/Desktop/ETRI-0.5um-CMOS-MPW-Std-Cell-DK/Tutorials/ASIC_chip/source/Display_optimized_auto_SPI.v:657$161_DATA[9:0]$235
    16/56: $1$mem2reg_rd$\init_seq$/home/yosys123/Desktop/ETRI-0.5um-CMOS-MPW-Std-Cell-DK/Tutorials/ASIC_chip/source/Display_optimized_auto_SPI.v:657$161_ADDR[2:0]$234
    17/56: $1$mem2reg_rd$\init_seq$/home/yosys123/Desktop/ETRI-0.5um-CMOS-MPW-Std-Cell-DK/Tutorials/ASIC_chip/source/Display_optimized_auto_SPI.v:656$160_DATA[9:0]$233
    18/56: $1$mem2reg_rd$\init_seq$/home/yosys123/Desktop/ETRI-0.5um-CMOS-MPW-Std-Cell-DK/Tutorials/ASIC_chip/source/Display_optimized_auto_SPI.v:656$160_ADDR[2:0]$232
    19/56: $1$mem2bits$\init_seq$/home/yosys123/Desktop/ETRI-0.5um-CMOS-MPW-Std-Cell-DK/Tutorials/ASIC_chip/source/Display_optimized_auto_SPI.v:662$155[9:0]$231
    20/56: $1$mem2bits$\init_seq$/home/yosys123/Desktop/ETRI-0.5um-CMOS-MPW-Std-Cell-DK/Tutorials/ASIC_chip/source/Display_optimized_auto_SPI.v:668$157[9:0]$230
    21/56: $1$mem2bits$\init_seq$/home/yosys123/Desktop/ETRI-0.5um-CMOS-MPW-Std-Cell-DK/Tutorials/ASIC_chip/source/Display_optimized_auto_SPI.v:663$156[9:0]$229
    22/56: $1$mem2bits$\init_seq$/home/yosys123/Desktop/ETRI-0.5um-CMOS-MPW-Std-Cell-DK/Tutorials/ASIC_chip/source/Display_optimized_auto_SPI.v:657$154[9:0]$228
    23/56: $1$mem2bits$\init_seq$/home/yosys123/Desktop/ETRI-0.5um-CMOS-MPW-Std-Cell-DK/Tutorials/ASIC_chip/source/Display_optimized_auto_SPI.v:656$153[9:0]$227
    24/56: $1$mem2bits$\init_seq$/home/yosys123/Desktop/ETRI-0.5um-CMOS-MPW-Std-Cell-DK/Tutorials/ASIC_chip/source/Display_optimized_auto_SPI.v:669$158[9:0]$226
    25/56: $1\cs_mosi_init[0:0]
    26/56: $1\mosi_en_init[0:0]
    27/56: $1\tx_dcx_init[0:0]
    28/56: $1\tx_load_init[0:0]
    29/56: $1\tx_data_init[7:0]
    30/56: $1\reset_out[0:0]
    31/56: $1\initial_inst_end[0:0]
    32/56: $0$mem2reg_rd$\init_seq$/home/yosys123/Desktop/ETRI-0.5um-CMOS-MPW-Std-Cell-DK/Tutorials/ASIC_chip/source/Display_optimized_auto_SPI.v:669$165_DATA[9:0]$225
    33/56: $0$mem2reg_rd$\init_seq$/home/yosys123/Desktop/ETRI-0.5um-CMOS-MPW-Std-Cell-DK/Tutorials/ASIC_chip/source/Display_optimized_auto_SPI.v:669$165_ADDR[2:0]$224
    34/56: $0$mem2reg_rd$\init_seq$/home/yosys123/Desktop/ETRI-0.5um-CMOS-MPW-Std-Cell-DK/Tutorials/ASIC_chip/source/Display_optimized_auto_SPI.v:668$164_DATA[9:0]$223
    35/56: $0$mem2reg_rd$\init_seq$/home/yosys123/Desktop/ETRI-0.5um-CMOS-MPW-Std-Cell-DK/Tutorials/ASIC_chip/source/Display_optimized_auto_SPI.v:668$164_ADDR[2:0]$222
    36/56: $0$mem2reg_rd$\init_seq$/home/yosys123/Desktop/ETRI-0.5um-CMOS-MPW-Std-Cell-DK/Tutorials/ASIC_chip/source/Display_optimized_auto_SPI.v:663$163_DATA[9:0]$221
    37/56: $0$mem2reg_rd$\init_seq$/home/yosys123/Desktop/ETRI-0.5um-CMOS-MPW-Std-Cell-DK/Tutorials/ASIC_chip/source/Display_optimized_auto_SPI.v:663$163_ADDR[2:0]$220
    38/56: $0$mem2reg_rd$\init_seq$/home/yosys123/Desktop/ETRI-0.5um-CMOS-MPW-Std-Cell-DK/Tutorials/ASIC_chip/source/Display_optimized_auto_SPI.v:662$162_DATA[9:0]$219
    39/56: $0$mem2reg_rd$\init_seq$/home/yosys123/Desktop/ETRI-0.5um-CMOS-MPW-Std-Cell-DK/Tutorials/ASIC_chip/source/Display_optimized_auto_SPI.v:662$162_ADDR[2:0]$218
    40/56: $0$mem2reg_rd$\init_seq$/home/yosys123/Desktop/ETRI-0.5um-CMOS-MPW-Std-Cell-DK/Tutorials/ASIC_chip/source/Display_optimized_auto_SPI.v:657$161_DATA[9:0]$217
    41/56: $0$mem2reg_rd$\init_seq$/home/yosys123/Desktop/ETRI-0.5um-CMOS-MPW-Std-Cell-DK/Tutorials/ASIC_chip/source/Display_optimized_auto_SPI.v:657$161_ADDR[2:0]$216
    42/56: $0$mem2reg_rd$\init_seq$/home/yosys123/Desktop/ETRI-0.5um-CMOS-MPW-Std-Cell-DK/Tutorials/ASIC_chip/source/Display_optimized_auto_SPI.v:656$160_DATA[9:0]$215
    43/56: $0$mem2reg_rd$\init_seq$/home/yosys123/Desktop/ETRI-0.5um-CMOS-MPW-Std-Cell-DK/Tutorials/ASIC_chip/source/Display_optimized_auto_SPI.v:656$160_ADDR[2:0]$214
    44/56: $0$mem2bits$\init_seq$/home/yosys123/Desktop/ETRI-0.5um-CMOS-MPW-Std-Cell-DK/Tutorials/ASIC_chip/source/Display_optimized_auto_SPI.v:662$155[9:0]$213
    45/56: $0$mem2bits$\init_seq$/home/yosys123/Desktop/ETRI-0.5um-CMOS-MPW-Std-Cell-DK/Tutorials/ASIC_chip/source/Display_optimized_auto_SPI.v:668$157[9:0]$212
    46/56: $0$mem2bits$\init_seq$/home/yosys123/Desktop/ETRI-0.5um-CMOS-MPW-Std-Cell-DK/Tutorials/ASIC_chip/source/Display_optimized_auto_SPI.v:663$156[9:0]$211
    47/56: $0$mem2bits$\init_seq$/home/yosys123/Desktop/ETRI-0.5um-CMOS-MPW-Std-Cell-DK/Tutorials/ASIC_chip/source/Display_optimized_auto_SPI.v:657$154[9:0]$210
    48/56: $0$mem2bits$\init_seq$/home/yosys123/Desktop/ETRI-0.5um-CMOS-MPW-Std-Cell-DK/Tutorials/ASIC_chip/source/Display_optimized_auto_SPI.v:656$153[9:0]$209
    49/56: $0$mem2bits$\init_seq$/home/yosys123/Desktop/ETRI-0.5um-CMOS-MPW-Std-Cell-DK/Tutorials/ASIC_chip/source/Display_optimized_auto_SPI.v:669$158[9:0]$208
    50/56: $0\cs_mosi_init[0:0]
    51/56: $0\mosi_en_init[0:0]
    52/56: $0\tx_dcx_init[0:0]
    53/56: $0\tx_load_init[0:0]
    54/56: $0\tx_data_init[7:0]
    55/56: $0\reset_out[0:0]
    56/56: $0\initial_inst_end[0:0]
Creating decoders for process `$paramod\SPI_HEAD_MOSI_REF\RESET_WAIT_HW_AND_SLEEP_OUT_WAIT_ns=120000000.$proc$/home/yosys123/Desktop/ETRI-0.5um-CMOS-MPW-Std-Cell-DK/Tutorials/ASIC_chip/source/Display_optimized_auto_SPI.v:605$194'.
     1/22: $11\next_state_init[2:0]
     2/22: $10\next_state_init[2:0]
     3/22: $9\next_state_init[2:0]
     4/22: $8\next_state_init[2:0]
     5/22: $7\next_state_init[2:0]
     6/22: $6\next_state_init[2:0]
     7/22: $3$mem2reg_rd$\init_seq$/home/yosys123/Desktop/ETRI-0.5um-CMOS-MPW-Std-Cell-DK/Tutorials/ASIC_chip/source/Display_optimized_auto_SPI.v:620$159_DATA[9:0]$204
     8/22: $5\next_state_init[2:0]
     9/22: $2$mem2bits$\init_seq$/home/yosys123/Desktop/ETRI-0.5um-CMOS-MPW-Std-Cell-DK/Tutorials/ASIC_chip/source/Display_optimized_auto_SPI.v:620$152[9:0]$202
    10/22: $2$mem2reg_rd$\init_seq$/home/yosys123/Desktop/ETRI-0.5um-CMOS-MPW-Std-Cell-DK/Tutorials/ASIC_chip/source/Display_optimized_auto_SPI.v:620$159_DATA[9:0]$201
    11/22: $2$mem2reg_rd$\init_seq$/home/yosys123/Desktop/ETRI-0.5um-CMOS-MPW-Std-Cell-DK/Tutorials/ASIC_chip/source/Display_optimized_auto_SPI.v:620$159_ADDR[2:0]$203
    12/22: $4\next_state_init[2:0]
    13/22: $3\next_state_init[2:0]
    14/22: $2\next_state_init[2:0]
    15/22: $1\next_state_init[2:0]
    16/22: $1$mem2reg_rd$\init_seq$/home/yosys123/Desktop/ETRI-0.5um-CMOS-MPW-Std-Cell-DK/Tutorials/ASIC_chip/source/Display_optimized_auto_SPI.v:620$159_ADDR[2:0]$200
    17/22: $1$mem2bits$\init_seq$/home/yosys123/Desktop/ETRI-0.5um-CMOS-MPW-Std-Cell-DK/Tutorials/ASIC_chip/source/Display_optimized_auto_SPI.v:620$152[9:0]$199
    18/22: $1$mem2reg_rd$\init_seq$/home/yosys123/Desktop/ETRI-0.5um-CMOS-MPW-Std-Cell-DK/Tutorials/ASIC_chip/source/Display_optimized_auto_SPI.v:620$159_DATA[9:0]$198
    19/22: $0$mem2reg_rd$\init_seq$/home/yosys123/Desktop/ETRI-0.5um-CMOS-MPW-Std-Cell-DK/Tutorials/ASIC_chip/source/Display_optimized_auto_SPI.v:620$159_ADDR[2:0]$197
    20/22: $0$mem2bits$\init_seq$/home/yosys123/Desktop/ETRI-0.5um-CMOS-MPW-Std-Cell-DK/Tutorials/ASIC_chip/source/Display_optimized_auto_SPI.v:620$152[9:0]$196
    21/22: $0$mem2reg_rd$\init_seq$/home/yosys123/Desktop/ETRI-0.5um-CMOS-MPW-Std-Cell-DK/Tutorials/ASIC_chip/source/Display_optimized_auto_SPI.v:620$159_DATA[9:0]$195
    22/22: $0\next_state_init[2:0]
Creating decoders for process `$paramod\SPI_HEAD_MOSI_REF\RESET_WAIT_HW_AND_SLEEP_OUT_WAIT_ns=120000000.$proc$/home/yosys123/Desktop/ETRI-0.5um-CMOS-MPW-Std-Cell-DK/Tutorials/ASIC_chip/source/Display_optimized_auto_SPI.v:544$177'.
     1/8: $0\Tcss_done[0:0]
     2/8: $0\sleep_out_done[0:0]
     3/8: $0\reset_done[0:0]
     4/8: $0\hw_reset_hold_done[0:0]
     5/8: $0\hw_reset_done[0:0]
     6/8: $0\done_counter[3:0]
     7/8: $0\HW_RESET_HOLD_counter[6:0]
     8/8: $0\reset_hw_and_sleep_out_counter[19:0]
Creating decoders for process `$paramod\SPI_HEAD_MOSI_REF\RESET_WAIT_HW_AND_SLEEP_OUT_WAIT_ns=120000000.$proc$/home/yosys123/Desktop/ETRI-0.5um-CMOS-MPW-Std-Cell-DK/Tutorials/ASIC_chip/source/Display_optimized_auto_SPI.v:539$176'.
     1/1: $0\INST_state[2:0]

3.2.6. Executing PROC_DLATCH pass (convert process syncs to latches).
No latch inferred for signal `$paramod$a0aa458b497a109685e0101f27705dd7387ad238\auto_data_inst.\continuous_inst' from process `$paramod$a0aa458b497a109685e0101f27705dd7387ad238\auto_data_inst.$proc$/home/yosys123/Desktop/ETRI-0.5um-CMOS-MPW-Std-Cell-DK/Tutorials/ASIC_chip/source/Display_optimized_auto_SPI.v:34$274'.
No latch inferred for signal `$paramod$a0aa458b497a109685e0101f27705dd7387ad238\auto_data_inst.\y_string_inst' from process `$paramod$a0aa458b497a109685e0101f27705dd7387ad238\auto_data_inst.$proc$/home/yosys123/Desktop/ETRI-0.5um-CMOS-MPW-Std-Cell-DK/Tutorials/ASIC_chip/source/Display_optimized_auto_SPI.v:33$273'.
No latch inferred for signal `$paramod$a0aa458b497a109685e0101f27705dd7387ad238\auto_data_inst.\x_string_inst' from process `$paramod$a0aa458b497a109685e0101f27705dd7387ad238\auto_data_inst.$proc$/home/yosys123/Desktop/ETRI-0.5um-CMOS-MPW-Std-Cell-DK/Tutorials/ASIC_chip/source/Display_optimized_auto_SPI.v:32$272'.
No latch inferred for signal `$paramod$a0aa458b497a109685e0101f27705dd7387ad238\auto_data_inst.\data_out' from process `$paramod$a0aa458b497a109685e0101f27705dd7387ad238\auto_data_inst.$proc$/home/yosys123/Desktop/ETRI-0.5um-CMOS-MPW-Std-Cell-DK/Tutorials/ASIC_chip/source/Display_optimized_auto_SPI.v:89$262'.
No latch inferred for signal `$paramod$a0aa458b497a109685e0101f27705dd7387ad238\auto_data_inst.\inst_out' from process `$paramod$a0aa458b497a109685e0101f27705dd7387ad238\auto_data_inst.$proc$/home/yosys123/Desktop/ETRI-0.5um-CMOS-MPW-Std-Cell-DK/Tutorials/ASIC_chip/source/Display_optimized_auto_SPI.v:89$262'.
No latch inferred for signal `$paramod$a0aa458b497a109685e0101f27705dd7387ad238\auto_data_inst.\instruction_load' from process `$paramod$a0aa458b497a109685e0101f27705dd7387ad238\auto_data_inst.$proc$/home/yosys123/Desktop/ETRI-0.5um-CMOS-MPW-Std-Cell-DK/Tutorials/ASIC_chip/source/Display_optimized_auto_SPI.v:89$262'.
No latch inferred for signal `$paramod$a0aa458b497a109685e0101f27705dd7387ad238\auto_data_inst.\line_done' from process `$paramod$a0aa458b497a109685e0101f27705dd7387ad238\auto_data_inst.$proc$/home/yosys123/Desktop/ETRI-0.5um-CMOS-MPW-Std-Cell-DK/Tutorials/ASIC_chip/source/Display_optimized_auto_SPI.v:89$262'.
No latch inferred for signal `$paramod$a0aa458b497a109685e0101f27705dd7387ad238\auto_data_inst.\cs' from process `$paramod$a0aa458b497a109685e0101f27705dd7387ad238\auto_data_inst.$proc$/home/yosys123/Desktop/ETRI-0.5um-CMOS-MPW-Std-Cell-DK/Tutorials/ASIC_chip/source/Display_optimized_auto_SPI.v:89$262'.
No latch inferred for signal `$paramod$a0aa458b497a109685e0101f27705dd7387ad238\auto_data_inst.\next_state' from process `$paramod$a0aa458b497a109685e0101f27705dd7387ad238\auto_data_inst.$proc$/home/yosys123/Desktop/ETRI-0.5um-CMOS-MPW-Std-Cell-DK/Tutorials/ASIC_chip/source/Display_optimized_auto_SPI.v:46$256'.
No latch inferred for signal `\enable_gen_dcx.\enable_mosi' from process `\enable_gen_dcx.$proc$/home/yosys123/Desktop/ETRI-0.5um-CMOS-MPW-Std-Cell-DK/Tutorials/ASIC_chip/source/Display_optimized_auto_SPI.v:388$29'.
No latch inferred for signal `\enable_gen_dcx.\enable_miso' from process `\enable_gen_dcx.$proc$/home/yosys123/Desktop/ETRI-0.5um-CMOS-MPW-Std-Cell-DK/Tutorials/ASIC_chip/source/Display_optimized_auto_SPI.v:377$26'.
No latch inferred for signal `$paramod\SPI_HEAD_MOSI_REF\RESET_WAIT_HW_AND_SLEEP_OUT_WAIT_ns=120000000.\init_seq[0]' from process `$paramod\SPI_HEAD_MOSI_REF\RESET_WAIT_HW_AND_SLEEP_OUT_WAIT_ns=120000000.$proc$/home/yosys123/Desktop/ETRI-0.5um-CMOS-MPW-Std-Cell-DK/Tutorials/ASIC_chip/source/Display_optimized_auto_SPI.v:429$250'.
No latch inferred for signal `$paramod\SPI_HEAD_MOSI_REF\RESET_WAIT_HW_AND_SLEEP_OUT_WAIT_ns=120000000.\init_seq[1]' from process `$paramod\SPI_HEAD_MOSI_REF\RESET_WAIT_HW_AND_SLEEP_OUT_WAIT_ns=120000000.$proc$/home/yosys123/Desktop/ETRI-0.5um-CMOS-MPW-Std-Cell-DK/Tutorials/ASIC_chip/source/Display_optimized_auto_SPI.v:429$250'.
No latch inferred for signal `$paramod\SPI_HEAD_MOSI_REF\RESET_WAIT_HW_AND_SLEEP_OUT_WAIT_ns=120000000.\init_seq[2]' from process `$paramod\SPI_HEAD_MOSI_REF\RESET_WAIT_HW_AND_SLEEP_OUT_WAIT_ns=120000000.$proc$/home/yosys123/Desktop/ETRI-0.5um-CMOS-MPW-Std-Cell-DK/Tutorials/ASIC_chip/source/Display_optimized_auto_SPI.v:429$250'.
No latch inferred for signal `$paramod\SPI_HEAD_MOSI_REF\RESET_WAIT_HW_AND_SLEEP_OUT_WAIT_ns=120000000.\init_seq[3]' from process `$paramod\SPI_HEAD_MOSI_REF\RESET_WAIT_HW_AND_SLEEP_OUT_WAIT_ns=120000000.$proc$/home/yosys123/Desktop/ETRI-0.5um-CMOS-MPW-Std-Cell-DK/Tutorials/ASIC_chip/source/Display_optimized_auto_SPI.v:429$250'.
No latch inferred for signal `$paramod\SPI_HEAD_MOSI_REF\RESET_WAIT_HW_AND_SLEEP_OUT_WAIT_ns=120000000.\init_seq[4]' from process `$paramod\SPI_HEAD_MOSI_REF\RESET_WAIT_HW_AND_SLEEP_OUT_WAIT_ns=120000000.$proc$/home/yosys123/Desktop/ETRI-0.5um-CMOS-MPW-Std-Cell-DK/Tutorials/ASIC_chip/source/Display_optimized_auto_SPI.v:429$250'.
No latch inferred for signal `$paramod\SPI_HEAD_MOSI_REF\RESET_WAIT_HW_AND_SLEEP_OUT_WAIT_ns=120000000.\init_seq[5]' from process `$paramod\SPI_HEAD_MOSI_REF\RESET_WAIT_HW_AND_SLEEP_OUT_WAIT_ns=120000000.$proc$/home/yosys123/Desktop/ETRI-0.5um-CMOS-MPW-Std-Cell-DK/Tutorials/ASIC_chip/source/Display_optimized_auto_SPI.v:429$250'.
No latch inferred for signal `$paramod\SPI_HEAD_MOSI_REF\RESET_WAIT_HW_AND_SLEEP_OUT_WAIT_ns=120000000.\init_seq[6]' from process `$paramod\SPI_HEAD_MOSI_REF\RESET_WAIT_HW_AND_SLEEP_OUT_WAIT_ns=120000000.$proc$/home/yosys123/Desktop/ETRI-0.5um-CMOS-MPW-Std-Cell-DK/Tutorials/ASIC_chip/source/Display_optimized_auto_SPI.v:429$250'.
No latch inferred for signal `$paramod\SPI_HEAD_MOSI_REF\RESET_WAIT_HW_AND_SLEEP_OUT_WAIT_ns=120000000.\initial_inst_end' from process `$paramod\SPI_HEAD_MOSI_REF\RESET_WAIT_HW_AND_SLEEP_OUT_WAIT_ns=120000000.$proc$/home/yosys123/Desktop/ETRI-0.5um-CMOS-MPW-Std-Cell-DK/Tutorials/ASIC_chip/source/Display_optimized_auto_SPI.v:642$207'.
No latch inferred for signal `$paramod\SPI_HEAD_MOSI_REF\RESET_WAIT_HW_AND_SLEEP_OUT_WAIT_ns=120000000.\reset_out' from process `$paramod\SPI_HEAD_MOSI_REF\RESET_WAIT_HW_AND_SLEEP_OUT_WAIT_ns=120000000.$proc$/home/yosys123/Desktop/ETRI-0.5um-CMOS-MPW-Std-Cell-DK/Tutorials/ASIC_chip/source/Display_optimized_auto_SPI.v:642$207'.
No latch inferred for signal `$paramod\SPI_HEAD_MOSI_REF\RESET_WAIT_HW_AND_SLEEP_OUT_WAIT_ns=120000000.\tx_data_init' from process `$paramod\SPI_HEAD_MOSI_REF\RESET_WAIT_HW_AND_SLEEP_OUT_WAIT_ns=120000000.$proc$/home/yosys123/Desktop/ETRI-0.5um-CMOS-MPW-Std-Cell-DK/Tutorials/ASIC_chip/source/Display_optimized_auto_SPI.v:642$207'.
No latch inferred for signal `$paramod\SPI_HEAD_MOSI_REF\RESET_WAIT_HW_AND_SLEEP_OUT_WAIT_ns=120000000.\tx_load_init' from process `$paramod\SPI_HEAD_MOSI_REF\RESET_WAIT_HW_AND_SLEEP_OUT_WAIT_ns=120000000.$proc$/home/yosys123/Desktop/ETRI-0.5um-CMOS-MPW-Std-Cell-DK/Tutorials/ASIC_chip/source/Display_optimized_auto_SPI.v:642$207'.
No latch inferred for signal `$paramod\SPI_HEAD_MOSI_REF\RESET_WAIT_HW_AND_SLEEP_OUT_WAIT_ns=120000000.\tx_dcx_init' from process `$paramod\SPI_HEAD_MOSI_REF\RESET_WAIT_HW_AND_SLEEP_OUT_WAIT_ns=120000000.$proc$/home/yosys123/Desktop/ETRI-0.5um-CMOS-MPW-Std-Cell-DK/Tutorials/ASIC_chip/source/Display_optimized_auto_SPI.v:642$207'.
No latch inferred for signal `$paramod\SPI_HEAD_MOSI_REF\RESET_WAIT_HW_AND_SLEEP_OUT_WAIT_ns=120000000.\mosi_en_init' from process `$paramod\SPI_HEAD_MOSI_REF\RESET_WAIT_HW_AND_SLEEP_OUT_WAIT_ns=120000000.$proc$/home/yosys123/Desktop/ETRI-0.5um-CMOS-MPW-Std-Cell-DK/Tutorials/ASIC_chip/source/Display_optimized_auto_SPI.v:642$207'.
No latch inferred for signal `$paramod\SPI_HEAD_MOSI_REF\RESET_WAIT_HW_AND_SLEEP_OUT_WAIT_ns=120000000.\cs_mosi_init' from process `$paramod\SPI_HEAD_MOSI_REF\RESET_WAIT_HW_AND_SLEEP_OUT_WAIT_ns=120000000.$proc$/home/yosys123/Desktop/ETRI-0.5um-CMOS-MPW-Std-Cell-DK/Tutorials/ASIC_chip/source/Display_optimized_auto_SPI.v:642$207'.
No latch inferred for signal `$paramod\SPI_HEAD_MOSI_REF\RESET_WAIT_HW_AND_SLEEP_OUT_WAIT_ns=120000000.$mem2bits$\init_seq$/home/yosys123/Desktop/ETRI-0.5um-CMOS-MPW-Std-Cell-DK/Tutorials/ASIC_chip/source/Display_optimized_auto_SPI.v:669$158' from process `$paramod\SPI_HEAD_MOSI_REF\RESET_WAIT_HW_AND_SLEEP_OUT_WAIT_ns=120000000.$proc$/home/yosys123/Desktop/ETRI-0.5um-CMOS-MPW-Std-Cell-DK/Tutorials/ASIC_chip/source/Display_optimized_auto_SPI.v:642$207'.
No latch inferred for signal `$paramod\SPI_HEAD_MOSI_REF\RESET_WAIT_HW_AND_SLEEP_OUT_WAIT_ns=120000000.$mem2bits$\init_seq$/home/yosys123/Desktop/ETRI-0.5um-CMOS-MPW-Std-Cell-DK/Tutorials/ASIC_chip/source/Display_optimized_auto_SPI.v:656$153' from process `$paramod\SPI_HEAD_MOSI_REF\RESET_WAIT_HW_AND_SLEEP_OUT_WAIT_ns=120000000.$proc$/home/yosys123/Desktop/ETRI-0.5um-CMOS-MPW-Std-Cell-DK/Tutorials/ASIC_chip/source/Display_optimized_auto_SPI.v:642$207'.
No latch inferred for signal `$paramod\SPI_HEAD_MOSI_REF\RESET_WAIT_HW_AND_SLEEP_OUT_WAIT_ns=120000000.$mem2bits$\init_seq$/home/yosys123/Desktop/ETRI-0.5um-CMOS-MPW-Std-Cell-DK/Tutorials/ASIC_chip/source/Display_optimized_auto_SPI.v:657$154' from process `$paramod\SPI_HEAD_MOSI_REF\RESET_WAIT_HW_AND_SLEEP_OUT_WAIT_ns=120000000.$proc$/home/yosys123/Desktop/ETRI-0.5um-CMOS-MPW-Std-Cell-DK/Tutorials/ASIC_chip/source/Display_optimized_auto_SPI.v:642$207'.
No latch inferred for signal `$paramod\SPI_HEAD_MOSI_REF\RESET_WAIT_HW_AND_SLEEP_OUT_WAIT_ns=120000000.$mem2bits$\init_seq$/home/yosys123/Desktop/ETRI-0.5um-CMOS-MPW-Std-Cell-DK/Tutorials/ASIC_chip/source/Display_optimized_auto_SPI.v:663$156' from process `$paramod\SPI_HEAD_MOSI_REF\RESET_WAIT_HW_AND_SLEEP_OUT_WAIT_ns=120000000.$proc$/home/yosys123/Desktop/ETRI-0.5um-CMOS-MPW-Std-Cell-DK/Tutorials/ASIC_chip/source/Display_optimized_auto_SPI.v:642$207'.
No latch inferred for signal `$paramod\SPI_HEAD_MOSI_REF\RESET_WAIT_HW_AND_SLEEP_OUT_WAIT_ns=120000000.$mem2bits$\init_seq$/home/yosys123/Desktop/ETRI-0.5um-CMOS-MPW-Std-Cell-DK/Tutorials/ASIC_chip/source/Display_optimized_auto_SPI.v:668$157' from process `$paramod\SPI_HEAD_MOSI_REF\RESET_WAIT_HW_AND_SLEEP_OUT_WAIT_ns=120000000.$proc$/home/yosys123/Desktop/ETRI-0.5um-CMOS-MPW-Std-Cell-DK/Tutorials/ASIC_chip/source/Display_optimized_auto_SPI.v:642$207'.
No latch inferred for signal `$paramod\SPI_HEAD_MOSI_REF\RESET_WAIT_HW_AND_SLEEP_OUT_WAIT_ns=120000000.$mem2bits$\init_seq$/home/yosys123/Desktop/ETRI-0.5um-CMOS-MPW-Std-Cell-DK/Tutorials/ASIC_chip/source/Display_optimized_auto_SPI.v:662$155' from process `$paramod\SPI_HEAD_MOSI_REF\RESET_WAIT_HW_AND_SLEEP_OUT_WAIT_ns=120000000.$proc$/home/yosys123/Desktop/ETRI-0.5um-CMOS-MPW-Std-Cell-DK/Tutorials/ASIC_chip/source/Display_optimized_auto_SPI.v:642$207'.
No latch inferred for signal `$paramod\SPI_HEAD_MOSI_REF\RESET_WAIT_HW_AND_SLEEP_OUT_WAIT_ns=120000000.$mem2reg_rd$\init_seq$/home/yosys123/Desktop/ETRI-0.5um-CMOS-MPW-Std-Cell-DK/Tutorials/ASIC_chip/source/Display_optimized_auto_SPI.v:656$160_ADDR' from process `$paramod\SPI_HEAD_MOSI_REF\RESET_WAIT_HW_AND_SLEEP_OUT_WAIT_ns=120000000.$proc$/home/yosys123/Desktop/ETRI-0.5um-CMOS-MPW-Std-Cell-DK/Tutorials/ASIC_chip/source/Display_optimized_auto_SPI.v:642$207'.
No latch inferred for signal `$paramod\SPI_HEAD_MOSI_REF\RESET_WAIT_HW_AND_SLEEP_OUT_WAIT_ns=120000000.$mem2reg_rd$\init_seq$/home/yosys123/Desktop/ETRI-0.5um-CMOS-MPW-Std-Cell-DK/Tutorials/ASIC_chip/source/Display_optimized_auto_SPI.v:656$160_DATA' from process `$paramod\SPI_HEAD_MOSI_REF\RESET_WAIT_HW_AND_SLEEP_OUT_WAIT_ns=120000000.$proc$/home/yosys123/Desktop/ETRI-0.5um-CMOS-MPW-Std-Cell-DK/Tutorials/ASIC_chip/source/Display_optimized_auto_SPI.v:642$207'.
No latch inferred for signal `$paramod\SPI_HEAD_MOSI_REF\RESET_WAIT_HW_AND_SLEEP_OUT_WAIT_ns=120000000.$mem2reg_rd$\init_seq$/home/yosys123/Desktop/ETRI-0.5um-CMOS-MPW-Std-Cell-DK/Tutorials/ASIC_chip/source/Display_optimized_auto_SPI.v:657$161_ADDR' from process `$paramod\SPI_HEAD_MOSI_REF\RESET_WAIT_HW_AND_SLEEP_OUT_WAIT_ns=120000000.$proc$/home/yosys123/Desktop/ETRI-0.5um-CMOS-MPW-Std-Cell-DK/Tutorials/ASIC_chip/source/Display_optimized_auto_SPI.v:642$207'.
No latch inferred for signal `$paramod\SPI_HEAD_MOSI_REF\RESET_WAIT_HW_AND_SLEEP_OUT_WAIT_ns=120000000.$mem2reg_rd$\init_seq$/home/yosys123/Desktop/ETRI-0.5um-CMOS-MPW-Std-Cell-DK/Tutorials/ASIC_chip/source/Display_optimized_auto_SPI.v:657$161_DATA' from process `$paramod\SPI_HEAD_MOSI_REF\RESET_WAIT_HW_AND_SLEEP_OUT_WAIT_ns=120000000.$proc$/home/yosys123/Desktop/ETRI-0.5um-CMOS-MPW-Std-Cell-DK/Tutorials/ASIC_chip/source/Display_optimized_auto_SPI.v:642$207'.
No latch inferred for signal `$paramod\SPI_HEAD_MOSI_REF\RESET_WAIT_HW_AND_SLEEP_OUT_WAIT_ns=120000000.$mem2reg_rd$\init_seq$/home/yosys123/Desktop/ETRI-0.5um-CMOS-MPW-Std-Cell-DK/Tutorials/ASIC_chip/source/Display_optimized_auto_SPI.v:662$162_ADDR' from process `$paramod\SPI_HEAD_MOSI_REF\RESET_WAIT_HW_AND_SLEEP_OUT_WAIT_ns=120000000.$proc$/home/yosys123/Desktop/ETRI-0.5um-CMOS-MPW-Std-Cell-DK/Tutorials/ASIC_chip/source/Display_optimized_auto_SPI.v:642$207'.
No latch inferred for signal `$paramod\SPI_HEAD_MOSI_REF\RESET_WAIT_HW_AND_SLEEP_OUT_WAIT_ns=120000000.$mem2reg_rd$\init_seq$/home/yosys123/Desktop/ETRI-0.5um-CMOS-MPW-Std-Cell-DK/Tutorials/ASIC_chip/source/Display_optimized_auto_SPI.v:662$162_DATA' from process `$paramod\SPI_HEAD_MOSI_REF\RESET_WAIT_HW_AND_SLEEP_OUT_WAIT_ns=120000000.$proc$/home/yosys123/Desktop/ETRI-0.5um-CMOS-MPW-Std-Cell-DK/Tutorials/ASIC_chip/source/Display_optimized_auto_SPI.v:642$207'.
No latch inferred for signal `$paramod\SPI_HEAD_MOSI_REF\RESET_WAIT_HW_AND_SLEEP_OUT_WAIT_ns=120000000.$mem2reg_rd$\init_seq$/home/yosys123/Desktop/ETRI-0.5um-CMOS-MPW-Std-Cell-DK/Tutorials/ASIC_chip/source/Display_optimized_auto_SPI.v:663$163_ADDR' from process `$paramod\SPI_HEAD_MOSI_REF\RESET_WAIT_HW_AND_SLEEP_OUT_WAIT_ns=120000000.$proc$/home/yosys123/Desktop/ETRI-0.5um-CMOS-MPW-Std-Cell-DK/Tutorials/ASIC_chip/source/Display_optimized_auto_SPI.v:642$207'.
No latch inferred for signal `$paramod\SPI_HEAD_MOSI_REF\RESET_WAIT_HW_AND_SLEEP_OUT_WAIT_ns=120000000.$mem2reg_rd$\init_seq$/home/yosys123/Desktop/ETRI-0.5um-CMOS-MPW-Std-Cell-DK/Tutorials/ASIC_chip/source/Display_optimized_auto_SPI.v:663$163_DATA' from process `$paramod\SPI_HEAD_MOSI_REF\RESET_WAIT_HW_AND_SLEEP_OUT_WAIT_ns=120000000.$proc$/home/yosys123/Desktop/ETRI-0.5um-CMOS-MPW-Std-Cell-DK/Tutorials/ASIC_chip/source/Display_optimized_auto_SPI.v:642$207'.
No latch inferred for signal `$paramod\SPI_HEAD_MOSI_REF\RESET_WAIT_HW_AND_SLEEP_OUT_WAIT_ns=120000000.$mem2reg_rd$\init_seq$/home/yosys123/Desktop/ETRI-0.5um-CMOS-MPW-Std-Cell-DK/Tutorials/ASIC_chip/source/Display_optimized_auto_SPI.v:668$164_ADDR' from process `$paramod\SPI_HEAD_MOSI_REF\RESET_WAIT_HW_AND_SLEEP_OUT_WAIT_ns=120000000.$proc$/home/yosys123/Desktop/ETRI-0.5um-CMOS-MPW-Std-Cell-DK/Tutorials/ASIC_chip/source/Display_optimized_auto_SPI.v:642$207'.
No latch inferred for signal `$paramod\SPI_HEAD_MOSI_REF\RESET_WAIT_HW_AND_SLEEP_OUT_WAIT_ns=120000000.$mem2reg_rd$\init_seq$/home/yosys123/Desktop/ETRI-0.5um-CMOS-MPW-Std-Cell-DK/Tutorials/ASIC_chip/source/Display_optimized_auto_SPI.v:668$164_DATA' from process `$paramod\SPI_HEAD_MOSI_REF\RESET_WAIT_HW_AND_SLEEP_OUT_WAIT_ns=120000000.$proc$/home/yosys123/Desktop/ETRI-0.5um-CMOS-MPW-Std-Cell-DK/Tutorials/ASIC_chip/source/Display_optimized_auto_SPI.v:642$207'.
No latch inferred for signal `$paramod\SPI_HEAD_MOSI_REF\RESET_WAIT_HW_AND_SLEEP_OUT_WAIT_ns=120000000.$mem2reg_rd$\init_seq$/home/yosys123/Desktop/ETRI-0.5um-CMOS-MPW-Std-Cell-DK/Tutorials/ASIC_chip/source/Display_optimized_auto_SPI.v:669$165_ADDR' from process `$paramod\SPI_HEAD_MOSI_REF\RESET_WAIT_HW_AND_SLEEP_OUT_WAIT_ns=120000000.$proc$/home/yosys123/Desktop/ETRI-0.5um-CMOS-MPW-Std-Cell-DK/Tutorials/ASIC_chip/source/Display_optimized_auto_SPI.v:642$207'.
No latch inferred for signal `$paramod\SPI_HEAD_MOSI_REF\RESET_WAIT_HW_AND_SLEEP_OUT_WAIT_ns=120000000.$mem2reg_rd$\init_seq$/home/yosys123/Desktop/ETRI-0.5um-CMOS-MPW-Std-Cell-DK/Tutorials/ASIC_chip/source/Display_optimized_auto_SPI.v:669$165_DATA' from process `$paramod\SPI_HEAD_MOSI_REF\RESET_WAIT_HW_AND_SLEEP_OUT_WAIT_ns=120000000.$proc$/home/yosys123/Desktop/ETRI-0.5um-CMOS-MPW-Std-Cell-DK/Tutorials/ASIC_chip/source/Display_optimized_auto_SPI.v:642$207'.
No latch inferred for signal `$paramod\SPI_HEAD_MOSI_REF\RESET_WAIT_HW_AND_SLEEP_OUT_WAIT_ns=120000000.\next_state_init' from process `$paramod\SPI_HEAD_MOSI_REF\RESET_WAIT_HW_AND_SLEEP_OUT_WAIT_ns=120000000.$proc$/home/yosys123/Desktop/ETRI-0.5um-CMOS-MPW-Std-Cell-DK/Tutorials/ASIC_chip/source/Display_optimized_auto_SPI.v:605$194'.
No latch inferred for signal `$paramod\SPI_HEAD_MOSI_REF\RESET_WAIT_HW_AND_SLEEP_OUT_WAIT_ns=120000000.$mem2reg_rd$\init_seq$/home/yosys123/Desktop/ETRI-0.5um-CMOS-MPW-Std-Cell-DK/Tutorials/ASIC_chip/source/Display_optimized_auto_SPI.v:620$159_DATA' from process `$paramod\SPI_HEAD_MOSI_REF\RESET_WAIT_HW_AND_SLEEP_OUT_WAIT_ns=120000000.$proc$/home/yosys123/Desktop/ETRI-0.5um-CMOS-MPW-Std-Cell-DK/Tutorials/ASIC_chip/source/Display_optimized_auto_SPI.v:605$194'.
No latch inferred for signal `$paramod\SPI_HEAD_MOSI_REF\RESET_WAIT_HW_AND_SLEEP_OUT_WAIT_ns=120000000.$mem2bits$\init_seq$/home/yosys123/Desktop/ETRI-0.5um-CMOS-MPW-Std-Cell-DK/Tutorials/ASIC_chip/source/Display_optimized_auto_SPI.v:620$152' from process `$paramod\SPI_HEAD_MOSI_REF\RESET_WAIT_HW_AND_SLEEP_OUT_WAIT_ns=120000000.$proc$/home/yosys123/Desktop/ETRI-0.5um-CMOS-MPW-Std-Cell-DK/Tutorials/ASIC_chip/source/Display_optimized_auto_SPI.v:605$194'.
No latch inferred for signal `$paramod\SPI_HEAD_MOSI_REF\RESET_WAIT_HW_AND_SLEEP_OUT_WAIT_ns=120000000.$mem2reg_rd$\init_seq$/home/yosys123/Desktop/ETRI-0.5um-CMOS-MPW-Std-Cell-DK/Tutorials/ASIC_chip/source/Display_optimized_auto_SPI.v:620$159_ADDR' from process `$paramod\SPI_HEAD_MOSI_REF\RESET_WAIT_HW_AND_SLEEP_OUT_WAIT_ns=120000000.$proc$/home/yosys123/Desktop/ETRI-0.5um-CMOS-MPW-Std-Cell-DK/Tutorials/ASIC_chip/source/Display_optimized_auto_SPI.v:605$194'.

3.2.7. Executing PROC_DFF pass (convert process syncs to FFs).
Creating register for signal `$paramod\SPI_mosi_FSM\length=8\instruction_rate=8.\dcx' using process `$paramod\SPI_mosi_FSM\length=8\instruction_rate=8.$proc$/home/yosys123/Desktop/ETRI-0.5um-CMOS-MPW-Std-Cell-DK/Tutorials/ASIC_chip/source/Display_optimized_auto_SPI.v:723$283'.
  created $dff cell `$procdff$1252' with positive edge clock.
Creating register for signal `$paramod\SPI_mosi_FSM\length=8\instruction_rate=8.\done' using process `$paramod\SPI_mosi_FSM\length=8\instruction_rate=8.$proc$/home/yosys123/Desktop/ETRI-0.5um-CMOS-MPW-Std-Cell-DK/Tutorials/ASIC_chip/source/Display_optimized_auto_SPI.v:723$283'.
  created $dff cell `$procdff$1253' with positive edge clock.
Creating register for signal `$paramod\SPI_mosi_FSM\length=8\instruction_rate=8.\tx_stage' using process `$paramod\SPI_mosi_FSM\length=8\instruction_rate=8.$proc$/home/yosys123/Desktop/ETRI-0.5um-CMOS-MPW-Std-Cell-DK/Tutorials/ASIC_chip/source/Display_optimized_auto_SPI.v:723$283'.
  created $dff cell `$procdff$1254' with positive edge clock.
Creating register for signal `$paramod\SPI_mosi_FSM\length=8\instruction_rate=8.\data_register' using process `$paramod\SPI_mosi_FSM\length=8\instruction_rate=8.$proc$/home/yosys123/Desktop/ETRI-0.5um-CMOS-MPW-Std-Cell-DK/Tutorials/ASIC_chip/source/Display_optimized_auto_SPI.v:723$283'.
  created $dff cell `$procdff$1255' with positive edge clock.
Creating register for signal `$paramod\SPI_mosi_FSM\length=8\instruction_rate=8.\sclk_counter' using process `$paramod\SPI_mosi_FSM\length=8\instruction_rate=8.$proc$/home/yosys123/Desktop/ETRI-0.5um-CMOS-MPW-Std-Cell-DK/Tutorials/ASIC_chip/source/Display_optimized_auto_SPI.v:723$283'.
  created $dff cell `$procdff$1256' with positive edge clock.
Creating register for signal `$paramod\SPI_mosi_FSM\length=8\instruction_rate=8.\state_mosi' using process `$paramod\SPI_mosi_FSM\length=8\instruction_rate=8.$proc$/home/yosys123/Desktop/ETRI-0.5um-CMOS-MPW-Std-Cell-DK/Tutorials/ASIC_chip/source/Display_optimized_auto_SPI.v:723$283'.
  created $dff cell `$procdff$1257' with positive edge clock.
Creating register for signal `$paramod\SPI_mosi_FSM\length=8\instruction_rate=8.\data_valid_d' using process `$paramod\SPI_mosi_FSM\length=8\instruction_rate=8.$proc$/home/yosys123/Desktop/ETRI-0.5um-CMOS-MPW-Std-Cell-DK/Tutorials/ASIC_chip/source/Display_optimized_auto_SPI.v:713$277'.
  created $dff cell `$procdff$1258' with positive edge clock.
Creating register for signal `$paramod\SPI_mosi_FSM\length=8\instruction_rate=8.\valid_pulse' using process `$paramod\SPI_mosi_FSM\length=8\instruction_rate=8.$proc$/home/yosys123/Desktop/ETRI-0.5um-CMOS-MPW-Std-Cell-DK/Tutorials/ASIC_chip/source/Display_optimized_auto_SPI.v:713$277'.
  created $dff cell `$procdff$1259' with positive edge clock.
Creating register for signal `$paramod$a0aa458b497a109685e0101f27705dd7387ad238\auto_data_inst.\y_register' using process `$paramod$a0aa458b497a109685e0101f27705dd7387ad238\auto_data_inst.$proc$/home/yosys123/Desktop/ETRI-0.5um-CMOS-MPW-Std-Cell-DK/Tutorials/ASIC_chip/source/Display_optimized_auto_SPI.v:187$265'.
  created $dff cell `$procdff$1260' with positive edge clock.
Creating register for signal `$paramod$a0aa458b497a109685e0101f27705dd7387ad238\auto_data_inst.\x_start_end_15_8' using process `$paramod$a0aa458b497a109685e0101f27705dd7387ad238\auto_data_inst.$proc$/home/yosys123/Desktop/ETRI-0.5um-CMOS-MPW-Std-Cell-DK/Tutorials/ASIC_chip/source/Display_optimized_auto_SPI.v:187$265'.
  created $dff cell `$procdff$1261' with positive edge clock.
Creating register for signal `$paramod$a0aa458b497a109685e0101f27705dd7387ad238\auto_data_inst.\done_count' using process `$paramod$a0aa458b497a109685e0101f27705dd7387ad238\auto_data_inst.$proc$/home/yosys123/Desktop/ETRI-0.5um-CMOS-MPW-Std-Cell-DK/Tutorials/ASIC_chip/source/Display_optimized_auto_SPI.v:187$265'.
  created $dff cell `$procdff$1262' with positive edge clock.
Creating register for signal `$paramod$a0aa458b497a109685e0101f27705dd7387ad238\auto_data_inst.\line_counter' using process `$paramod$a0aa458b497a109685e0101f27705dd7387ad238\auto_data_inst.$proc$/home/yosys123/Desktop/ETRI-0.5um-CMOS-MPW-Std-Cell-DK/Tutorials/ASIC_chip/source/Display_optimized_auto_SPI.v:187$265'.
  created $dff cell `$procdff$1263' with positive edge clock.
Creating register for signal `$paramod$a0aa458b497a109685e0101f27705dd7387ad238\auto_data_inst.\pixel_counter' using process `$paramod$a0aa458b497a109685e0101f27705dd7387ad238\auto_data_inst.$proc$/home/yosys123/Desktop/ETRI-0.5um-CMOS-MPW-Std-Cell-DK/Tutorials/ASIC_chip/source/Display_optimized_auto_SPI.v:187$265'.
  created $dff cell `$procdff$1264' with positive edge clock.
Creating register for signal `$paramod$a0aa458b497a109685e0101f27705dd7387ad238\auto_data_inst.\AUTO_state' using process `$paramod$a0aa458b497a109685e0101f27705dd7387ad238\auto_data_inst.$proc$/home/yosys123/Desktop/ETRI-0.5um-CMOS-MPW-Std-Cell-DK/Tutorials/ASIC_chip/source/Display_optimized_auto_SPI.v:41$253'.
  created $dff cell `$procdff$1265' with positive edge clock.
Creating register for signal `\sclk_gen_dcx.\sclk' using process `\sclk_gen_dcx.$proc$/home/yosys123/Desktop/ETRI-0.5um-CMOS-MPW-Std-Cell-DK/Tutorials/ASIC_chip/source/Display_optimized_auto_SPI.v:415$32'.
  created $dff cell `$procdff$1266' with positive edge clock.
Creating register for signal `\sclk_gen_dcx.\clk_counter' using process `\sclk_gen_dcx.$proc$/home/yosys123/Desktop/ETRI-0.5um-CMOS-MPW-Std-Cell-DK/Tutorials/ASIC_chip/source/Display_optimized_auto_SPI.v:415$32'.
  created $dff cell `$procdff$1267' with positive edge clock.
Creating register for signal `\enable_gen_dcx.\sclk_reg_miso' using process `\enable_gen_dcx.$proc$/home/yosys123/Desktop/ETRI-0.5um-CMOS-MPW-Std-Cell-DK/Tutorials/ASIC_chip/source/Display_optimized_auto_SPI.v:368$25'.
  created $dff cell `$procdff$1268' with positive edge clock.
Creating register for signal `\enable_gen_dcx.\sclk_reg_mosi' using process `\enable_gen_dcx.$proc$/home/yosys123/Desktop/ETRI-0.5um-CMOS-MPW-Std-Cell-DK/Tutorials/ASIC_chip/source/Display_optimized_auto_SPI.v:368$25'.
  created $dff cell `$procdff$1269' with positive edge clock.
Creating register for signal `$paramod\SPI_HEAD_MOSI_REF\RESET_WAIT_HW_AND_SLEEP_OUT_WAIT_ns=120000000.\reset_hw_and_sleep_out_counter' using process `$paramod\SPI_HEAD_MOSI_REF\RESET_WAIT_HW_AND_SLEEP_OUT_WAIT_ns=120000000.$proc$/home/yosys123/Desktop/ETRI-0.5um-CMOS-MPW-Std-Cell-DK/Tutorials/ASIC_chip/source/Display_optimized_auto_SPI.v:544$177'.
  created $dff cell `$procdff$1270' with positive edge clock.
Creating register for signal `$paramod\SPI_HEAD_MOSI_REF\RESET_WAIT_HW_AND_SLEEP_OUT_WAIT_ns=120000000.\HW_RESET_HOLD_counter' using process `$paramod\SPI_HEAD_MOSI_REF\RESET_WAIT_HW_AND_SLEEP_OUT_WAIT_ns=120000000.$proc$/home/yosys123/Desktop/ETRI-0.5um-CMOS-MPW-Std-Cell-DK/Tutorials/ASIC_chip/source/Display_optimized_auto_SPI.v:544$177'.
  created $dff cell `$procdff$1271' with positive edge clock.
Creating register for signal `$paramod\SPI_HEAD_MOSI_REF\RESET_WAIT_HW_AND_SLEEP_OUT_WAIT_ns=120000000.\done_counter' using process `$paramod\SPI_HEAD_MOSI_REF\RESET_WAIT_HW_AND_SLEEP_OUT_WAIT_ns=120000000.$proc$/home/yosys123/Desktop/ETRI-0.5um-CMOS-MPW-Std-Cell-DK/Tutorials/ASIC_chip/source/Display_optimized_auto_SPI.v:544$177'.
  created $dff cell `$procdff$1272' with positive edge clock.
Creating register for signal `$paramod\SPI_HEAD_MOSI_REF\RESET_WAIT_HW_AND_SLEEP_OUT_WAIT_ns=120000000.\hw_reset_done' using process `$paramod\SPI_HEAD_MOSI_REF\RESET_WAIT_HW_AND_SLEEP_OUT_WAIT_ns=120000000.$proc$/home/yosys123/Desktop/ETRI-0.5um-CMOS-MPW-Std-Cell-DK/Tutorials/ASIC_chip/source/Display_optimized_auto_SPI.v:544$177'.
  created $dff cell `$procdff$1273' with positive edge clock.
Creating register for signal `$paramod\SPI_HEAD_MOSI_REF\RESET_WAIT_HW_AND_SLEEP_OUT_WAIT_ns=120000000.\hw_reset_hold_done' using process `$paramod\SPI_HEAD_MOSI_REF\RESET_WAIT_HW_AND_SLEEP_OUT_WAIT_ns=120000000.$proc$/home/yosys123/Desktop/ETRI-0.5um-CMOS-MPW-Std-Cell-DK/Tutorials/ASIC_chip/source/Display_optimized_auto_SPI.v:544$177'.
  created $dff cell `$procdff$1274' with positive edge clock.
Creating register for signal `$paramod\SPI_HEAD_MOSI_REF\RESET_WAIT_HW_AND_SLEEP_OUT_WAIT_ns=120000000.\reset_done' using process `$paramod\SPI_HEAD_MOSI_REF\RESET_WAIT_HW_AND_SLEEP_OUT_WAIT_ns=120000000.$proc$/home/yosys123/Desktop/ETRI-0.5um-CMOS-MPW-Std-Cell-DK/Tutorials/ASIC_chip/source/Display_optimized_auto_SPI.v:544$177'.
  created $dff cell `$procdff$1275' with positive edge clock.
Creating register for signal `$paramod\SPI_HEAD_MOSI_REF\RESET_WAIT_HW_AND_SLEEP_OUT_WAIT_ns=120000000.\sleep_out_done' using process `$paramod\SPI_HEAD_MOSI_REF\RESET_WAIT_HW_AND_SLEEP_OUT_WAIT_ns=120000000.$proc$/home/yosys123/Desktop/ETRI-0.5um-CMOS-MPW-Std-Cell-DK/Tutorials/ASIC_chip/source/Display_optimized_auto_SPI.v:544$177'.
  created $dff cell `$procdff$1276' with positive edge clock.
Creating register for signal `$paramod\SPI_HEAD_MOSI_REF\RESET_WAIT_HW_AND_SLEEP_OUT_WAIT_ns=120000000.\Tcss_done' using process `$paramod\SPI_HEAD_MOSI_REF\RESET_WAIT_HW_AND_SLEEP_OUT_WAIT_ns=120000000.$proc$/home/yosys123/Desktop/ETRI-0.5um-CMOS-MPW-Std-Cell-DK/Tutorials/ASIC_chip/source/Display_optimized_auto_SPI.v:544$177'.
  created $dff cell `$procdff$1277' with positive edge clock.
Creating register for signal `$paramod\SPI_HEAD_MOSI_REF\RESET_WAIT_HW_AND_SLEEP_OUT_WAIT_ns=120000000.\INST_state' using process `$paramod\SPI_HEAD_MOSI_REF\RESET_WAIT_HW_AND_SLEEP_OUT_WAIT_ns=120000000.$proc$/home/yosys123/Desktop/ETRI-0.5um-CMOS-MPW-Std-Cell-DK/Tutorials/ASIC_chip/source/Display_optimized_auto_SPI.v:539$176'.
  created $dff cell `$procdff$1278' with positive edge clock.

3.2.8. Executing PROC_CLEAN pass (remove empty switches from decision trees).
Found and cleaned up 7 empty switches in `$paramod\SPI_mosi_FSM\length=8\instruction_rate=8.$proc$/home/yosys123/Desktop/ETRI-0.5um-CMOS-MPW-Std-Cell-DK/Tutorials/ASIC_chip/source/Display_optimized_auto_SPI.v:723$283'.
Removing empty process `$paramod\SPI_mosi_FSM\length=8\instruction_rate=8.$proc$/home/yosys123/Desktop/ETRI-0.5um-CMOS-MPW-Std-Cell-DK/Tutorials/ASIC_chip/source/Display_optimized_auto_SPI.v:723$283'.
Found and cleaned up 1 empty switch in `$paramod\SPI_mosi_FSM\length=8\instruction_rate=8.$proc$/home/yosys123/Desktop/ETRI-0.5um-CMOS-MPW-Std-Cell-DK/Tutorials/ASIC_chip/source/Display_optimized_auto_SPI.v:713$277'.
Removing empty process `$paramod\SPI_mosi_FSM\length=8\instruction_rate=8.$proc$/home/yosys123/Desktop/ETRI-0.5um-CMOS-MPW-Std-Cell-DK/Tutorials/ASIC_chip/source/Display_optimized_auto_SPI.v:713$277'.
Removing empty process `$paramod$a0aa458b497a109685e0101f27705dd7387ad238\auto_data_inst.$proc$/home/yosys123/Desktop/ETRI-0.5um-CMOS-MPW-Std-Cell-DK/Tutorials/ASIC_chip/source/Display_optimized_auto_SPI.v:40$276'.
Removing empty process `$paramod$a0aa458b497a109685e0101f27705dd7387ad238\auto_data_inst.$proc$/home/yosys123/Desktop/ETRI-0.5um-CMOS-MPW-Std-Cell-DK/Tutorials/ASIC_chip/source/Display_optimized_auto_SPI.v:39$275'.
Removing empty process `$paramod$a0aa458b497a109685e0101f27705dd7387ad238\auto_data_inst.$proc$/home/yosys123/Desktop/ETRI-0.5um-CMOS-MPW-Std-Cell-DK/Tutorials/ASIC_chip/source/Display_optimized_auto_SPI.v:34$274'.
Removing empty process `$paramod$a0aa458b497a109685e0101f27705dd7387ad238\auto_data_inst.$proc$/home/yosys123/Desktop/ETRI-0.5um-CMOS-MPW-Std-Cell-DK/Tutorials/ASIC_chip/source/Display_optimized_auto_SPI.v:33$273'.
Removing empty process `$paramod$a0aa458b497a109685e0101f27705dd7387ad238\auto_data_inst.$proc$/home/yosys123/Desktop/ETRI-0.5um-CMOS-MPW-Std-Cell-DK/Tutorials/ASIC_chip/source/Display_optimized_auto_SPI.v:32$272'.
Found and cleaned up 7 empty switches in `$paramod$a0aa458b497a109685e0101f27705dd7387ad238\auto_data_inst.$proc$/home/yosys123/Desktop/ETRI-0.5um-CMOS-MPW-Std-Cell-DK/Tutorials/ASIC_chip/source/Display_optimized_auto_SPI.v:187$265'.
Removing empty process `$paramod$a0aa458b497a109685e0101f27705dd7387ad238\auto_data_inst.$proc$/home/yosys123/Desktop/ETRI-0.5um-CMOS-MPW-Std-Cell-DK/Tutorials/ASIC_chip/source/Display_optimized_auto_SPI.v:187$265'.
Found and cleaned up 5 empty switches in `$paramod$a0aa458b497a109685e0101f27705dd7387ad238\auto_data_inst.$proc$/home/yosys123/Desktop/ETRI-0.5um-CMOS-MPW-Std-Cell-DK/Tutorials/ASIC_chip/source/Display_optimized_auto_SPI.v:89$262'.
Removing empty process `$paramod$a0aa458b497a109685e0101f27705dd7387ad238\auto_data_inst.$proc$/home/yosys123/Desktop/ETRI-0.5um-CMOS-MPW-Std-Cell-DK/Tutorials/ASIC_chip/source/Display_optimized_auto_SPI.v:89$262'.
Found and cleaned up 8 empty switches in `$paramod$a0aa458b497a109685e0101f27705dd7387ad238\auto_data_inst.$proc$/home/yosys123/Desktop/ETRI-0.5um-CMOS-MPW-Std-Cell-DK/Tutorials/ASIC_chip/source/Display_optimized_auto_SPI.v:46$256'.
Removing empty process `$paramod$a0aa458b497a109685e0101f27705dd7387ad238\auto_data_inst.$proc$/home/yosys123/Desktop/ETRI-0.5um-CMOS-MPW-Std-Cell-DK/Tutorials/ASIC_chip/source/Display_optimized_auto_SPI.v:46$256'.
Found and cleaned up 1 empty switch in `$paramod$a0aa458b497a109685e0101f27705dd7387ad238\auto_data_inst.$proc$/home/yosys123/Desktop/ETRI-0.5um-CMOS-MPW-Std-Cell-DK/Tutorials/ASIC_chip/source/Display_optimized_auto_SPI.v:41$253'.
Removing empty process `$paramod$a0aa458b497a109685e0101f27705dd7387ad238\auto_data_inst.$proc$/home/yosys123/Desktop/ETRI-0.5um-CMOS-MPW-Std-Cell-DK/Tutorials/ASIC_chip/source/Display_optimized_auto_SPI.v:41$253'.
Found and cleaned up 2 empty switches in `\sclk_gen_dcx.$proc$/home/yosys123/Desktop/ETRI-0.5um-CMOS-MPW-Std-Cell-DK/Tutorials/ASIC_chip/source/Display_optimized_auto_SPI.v:415$32'.
Removing empty process `sclk_gen_dcx.$proc$/home/yosys123/Desktop/ETRI-0.5um-CMOS-MPW-Std-Cell-DK/Tutorials/ASIC_chip/source/Display_optimized_auto_SPI.v:415$32'.
Found and cleaned up 3 empty switches in `\enable_gen_dcx.$proc$/home/yosys123/Desktop/ETRI-0.5um-CMOS-MPW-Std-Cell-DK/Tutorials/ASIC_chip/source/Display_optimized_auto_SPI.v:388$29'.
Removing empty process `enable_gen_dcx.$proc$/home/yosys123/Desktop/ETRI-0.5um-CMOS-MPW-Std-Cell-DK/Tutorials/ASIC_chip/source/Display_optimized_auto_SPI.v:388$29'.
Found and cleaned up 3 empty switches in `\enable_gen_dcx.$proc$/home/yosys123/Desktop/ETRI-0.5um-CMOS-MPW-Std-Cell-DK/Tutorials/ASIC_chip/source/Display_optimized_auto_SPI.v:377$26'.
Removing empty process `enable_gen_dcx.$proc$/home/yosys123/Desktop/ETRI-0.5um-CMOS-MPW-Std-Cell-DK/Tutorials/ASIC_chip/source/Display_optimized_auto_SPI.v:377$26'.
Found and cleaned up 1 empty switch in `\enable_gen_dcx.$proc$/home/yosys123/Desktop/ETRI-0.5um-CMOS-MPW-Std-Cell-DK/Tutorials/ASIC_chip/source/Display_optimized_auto_SPI.v:368$25'.
Removing empty process `enable_gen_dcx.$proc$/home/yosys123/Desktop/ETRI-0.5um-CMOS-MPW-Std-Cell-DK/Tutorials/ASIC_chip/source/Display_optimized_auto_SPI.v:368$25'.
Removing empty process `$paramod\SPI_HEAD_MOSI_REF\RESET_WAIT_HW_AND_SLEEP_OUT_WAIT_ns=120000000.$proc$/home/yosys123/Desktop/ETRI-0.5um-CMOS-MPW-Std-Cell-DK/Tutorials/ASIC_chip/source/Display_optimized_auto_SPI.v:521$252'.
Removing empty process `$paramod\SPI_HEAD_MOSI_REF\RESET_WAIT_HW_AND_SLEEP_OUT_WAIT_ns=120000000.$proc$/home/yosys123/Desktop/ETRI-0.5um-CMOS-MPW-Std-Cell-DK/Tutorials/ASIC_chip/source/Display_optimized_auto_SPI.v:520$251'.
Removing empty process `$paramod\SPI_HEAD_MOSI_REF\RESET_WAIT_HW_AND_SLEEP_OUT_WAIT_ns=120000000.$proc$/home/yosys123/Desktop/ETRI-0.5um-CMOS-MPW-Std-Cell-DK/Tutorials/ASIC_chip/source/Display_optimized_auto_SPI.v:429$250'.
Found and cleaned up 7 empty switches in `$paramod\SPI_HEAD_MOSI_REF\RESET_WAIT_HW_AND_SLEEP_OUT_WAIT_ns=120000000.$proc$/home/yosys123/Desktop/ETRI-0.5um-CMOS-MPW-Std-Cell-DK/Tutorials/ASIC_chip/source/Display_optimized_auto_SPI.v:642$207'.
Removing empty process `$paramod\SPI_HEAD_MOSI_REF\RESET_WAIT_HW_AND_SLEEP_OUT_WAIT_ns=120000000.$proc$/home/yosys123/Desktop/ETRI-0.5um-CMOS-MPW-Std-Cell-DK/Tutorials/ASIC_chip/source/Display_optimized_auto_SPI.v:642$207'.
Found and cleaned up 12 empty switches in `$paramod\SPI_HEAD_MOSI_REF\RESET_WAIT_HW_AND_SLEEP_OUT_WAIT_ns=120000000.$proc$/home/yosys123/Desktop/ETRI-0.5um-CMOS-MPW-Std-Cell-DK/Tutorials/ASIC_chip/source/Display_optimized_auto_SPI.v:605$194'.
Removing empty process `$paramod\SPI_HEAD_MOSI_REF\RESET_WAIT_HW_AND_SLEEP_OUT_WAIT_ns=120000000.$proc$/home/yosys123/Desktop/ETRI-0.5um-CMOS-MPW-Std-Cell-DK/Tutorials/ASIC_chip/source/Display_optimized_auto_SPI.v:605$194'.
Found and cleaned up 14 empty switches in `$paramod\SPI_HEAD_MOSI_REF\RESET_WAIT_HW_AND_SLEEP_OUT_WAIT_ns=120000000.$proc$/home/yosys123/Desktop/ETRI-0.5um-CMOS-MPW-Std-Cell-DK/Tutorials/ASIC_chip/source/Display_optimized_auto_SPI.v:544$177'.
Removing empty process `$paramod\SPI_HEAD_MOSI_REF\RESET_WAIT_HW_AND_SLEEP_OUT_WAIT_ns=120000000.$proc$/home/yosys123/Desktop/ETRI-0.5um-CMOS-MPW-Std-Cell-DK/Tutorials/ASIC_chip/source/Display_optimized_auto_SPI.v:544$177'.
Found and cleaned up 1 empty switch in `$paramod\SPI_HEAD_MOSI_REF\RESET_WAIT_HW_AND_SLEEP_OUT_WAIT_ns=120000000.$proc$/home/yosys123/Desktop/ETRI-0.5um-CMOS-MPW-Std-Cell-DK/Tutorials/ASIC_chip/source/Display_optimized_auto_SPI.v:539$176'.
Removing empty process `$paramod\SPI_HEAD_MOSI_REF\RESET_WAIT_HW_AND_SLEEP_OUT_WAIT_ns=120000000.$proc$/home/yosys123/Desktop/ETRI-0.5um-CMOS-MPW-Std-Cell-DK/Tutorials/ASIC_chip/source/Display_optimized_auto_SPI.v:539$176'.
Cleaned up 72 empty switches.

3.3. Executing OPT_EXPR pass (perform const folding).
Optimizing module $paramod\SPI_mosi_FSM\length=8\instruction_rate=8.
<suppressed ~4 debug messages>
Optimizing module $paramod$a0aa458b497a109685e0101f27705dd7387ad238\auto_data_inst.
<suppressed ~5 debug messages>
Optimizing module sclk_gen_dcx.
Optimizing module enable_gen_dcx.
<suppressed ~4 debug messages>
Optimizing module Display_optimized_auto_SPI.
Optimizing module $paramod\SPI_HEAD_MOSI_REF\RESET_WAIT_HW_AND_SLEEP_OUT_WAIT_ns=120000000.
<suppressed ~29 debug messages>

3.4. Executing OPT_CLEAN pass (remove unused cells and wires).
Finding unused cells or wires in module $paramod\SPI_mosi_FSM\length=8\instruction_rate=8..
Finding unused cells or wires in module $paramod$a0aa458b497a109685e0101f27705dd7387ad238\auto_data_inst..
Finding unused cells or wires in module \sclk_gen_dcx..
Finding unused cells or wires in module \enable_gen_dcx..
Finding unused cells or wires in module \Display_optimized_auto_SPI..
Finding unused cells or wires in module $paramod\SPI_HEAD_MOSI_REF\RESET_WAIT_HW_AND_SLEEP_OUT_WAIT_ns=120000000..
Removed 56 unused cells and 373 unused wires.
<suppressed ~63 debug messages>

3.5. Executing CHECK pass (checking for obvious problems).
checking module $paramod$a0aa458b497a109685e0101f27705dd7387ad238\auto_data_inst..
checking module $paramod\SPI_HEAD_MOSI_REF\RESET_WAIT_HW_AND_SLEEP_OUT_WAIT_ns=120000000..
checking module $paramod\SPI_mosi_FSM\length=8\instruction_rate=8..
checking module Display_optimized_auto_SPI..
checking module enable_gen_dcx..
checking module sclk_gen_dcx..
found and reported 0 problems.

3.6. Executing OPT pass (performing simple optimizations).

3.6.1. Executing OPT_EXPR pass (perform const folding).
Optimizing module $paramod$a0aa458b497a109685e0101f27705dd7387ad238\auto_data_inst.
Optimizing module $paramod\SPI_HEAD_MOSI_REF\RESET_WAIT_HW_AND_SLEEP_OUT_WAIT_ns=120000000.
Optimizing module $paramod\SPI_mosi_FSM\length=8\instruction_rate=8.
Optimizing module Display_optimized_auto_SPI.
Optimizing module enable_gen_dcx.
Optimizing module sclk_gen_dcx.

3.6.2. Executing OPT_MERGE pass (detect identical cells).
Finding identical cells in module `$paramod$a0aa458b497a109685e0101f27705dd7387ad238\auto_data_inst'.
<suppressed ~228 debug messages>
Finding identical cells in module `$paramod\SPI_HEAD_MOSI_REF\RESET_WAIT_HW_AND_SLEEP_OUT_WAIT_ns=120000000'.
<suppressed ~279 debug messages>
Finding identical cells in module `$paramod\SPI_mosi_FSM\length=8\instruction_rate=8'.
<suppressed ~36 debug messages>
Finding identical cells in module `\Display_optimized_auto_SPI'.
Finding identical cells in module `\enable_gen_dcx'.
<suppressed ~36 debug messages>
Finding identical cells in module `\sclk_gen_dcx'.
Removed a total of 193 cells.

3.6.3. Executing OPT_MUXTREE pass (detect dead branches in mux trees).
Running muxtree optimizer on module $paramod$a0aa458b497a109685e0101f27705dd7387ad238\auto_data_inst..
  Creating internal representation of mux trees.
  Evaluating internal representation of mux trees.
  Analyzing evaluation results.
    dead port 2/2 on $mux $procmux$473.
    dead port 2/2 on $mux $procmux$481.
    dead port 2/2 on $mux $procmux$494.
    dead port 2/2 on $mux $procmux$508.
    dead port 2/2 on $mux $procmux$519.
    dead port 2/2 on $mux $procmux$533.
    dead port 2/2 on $mux $procmux$548.
    dead port 2/2 on $mux $procmux$562.
    dead port 2/2 on $mux $procmux$465.
    dead port 2/2 on $mux $procmux$611.
    dead port 1/2 on $mux $procmux$614.
    dead port 2/2 on $mux $procmux$622.
    dead port 1/2 on $mux $procmux$625.
    dead port 2/2 on $mux $procmux$634.
    dead port 1/2 on $mux $procmux$637.
    dead port 2/2 on $mux $procmux$649.
    dead port 1/2 on $mux $procmux$652.
    dead port 2/2 on $mux $procmux$667.
    dead port 1/2 on $mux $procmux$670.
    dead port 2/2 on $mux $procmux$687.
    dead port 1/2 on $mux $procmux$690.
    dead port 2/2 on $mux $procmux$452.
    dead port 2/2 on $mux $procmux$454.
    dead port 2/2 on $mux $procmux$463.
    dead port 1/2 on $mux $procmux$707.
    dead port 1/2 on $mux $procmux$710.
Running muxtree optimizer on module $paramod\SPI_HEAD_MOSI_REF\RESET_WAIT_HW_AND_SLEEP_OUT_WAIT_ns=120000000..
  Creating internal representation of mux trees.
  Evaluating internal representation of mux trees.
      Replacing known input bits on port B of cell $procmux$1194: \hw_reset_hold_done -> 1'1
      Replacing known input bits on port A of cell $procmux$1192: \hw_reset_hold_done -> 1'0
      Replacing known input bits on port B of cell $procmux$1205: \hw_reset_done -> 1'1
      Replacing known input bits on port A of cell $procmux$1203: \hw_reset_done -> 1'0
      Replacing known input bits on port B of cell $procmux$1156: \Tcss_done -> 1'1
      Replacing known input bits on port B of cell $procmux$1167: \sleep_out_done -> 1'1
      Replacing known input bits on port A of cell $procmux$1165: \sleep_out_done -> 1'0
      Replacing known input bits on port B of cell $procmux$1180: \reset_done -> 1'1
      Replacing known input bits on port A of cell $procmux$1178: \reset_done -> 1'0
  Analyzing evaluation results.
    dead port 2/2 on $mux $procmux$1006.
    dead port 2/2 on $mux $procmux$1015.
    dead port 1/2 on $mux $procmux$1025.
    dead port 2/2 on $mux $procmux$1027.
    dead port 2/2 on $mux $procmux$1029.
    dead port 2/2 on $mux $procmux$772.
    dead port 2/2 on $mux $procmux$1038.
    dead port 2/2 on $mux $procmux$1040.
    dead port 2/2 on $mux $procmux$785.
    dead port 2/2 on $mux $procmux$1065.
    dead port 2/2 on $mux $procmux$799.
    dead port 2/2 on $mux $procmux$1099.
    dead port 2/2 on $mux $procmux$1110.
    dead port 2/2 on $mux $procmux$813.
    dead port 2/2 on $mux $procmux$1122.
    dead port 2/2 on $mux $procmux$828.
    dead port 2/2 on $mux $procmux$843.
    dead port 2/2 on $mux $procmux$981.
    dead port 2/2 on $mux $procmux$983.
    dead port 2/2 on $mux $procmux$1004.
    dead port 2/2 on $mux $procmux$992.
    dead port 2/2 on $mux $procmux$994.
Running muxtree optimizer on module $paramod\SPI_mosi_FSM\length=8\instruction_rate=8..
  Creating internal representation of mux trees.
  Evaluating internal representation of mux trees.
  Analyzing evaluation results.
Running muxtree optimizer on module \Display_optimized_auto_SPI..
  Creating internal representation of mux trees.
  No muxes found in this module.
Running muxtree optimizer on module \enable_gen_dcx..
  Creating internal representation of mux trees.
  Evaluating internal representation of mux trees.
  Analyzing evaluation results.
    dead port 2/2 on $mux $procmux$736.
    dead port 2/2 on $mux $procmux$744.
    dead port 2/2 on $mux $procmux$750.
    dead port 2/2 on $mux $procmux$730.
Running muxtree optimizer on module \sclk_gen_dcx..
  Creating internal representation of mux trees.
  Evaluating internal representation of mux trees.
  Analyzing evaluation results.
Removed 52 multiplexer ports.
<suppressed ~47 debug messages>

3.6.4. Executing OPT_REDUCE pass (consolidate $*mux and $reduce_* inputs).
  Optimizing cells in module $paramod$a0aa458b497a109685e0101f27705dd7387ad238\auto_data_inst.
    New input vector for $reduce_or cell $procmux$397_ANY: { $procmux$383_CMP [0] $procmux$383_CMP [1] $procmux$383_CMP [2] $procmux$383_CMP [3] $procmux$383_CMP [4] }
    New input vector for $reduce_or cell $procmux$561_ANY: { $procmux$561_CMP [0] $procmux$561_CMP [1] }
    New ctrl vector for $pmux cell $procmux$567: $auto$opt_reduce.cc:132:opt_mux$1280
    New ctrl vector for $pmux cell $procmux$396: { $procmux$387_CMP $auto$opt_reduce.cc:132:opt_mux$1282 }
    New ctrl vector for $pmux cell $procmux$582: { $auto$opt_reduce.cc:132:opt_mux$1284 $procmux$387_CMP }
    New ctrl vector for $pmux cell $procmux$593: { $procmux$574_CMP $procmux$390_CMP $procmux$389_CMP $procmux$388_CMP $auto$opt_reduce.cc:132:opt_mux$1286 }
    New ctrl vector for $pmux cell $procmux$412: { $procmux$390_CMP $procmux$388_CMP $auto$opt_reduce.cc:132:opt_mux$1288 }
    New ctrl vector for $mux cell $procmux$471: { }
    New ctrl vector for $pmux cell $procmux$382: { $procmux$387_CMP $auto$opt_reduce.cc:132:opt_mux$1290 }
    New input vector for $reduce_or cell $auto$opt_reduce.cc:126:opt_mux$1287: { $procmux$387_CMP $procmux$383_CMP [0] $procmux$383_CMP [1] $procmux$383_CMP [2] $procmux$383_CMP [3] $procmux$383_CMP [4] }
    New input vector for $reduce_or cell $auto$opt_reduce.cc:126:opt_mux$1279: { $procmux$390_CMP $procmux$389_CMP $procmux$388_CMP $procmux$387_CMP $procmux$383_CMP [3] $procmux$383_CMP [4] $procmux$574_CMP }
    New input vector for $reduce_or cell $auto$opt_reduce.cc:126:opt_mux$1281: { $procmux$390_CMP $procmux$389_CMP $procmux$388_CMP $procmux$383_CMP [0] $procmux$383_CMP [1] $procmux$383_CMP [2] $procmux$383_CMP [3] $procmux$383_CMP [4] }
    New input vector for $reduce_or cell $auto$opt_reduce.cc:126:opt_mux$1283: { $procmux$389_CMP $procmux$383_CMP [3] $procmux$574_CMP }
    New input vector for $reduce_or cell $auto$opt_reduce.cc:126:opt_mux$1289: { $procmux$391_CMP $procmux$390_CMP $procmux$389_CMP $procmux$388_CMP $procmux$383_CMP [0] $procmux$383_CMP [1] $procmux$383_CMP [2] $procmux$383_CMP [3] $procmux$383_CMP [4] }
    New ctrl vector for $pmux cell $procmux$582: $auto$opt_reduce.cc:132:opt_mux$1284
  Optimizing cells in module $paramod$a0aa458b497a109685e0101f27705dd7387ad238\auto_data_inst.
  Optimizing cells in module $paramod\SPI_HEAD_MOSI_REF\RESET_WAIT_HW_AND_SLEEP_OUT_WAIT_ns=120000000.
    New ctrl vector for $mux cell $procmux$1156: { }
    New ctrl vector for $pmux cell $procmux$938: $auto$opt_reduce.cc:132:opt_mux$1292
    New input vector for $reduce_or cell $auto$opt_reduce.cc:126:opt_mux$1291: { $procmux$1030_CMP $procmux$1129_CMP }
  Optimizing cells in module $paramod\SPI_HEAD_MOSI_REF\RESET_WAIT_HW_AND_SLEEP_OUT_WAIT_ns=120000000.
  Optimizing cells in module $paramod\SPI_mosi_FSM\length=8\instruction_rate=8.
    New ctrl vector for $pmux cell $procmux$293: { $procmux$303_CMP $auto$opt_reduce.cc:132:opt_mux$1294 $eq$/home/yosys123/Desktop/ETRI-0.5um-CMOS-MPW-Std-Cell-DK/Tutorials/ASIC_chip/source/Display_optimized_auto_SPI.v:722$281_Y }
    New ctrl vector for $pmux cell $procmux$314: { $auto$opt_reduce.cc:132:opt_mux$1296 $eq$/home/yosys123/Desktop/ETRI-0.5um-CMOS-MPW-Std-Cell-DK/Tutorials/ASIC_chip/source/Display_optimized_auto_SPI.v:722$281_Y }
  Optimizing cells in module $paramod\SPI_mosi_FSM\length=8\instruction_rate=8.
  Optimizing cells in module \Display_optimized_auto_SPI.
  Optimizing cells in module \enable_gen_dcx.
    New input vector for $reduce_or cell $procmux$751_ANY: { $procmux$751_CMP [0] $procmux$751_CMP [1] }
    New input vector for $reduce_or cell $procmux$745_ANY: { $procmux$745_CMP [0] $procmux$745_CMP [1] }
    New input vector for $reduce_or cell $procmux$737_ANY: { $procmux$737_CMP [0] $procmux$737_CMP [1] }
    New input vector for $reduce_or cell $procmux$731_ANY: { $procmux$731_CMP [0] $procmux$731_CMP [1] }
  Optimizing cells in module \enable_gen_dcx.
  Optimizing cells in module \sclk_gen_dcx.
Performed a total of 24 changes.

3.6.5. Executing OPT_MERGE pass (detect identical cells).
Finding identical cells in module `$paramod$a0aa458b497a109685e0101f27705dd7387ad238\auto_data_inst'.
<suppressed ~6 debug messages>
Finding identical cells in module `$paramod\SPI_HEAD_MOSI_REF\RESET_WAIT_HW_AND_SLEEP_OUT_WAIT_ns=120000000'.
<suppressed ~27 debug messages>
Finding identical cells in module `$paramod\SPI_mosi_FSM\length=8\instruction_rate=8'.
<suppressed ~3 debug messages>
Finding identical cells in module `\Display_optimized_auto_SPI'.
Finding identical cells in module `\enable_gen_dcx'.
Finding identical cells in module `\sclk_gen_dcx'.
Removed a total of 12 cells.

3.6.6. Executing OPT_RMDFF pass (remove dff with constant values).

3.6.7. Executing OPT_CLEAN pass (remove unused cells and wires).
Finding unused cells or wires in module $paramod$a0aa458b497a109685e0101f27705dd7387ad238\auto_data_inst..
Finding unused cells or wires in module $paramod\SPI_HEAD_MOSI_REF\RESET_WAIT_HW_AND_SLEEP_OUT_WAIT_ns=120000000..
Finding unused cells or wires in module $paramod\SPI_mosi_FSM\length=8\instruction_rate=8..
Finding unused cells or wires in module \Display_optimized_auto_SPI..
Finding unused cells or wires in module \enable_gen_dcx..
Finding unused cells or wires in module \sclk_gen_dcx..
Removed 1 unused cells and 247 unused wires.
<suppressed ~5 debug messages>

3.6.8. Executing OPT_EXPR pass (perform const folding).
Optimizing module $paramod$a0aa458b497a109685e0101f27705dd7387ad238\auto_data_inst.
Optimizing module $paramod\SPI_HEAD_MOSI_REF\RESET_WAIT_HW_AND_SLEEP_OUT_WAIT_ns=120000000.
Optimizing module $paramod\SPI_mosi_FSM\length=8\instruction_rate=8.
Optimizing module Display_optimized_auto_SPI.
Optimizing module enable_gen_dcx.
Optimizing module sclk_gen_dcx.

3.6.9. Rerunning OPT passes. (Maybe there is more to do..)

3.6.10. Executing OPT_MUXTREE pass (detect dead branches in mux trees).
Running muxtree optimizer on module $paramod$a0aa458b497a109685e0101f27705dd7387ad238\auto_data_inst..
  Creating internal representation of mux trees.
  Evaluating internal representation of mux trees.
  Analyzing evaluation results.
Running muxtree optimizer on module $paramod\SPI_HEAD_MOSI_REF\RESET_WAIT_HW_AND_SLEEP_OUT_WAIT_ns=120000000..
  Creating internal representation of mux trees.
  Evaluating internal representation of mux trees.
  Analyzing evaluation results.
Running muxtree optimizer on module $paramod\SPI_mosi_FSM\length=8\instruction_rate=8..
  Creating internal representation of mux trees.
  Evaluating internal representation of mux trees.
  Analyzing evaluation results.
Running muxtree optimizer on module \Display_optimized_auto_SPI..
  Creating internal representation of mux trees.
  No muxes found in this module.
Running muxtree optimizer on module \enable_gen_dcx..
  Creating internal representation of mux trees.
  Evaluating internal representation of mux trees.
  Analyzing evaluation results.
Running muxtree optimizer on module \sclk_gen_dcx..
  Creating internal representation of mux trees.
  Evaluating internal representation of mux trees.
  Analyzing evaluation results.
Removed 0 multiplexer ports.
<suppressed ~50 debug messages>

3.6.11. Executing OPT_REDUCE pass (consolidate $*mux and $reduce_* inputs).
  Optimizing cells in module $paramod$a0aa458b497a109685e0101f27705dd7387ad238\auto_data_inst.
    New ctrl vector for $pmux cell $procmux$412: { $auto$opt_reduce.cc:132:opt_mux$1298 $auto$opt_reduce.cc:132:opt_mux$1288 }
    New ctrl vector for $pmux cell $procmux$693: { $procmux$574_CMP $procmux$390_CMP $procmux$383_CMP [0] $procmux$389_CMP $procmux$388_CMP $procmux$383_CMP [1] $procmux$383_CMP [3] $procmux$383_CMP [4] $procmux$387_CMP $procmux$383_CMP [2] $auto$opt_reduce.cc:132:opt_mux$1300 }
  Optimizing cells in module $paramod$a0aa458b497a109685e0101f27705dd7387ad238\auto_data_inst.
  Optimizing cells in module $paramod\SPI_HEAD_MOSI_REF\RESET_WAIT_HW_AND_SLEEP_OUT_WAIT_ns=120000000.
    New ctrl vector for $pmux cell $procmux$948: $auto$opt_reduce.cc:132:opt_mux$1302
    New ctrl vector for $pmux cell $procmux$960: $auto$opt_reduce.cc:132:opt_mux$1304
    New input vector for $reduce_or cell $auto$opt_reduce.cc:126:opt_mux$1301: { $procmux$1007_CMP $procmux$1030_CMP $procmux$1129_CMP }
    New input vector for $reduce_or cell $auto$opt_reduce.cc:126:opt_mux$1303: { $procmux$1007_CMP $procmux$1030_CMP $procmux$1129_CMP }
  Optimizing cells in module $paramod\SPI_HEAD_MOSI_REF\RESET_WAIT_HW_AND_SLEEP_OUT_WAIT_ns=120000000.
  Optimizing cells in module $paramod\SPI_mosi_FSM\length=8\instruction_rate=8.
  Optimizing cells in module \Display_optimized_auto_SPI.
  Optimizing cells in module \enable_gen_dcx.
  Optimizing cells in module \sclk_gen_dcx.
Performed a total of 6 changes.

3.6.12. Executing OPT_MERGE pass (detect identical cells).
Finding identical cells in module `$paramod$a0aa458b497a109685e0101f27705dd7387ad238\auto_data_inst'.
Finding identical cells in module `$paramod\SPI_HEAD_MOSI_REF\RESET_WAIT_HW_AND_SLEEP_OUT_WAIT_ns=120000000'.
<suppressed ~3 debug messages>
Finding identical cells in module `$paramod\SPI_mosi_FSM\length=8\instruction_rate=8'.
Finding identical cells in module `\Display_optimized_auto_SPI'.
Finding identical cells in module `\enable_gen_dcx'.
Finding identical cells in module `\sclk_gen_dcx'.
Removed a total of 1 cells.

3.6.13. Executing OPT_RMDFF pass (remove dff with constant values).

3.6.14. Executing OPT_CLEAN pass (remove unused cells and wires).
Finding unused cells or wires in module $paramod$a0aa458b497a109685e0101f27705dd7387ad238\auto_data_inst..
Finding unused cells or wires in module $paramod\SPI_HEAD_MOSI_REF\RESET_WAIT_HW_AND_SLEEP_OUT_WAIT_ns=120000000..
Finding unused cells or wires in module $paramod\SPI_mosi_FSM\length=8\instruction_rate=8..
Finding unused cells or wires in module \Display_optimized_auto_SPI..
Finding unused cells or wires in module \enable_gen_dcx..
Finding unused cells or wires in module \sclk_gen_dcx..
Removed 0 unused cells and 1 unused wires.
<suppressed ~1 debug messages>

3.6.15. Executing OPT_EXPR pass (perform const folding).
Optimizing module $paramod$a0aa458b497a109685e0101f27705dd7387ad238\auto_data_inst.
Optimizing module $paramod\SPI_HEAD_MOSI_REF\RESET_WAIT_HW_AND_SLEEP_OUT_WAIT_ns=120000000.
Optimizing module $paramod\SPI_mosi_FSM\length=8\instruction_rate=8.
Optimizing module Display_optimized_auto_SPI.
Optimizing module enable_gen_dcx.
Optimizing module sclk_gen_dcx.

3.6.16. Rerunning OPT passes. (Maybe there is more to do..)

3.6.17. Executing OPT_MUXTREE pass (detect dead branches in mux trees).
Running muxtree optimizer on module $paramod$a0aa458b497a109685e0101f27705dd7387ad238\auto_data_inst..
  Creating internal representation of mux trees.
  Evaluating internal representation of mux trees.
  Analyzing evaluation results.
Running muxtree optimizer on module $paramod\SPI_HEAD_MOSI_REF\RESET_WAIT_HW_AND_SLEEP_OUT_WAIT_ns=120000000..
  Creating internal representation of mux trees.
  Evaluating internal representation of mux trees.
  Analyzing evaluation results.
Running muxtree optimizer on module $paramod\SPI_mosi_FSM\length=8\instruction_rate=8..
  Creating internal representation of mux trees.
  Evaluating internal representation of mux trees.
  Analyzing evaluation results.
Running muxtree optimizer on module \Display_optimized_auto_SPI..
  Creating internal representation of mux trees.
  No muxes found in this module.
Running muxtree optimizer on module \enable_gen_dcx..
  Creating internal representation of mux trees.
  Evaluating internal representation of mux trees.
  Analyzing evaluation results.
Running muxtree optimizer on module \sclk_gen_dcx..
  Creating internal representation of mux trees.
  Evaluating internal representation of mux trees.
  Analyzing evaluation results.
Removed 0 multiplexer ports.
<suppressed ~50 debug messages>

3.6.18. Executing OPT_REDUCE pass (consolidate $*mux and $reduce_* inputs).
  Optimizing cells in module $paramod$a0aa458b497a109685e0101f27705dd7387ad238\auto_data_inst.
  Optimizing cells in module $paramod\SPI_HEAD_MOSI_REF\RESET_WAIT_HW_AND_SLEEP_OUT_WAIT_ns=120000000.
  Optimizing cells in module $paramod\SPI_mosi_FSM\length=8\instruction_rate=8.
  Optimizing cells in module \Display_optimized_auto_SPI.
  Optimizing cells in module \enable_gen_dcx.
  Optimizing cells in module \sclk_gen_dcx.
Performed a total of 0 changes.

3.6.19. Executing OPT_MERGE pass (detect identical cells).
Finding identical cells in module `$paramod$a0aa458b497a109685e0101f27705dd7387ad238\auto_data_inst'.
Finding identical cells in module `$paramod\SPI_HEAD_MOSI_REF\RESET_WAIT_HW_AND_SLEEP_OUT_WAIT_ns=120000000'.
Finding identical cells in module `$paramod\SPI_mosi_FSM\length=8\instruction_rate=8'.
Finding identical cells in module `\Display_optimized_auto_SPI'.
Finding identical cells in module `\enable_gen_dcx'.
Finding identical cells in module `\sclk_gen_dcx'.
Removed a total of 0 cells.

3.6.20. Executing OPT_RMDFF pass (remove dff with constant values).

3.6.21. Executing OPT_CLEAN pass (remove unused cells and wires).
Finding unused cells or wires in module $paramod$a0aa458b497a109685e0101f27705dd7387ad238\auto_data_inst..
Finding unused cells or wires in module $paramod\SPI_HEAD_MOSI_REF\RESET_WAIT_HW_AND_SLEEP_OUT_WAIT_ns=120000000..
Finding unused cells or wires in module $paramod\SPI_mosi_FSM\length=8\instruction_rate=8..
Finding unused cells or wires in module \Display_optimized_auto_SPI..
Finding unused cells or wires in module \enable_gen_dcx..
Finding unused cells or wires in module \sclk_gen_dcx..

3.6.22. Executing OPT_EXPR pass (perform const folding).
Optimizing module $paramod$a0aa458b497a109685e0101f27705dd7387ad238\auto_data_inst.
Optimizing module $paramod\SPI_HEAD_MOSI_REF\RESET_WAIT_HW_AND_SLEEP_OUT_WAIT_ns=120000000.
Optimizing module $paramod\SPI_mosi_FSM\length=8\instruction_rate=8.
Optimizing module Display_optimized_auto_SPI.
Optimizing module enable_gen_dcx.
Optimizing module sclk_gen_dcx.

3.6.23. Finished OPT passes. (There is nothing left to do.)

3.7. Executing WREDUCE pass (reducing word size of cells).
Removed top 2 bits (of 4) from port B of cell $paramod$a0aa458b497a109685e0101f27705dd7387ad238\auto_data_inst.$procmux$390_CMP0 ($eq).
Removed top 1 bits (of 4) from port B of cell $paramod$a0aa458b497a109685e0101f27705dd7387ad238\auto_data_inst.$procmux$388_CMP0 ($eq).
Removed top 1 bits (of 4) from port B of cell $paramod$a0aa458b497a109685e0101f27705dd7387ad238\auto_data_inst.$procmux$387_CMP0 ($eq).
Removed top 2 bits (of 4) from port B of cell $paramod$a0aa458b497a109685e0101f27705dd7387ad238\auto_data_inst.$procmux$389_CMP0 ($eq).
Removed top 1 bits (of 4) from port B of cell $paramod$a0aa458b497a109685e0101f27705dd7387ad238\auto_data_inst.$procmux$383_CMP3 ($eq).
Removed top 1 bits (of 4) from port B of cell $paramod$a0aa458b497a109685e0101f27705dd7387ad238\auto_data_inst.$procmux$383_CMP4 ($eq).
Removed top 29 bits (of 32) from port B of cell $paramod$a0aa458b497a109685e0101f27705dd7387ad238\auto_data_inst.$ge$/home/yosys123/Desktop/ETRI-0.5um-CMOS-MPW-Std-Cell-DK/Tutorials/ASIC_chip/source/Display_optimized_auto_SPI.v:58$259 ($ge).
Removed top 24 bits (of 32) from port B of cell $paramod$a0aa458b497a109685e0101f27705dd7387ad238\auto_data_inst.$ge$/home/yosys123/Desktop/ETRI-0.5um-CMOS-MPW-Std-Cell-DK/Tutorials/ASIC_chip/source/Display_optimized_auto_SPI.v:77$261 ($ge).
Removed top 31 bits (of 32) from port B of cell $paramod$a0aa458b497a109685e0101f27705dd7387ad238\auto_data_inst.$add$/home/yosys123/Desktop/ETRI-0.5um-CMOS-MPW-Std-Cell-DK/Tutorials/ASIC_chip/source/Display_optimized_auto_SPI.v:219$269 ($add).
Removed top 24 bits (of 32) from port Y of cell $paramod$a0aa458b497a109685e0101f27705dd7387ad238\auto_data_inst.$add$/home/yosys123/Desktop/ETRI-0.5um-CMOS-MPW-Std-Cell-DK/Tutorials/ASIC_chip/source/Display_optimized_auto_SPI.v:219$269 ($add).
Removed top 24 bits (of 32) from port B of cell $paramod$a0aa458b497a109685e0101f27705dd7387ad238\auto_data_inst.$le$/home/yosys123/Desktop/ETRI-0.5um-CMOS-MPW-Std-Cell-DK/Tutorials/ASIC_chip/source/Display_optimized_auto_SPI.v:162$263 ($le).
Removed top 31 bits (of 32) from port B of cell $paramod$a0aa458b497a109685e0101f27705dd7387ad238\auto_data_inst.$add$/home/yosys123/Desktop/ETRI-0.5um-CMOS-MPW-Std-Cell-DK/Tutorials/ASIC_chip/source/Display_optimized_auto_SPI.v:203$266 ($add).
Removed top 29 bits (of 32) from port Y of cell $paramod$a0aa458b497a109685e0101f27705dd7387ad238\auto_data_inst.$add$/home/yosys123/Desktop/ETRI-0.5um-CMOS-MPW-Std-Cell-DK/Tutorials/ASIC_chip/source/Display_optimized_auto_SPI.v:203$266 ($add).
Removed top 31 bits (of 32) from port B of cell $paramod$a0aa458b497a109685e0101f27705dd7387ad238\auto_data_inst.$add$/home/yosys123/Desktop/ETRI-0.5um-CMOS-MPW-Std-Cell-DK/Tutorials/ASIC_chip/source/Display_optimized_auto_SPI.v:217$268 ($add).
Removed top 31 bits (of 32) from port Y of cell $paramod$a0aa458b497a109685e0101f27705dd7387ad238\auto_data_inst.$add$/home/yosys123/Desktop/ETRI-0.5um-CMOS-MPW-Std-Cell-DK/Tutorials/ASIC_chip/source/Display_optimized_auto_SPI.v:217$268 ($add).
Removed top 7 bits (of 16) from port B of cell $paramod$a0aa458b497a109685e0101f27705dd7387ad238\auto_data_inst.$eq$/home/yosys123/Desktop/ETRI-0.5um-CMOS-MPW-Std-Cell-DK/Tutorials/ASIC_chip/source/Display_optimized_auto_SPI.v:231$270 ($eq).
Removed top 31 bits (of 32) from port B of cell $paramod$a0aa458b497a109685e0101f27705dd7387ad238\auto_data_inst.$add$/home/yosys123/Desktop/ETRI-0.5um-CMOS-MPW-Std-Cell-DK/Tutorials/ASIC_chip/source/Display_optimized_auto_SPI.v:234$271 ($add).
Removed top 16 bits (of 32) from port Y of cell $paramod$a0aa458b497a109685e0101f27705dd7387ad238\auto_data_inst.$add$/home/yosys123/Desktop/ETRI-0.5um-CMOS-MPW-Std-Cell-DK/Tutorials/ASIC_chip/source/Display_optimized_auto_SPI.v:234$271 ($add).
Removed top 2 bits (of 8) from mux cell $paramod$a0aa458b497a109685e0101f27705dd7387ad238\auto_data_inst.$procmux$506 ($mux).
Removed top 2 bits (of 8) from mux cell $paramod$a0aa458b497a109685e0101f27705dd7387ad238\auto_data_inst.$procmux$546 ($mux).
Removed top 2 bits (of 3) from port B of cell $paramod$a0aa458b497a109685e0101f27705dd7387ad238\auto_data_inst.$procmux$561_CMP0 ($eq).
Removed top 1 bits (of 3) from port B of cell $paramod$a0aa458b497a109685e0101f27705dd7387ad238\auto_data_inst.$procmux$560_CMP0 ($eq).
Removed top 1 bits (of 3) from port B of cell $paramod$a0aa458b497a109685e0101f27705dd7387ad238\auto_data_inst.$procmux$561_CMP1 ($eq).
Removed top 3 bits (of 4) from port B of cell $paramod$a0aa458b497a109685e0101f27705dd7387ad238\auto_data_inst.$procmux$574_CMP0 ($eq).
Removed top 2 bits (of 8) from mux cell $paramod$a0aa458b497a109685e0101f27705dd7387ad238\auto_data_inst.$procmux$593 ($pmux).
Removed top 3 bits (of 4) from mux cell $paramod$a0aa458b497a109685e0101f27705dd7387ad238\auto_data_inst.$procmux$609 ($mux).
Removed top 3 bits (of 4) from mux cell $paramod$a0aa458b497a109685e0101f27705dd7387ad238\auto_data_inst.$procmux$632 ($mux).
Removed top 2 bits (of 8) from wire $paramod$a0aa458b497a109685e0101f27705dd7387ad238\auto_data_inst.$2\inst_out[7:0].
Removed top 2 bits (of 8) from wire $paramod$a0aa458b497a109685e0101f27705dd7387ad238\auto_data_inst.$3\inst_out[7:0].
Removed top 3 bits (of 4) from wire $paramod$a0aa458b497a109685e0101f27705dd7387ad238\auto_data_inst.$3\next_state[3:0].
Removed top 3 bits (of 4) from wire $paramod$a0aa458b497a109685e0101f27705dd7387ad238\auto_data_inst.$6\next_state[3:0].
Removed top 29 bits (of 32) from wire $paramod$a0aa458b497a109685e0101f27705dd7387ad238\auto_data_inst.$add$/home/yosys123/Desktop/ETRI-0.5um-CMOS-MPW-Std-Cell-DK/Tutorials/ASIC_chip/source/Display_optimized_auto_SPI.v:203$266_Y.
Removed top 31 bits (of 32) from wire $paramod$a0aa458b497a109685e0101f27705dd7387ad238\auto_data_inst.$add$/home/yosys123/Desktop/ETRI-0.5um-CMOS-MPW-Std-Cell-DK/Tutorials/ASIC_chip/source/Display_optimized_auto_SPI.v:217$268_Y.
Removed top 16 bits (of 32) from wire $paramod$a0aa458b497a109685e0101f27705dd7387ad238\auto_data_inst.$add$/home/yosys123/Desktop/ETRI-0.5um-CMOS-MPW-Std-Cell-DK/Tutorials/ASIC_chip/source/Display_optimized_auto_SPI.v:234$271_Y.
Removed top 24 bits (of 32) from mux cell $paramod\SPI_HEAD_MOSI_REF\RESET_WAIT_HW_AND_SLEEP_OUT_WAIT_ns=120000000.$ternary$/home/yosys123/Desktop/ETRI-0.5um-CMOS-MPW-Std-Cell-DK/Tutorials/ASIC_chip/source/Display_optimized_auto_SPI.v:500$175 ($mux).
Removed top 1 bits (of 4) from port B of cell $paramod\SPI_HEAD_MOSI_REF\RESET_WAIT_HW_AND_SLEEP_OUT_WAIT_ns=120000000.$eq$/home/yosys123/Desktop/ETRI-0.5um-CMOS-MPW-Std-Cell-DK/Tutorials/ASIC_chip/source/Display_optimized_auto_SPI.v:622$206 ($eq).
Removed top 2 bits (of 4) from port B of cell $paramod\SPI_HEAD_MOSI_REF\RESET_WAIT_HW_AND_SLEEP_OUT_WAIT_ns=120000000.$procmux$1012_CMP0 ($eq).
Removed top 3 bits (of 4) from port B of cell $paramod\SPI_HEAD_MOSI_REF\RESET_WAIT_HW_AND_SLEEP_OUT_WAIT_ns=120000000.$procmux$1013_CMP0 ($eq).
Removed top 1 bits (of 3) from port B of cell $paramod\SPI_HEAD_MOSI_REF\RESET_WAIT_HW_AND_SLEEP_OUT_WAIT_ns=120000000.$procmux$1051_CMP0 ($eq).
Removed top 1 bits (of 3) from port B of cell $paramod\SPI_HEAD_MOSI_REF\RESET_WAIT_HW_AND_SLEEP_OUT_WAIT_ns=120000000.$procmux$1052_CMP0 ($eq).
Removed top 2 bits (of 3) from port B of cell $paramod\SPI_HEAD_MOSI_REF\RESET_WAIT_HW_AND_SLEEP_OUT_WAIT_ns=120000000.$procmux$1053_CMP0 ($eq).
Removed cell $paramod\SPI_HEAD_MOSI_REF\RESET_WAIT_HW_AND_SLEEP_OUT_WAIT_ns=120000000.$procmux$1055 ($mux).
Removed cell $paramod\SPI_HEAD_MOSI_REF\RESET_WAIT_HW_AND_SLEEP_OUT_WAIT_ns=120000000.$procmux$1057 ($mux).
Removed top 2 bits (of 3) from port B of cell $paramod\SPI_HEAD_MOSI_REF\RESET_WAIT_HW_AND_SLEEP_OUT_WAIT_ns=120000000.$procmux$1100_CMP0 ($eq).
Removed top 1 bits (of 3) from port B of cell $paramod\SPI_HEAD_MOSI_REF\RESET_WAIT_HW_AND_SLEEP_OUT_WAIT_ns=120000000.$procmux$1123_CMP0 ($eq).
Removed top 1 bits (of 3) from port B of cell $paramod\SPI_HEAD_MOSI_REF\RESET_WAIT_HW_AND_SLEEP_OUT_WAIT_ns=120000000.$procmux$1129_CMP0 ($eq).
Removed top 1 bits (of 2) from port B of cell $paramod\SPI_mosi_FSM\length=8\instruction_rate=8.$procmux$296_CMP0 ($eq).
Removed top 1 bits (of 4) from port B of cell $paramod\SPI_mosi_FSM\length=8\instruction_rate=8.$eq$/home/yosys123/Desktop/ETRI-0.5um-CMOS-MPW-Std-Cell-DK/Tutorials/ASIC_chip/source/Display_optimized_auto_SPI.v:769$288 ($eq).
Removed top 1 bits (of 2) from port B of cell enable_gen_dcx.$eq$/home/yosys123/Desktop/ETRI-0.5um-CMOS-MPW-Std-Cell-DK/Tutorials/ASIC_chip/source/Display_optimized_auto_SPI.v:381$27 ($eq).
Removed top 1 bits (of 2) from port B of cell enable_gen_dcx.$eq$/home/yosys123/Desktop/ETRI-0.5um-CMOS-MPW-Std-Cell-DK/Tutorials/ASIC_chip/source/Display_optimized_auto_SPI.v:395$31 ($eq).
Removed top 1 bits (of 2) from port B of cell enable_gen_dcx.$procmux$731_CMP0 ($eq).
Removed top 1 bits (of 2) from port B of cell enable_gen_dcx.$procmux$745_CMP0 ($eq).
Removed top 1 bits (of 2) from FF cell enable_gen_dcx.$procdff$1268 ($dff).
Removed top 1 bits (of 2) from FF cell enable_gen_dcx.$procdff$1269 ($dff).
Removed top 1 bits (of 2) from mux cell enable_gen_dcx.$procmux$756 ($mux).
Removed top 1 bits (of 2) from mux cell enable_gen_dcx.$procmux$759 ($mux).
Removed top 1 bits (of 2) from wire enable_gen_dcx.$0\sclk_reg_miso[1:0].
Removed top 1 bits (of 2) from wire enable_gen_dcx.sclk_reg_miso.
Removed top 31 bits (of 32) from port B of cell sclk_gen_dcx.$sub$/home/yosys123/Desktop/ETRI-0.5um-CMOS-MPW-Std-Cell-DK/Tutorials/ASIC_chip/source/Display_optimized_auto_SPI.v:420$35 ($sub).
Removed top 31 bits (of 32) from port B of cell sclk_gen_dcx.$add$/home/yosys123/Desktop/ETRI-0.5um-CMOS-MPW-Std-Cell-DK/Tutorials/ASIC_chip/source/Display_optimized_auto_SPI.v:426$38 ($add).
Removed top 25 bits (of 32) from port Y of cell sclk_gen_dcx.$add$/home/yosys123/Desktop/ETRI-0.5um-CMOS-MPW-Std-Cell-DK/Tutorials/ASIC_chip/source/Display_optimized_auto_SPI.v:426$38 ($add).
Removed top 25 bits (of 32) from wire sclk_gen_dcx.$add$/home/yosys123/Desktop/ETRI-0.5um-CMOS-MPW-Std-Cell-DK/Tutorials/ASIC_chip/source/Display_optimized_auto_SPI.v:426$38_Y.

3.8. Executing PEEPOPT pass (run peephole optimizers).

3.9. Executing OPT_CLEAN pass (remove unused cells and wires).
Finding unused cells or wires in module $paramod$a0aa458b497a109685e0101f27705dd7387ad238\auto_data_inst..
Finding unused cells or wires in module $paramod\SPI_HEAD_MOSI_REF\RESET_WAIT_HW_AND_SLEEP_OUT_WAIT_ns=120000000..
Finding unused cells or wires in module $paramod\SPI_mosi_FSM\length=8\instruction_rate=8..
Finding unused cells or wires in module \Display_optimized_auto_SPI..
Finding unused cells or wires in module \enable_gen_dcx..
Finding unused cells or wires in module \sclk_gen_dcx..
Removed 0 unused cells and 13 unused wires.
<suppressed ~4 debug messages>

3.10. Executing TECHMAP pass (map to technology primitives).

3.10.1. Executing Verilog-2005 frontend: /usr/bin/../share/yosys/cmp2lut.v
Parsing Verilog input from `/usr/bin/../share/yosys/cmp2lut.v' to AST representation.
Generating RTLIL representation for module `\_90_lut_cmp_'.
Successfully finished Verilog frontend.

3.10.2. Continuing TECHMAP pass.
No more expansions possible.
<suppressed ~464 debug messages>

3.11. Executing ALUMACC pass (create $alu and $macc cells).
Extracting $alu and $macc cells in module $paramod$a0aa458b497a109685e0101f27705dd7387ad238\auto_data_inst:
  creating $macc model for $add$/home/yosys123/Desktop/ETRI-0.5um-CMOS-MPW-Std-Cell-DK/Tutorials/ASIC_chip/source/Display_optimized_auto_SPI.v:203$266 ($add).
  creating $macc model for $add$/home/yosys123/Desktop/ETRI-0.5um-CMOS-MPW-Std-Cell-DK/Tutorials/ASIC_chip/source/Display_optimized_auto_SPI.v:217$268 ($add).
  creating $macc model for $add$/home/yosys123/Desktop/ETRI-0.5um-CMOS-MPW-Std-Cell-DK/Tutorials/ASIC_chip/source/Display_optimized_auto_SPI.v:219$269 ($add).
  creating $macc model for $add$/home/yosys123/Desktop/ETRI-0.5um-CMOS-MPW-Std-Cell-DK/Tutorials/ASIC_chip/source/Display_optimized_auto_SPI.v:234$271 ($add).
  creating $alu model for $macc $add$/home/yosys123/Desktop/ETRI-0.5um-CMOS-MPW-Std-Cell-DK/Tutorials/ASIC_chip/source/Display_optimized_auto_SPI.v:234$271.
  creating $alu model for $macc $add$/home/yosys123/Desktop/ETRI-0.5um-CMOS-MPW-Std-Cell-DK/Tutorials/ASIC_chip/source/Display_optimized_auto_SPI.v:219$269.
  creating $alu model for $macc $add$/home/yosys123/Desktop/ETRI-0.5um-CMOS-MPW-Std-Cell-DK/Tutorials/ASIC_chip/source/Display_optimized_auto_SPI.v:217$268.
  creating $alu model for $macc $add$/home/yosys123/Desktop/ETRI-0.5um-CMOS-MPW-Std-Cell-DK/Tutorials/ASIC_chip/source/Display_optimized_auto_SPI.v:203$266.
  creating $alu model for $ge$/home/yosys123/Desktop/ETRI-0.5um-CMOS-MPW-Std-Cell-DK/Tutorials/ASIC_chip/source/Display_optimized_auto_SPI.v:58$259 ($ge): new $alu
  creating $alu model for $ge$/home/yosys123/Desktop/ETRI-0.5um-CMOS-MPW-Std-Cell-DK/Tutorials/ASIC_chip/source/Display_optimized_auto_SPI.v:77$261 ($ge): new $alu
  creating $alu model for $le$/home/yosys123/Desktop/ETRI-0.5um-CMOS-MPW-Std-Cell-DK/Tutorials/ASIC_chip/source/Display_optimized_auto_SPI.v:162$263 ($le): new $alu
  creating $alu cell for $le$/home/yosys123/Desktop/ETRI-0.5um-CMOS-MPW-Std-Cell-DK/Tutorials/ASIC_chip/source/Display_optimized_auto_SPI.v:162$263: $auto$alumacc.cc:474:replace_alu$1318
  creating $alu cell for $ge$/home/yosys123/Desktop/ETRI-0.5um-CMOS-MPW-Std-Cell-DK/Tutorials/ASIC_chip/source/Display_optimized_auto_SPI.v:77$261: $auto$alumacc.cc:474:replace_alu$1327
  creating $alu cell for $ge$/home/yosys123/Desktop/ETRI-0.5um-CMOS-MPW-Std-Cell-DK/Tutorials/ASIC_chip/source/Display_optimized_auto_SPI.v:58$259: $auto$alumacc.cc:474:replace_alu$1340
  creating $alu cell for $add$/home/yosys123/Desktop/ETRI-0.5um-CMOS-MPW-Std-Cell-DK/Tutorials/ASIC_chip/source/Display_optimized_auto_SPI.v:203$266: $auto$alumacc.cc:474:replace_alu$1353
  creating $alu cell for $add$/home/yosys123/Desktop/ETRI-0.5um-CMOS-MPW-Std-Cell-DK/Tutorials/ASIC_chip/source/Display_optimized_auto_SPI.v:217$268: $auto$alumacc.cc:474:replace_alu$1356
  creating $alu cell for $add$/home/yosys123/Desktop/ETRI-0.5um-CMOS-MPW-Std-Cell-DK/Tutorials/ASIC_chip/source/Display_optimized_auto_SPI.v:219$269: $auto$alumacc.cc:474:replace_alu$1359
  creating $alu cell for $add$/home/yosys123/Desktop/ETRI-0.5um-CMOS-MPW-Std-Cell-DK/Tutorials/ASIC_chip/source/Display_optimized_auto_SPI.v:234$271: $auto$alumacc.cc:474:replace_alu$1362
  created 7 $alu and 0 $macc cells.
Extracting $alu and $macc cells in module $paramod\SPI_HEAD_MOSI_REF\RESET_WAIT_HW_AND_SLEEP_OUT_WAIT_ns=120000000:
  creating $macc model for $add$/home/yosys123/Desktop/ETRI-0.5um-CMOS-MPW-Std-Cell-DK/Tutorials/ASIC_chip/source/Display_optimized_auto_SPI.v:560$179 ($add).
  creating $macc model for $add$/home/yosys123/Desktop/ETRI-0.5um-CMOS-MPW-Std-Cell-DK/Tutorials/ASIC_chip/source/Display_optimized_auto_SPI.v:566$182 ($add).
  creating $macc model for $add$/home/yosys123/Desktop/ETRI-0.5um-CMOS-MPW-Std-Cell-DK/Tutorials/ASIC_chip/source/Display_optimized_auto_SPI.v:599$193 ($add).
  creating $alu model for $macc $add$/home/yosys123/Desktop/ETRI-0.5um-CMOS-MPW-Std-Cell-DK/Tutorials/ASIC_chip/source/Display_optimized_auto_SPI.v:599$193.
  creating $alu model for $macc $add$/home/yosys123/Desktop/ETRI-0.5um-CMOS-MPW-Std-Cell-DK/Tutorials/ASIC_chip/source/Display_optimized_auto_SPI.v:566$182.
  creating $alu model for $macc $add$/home/yosys123/Desktop/ETRI-0.5um-CMOS-MPW-Std-Cell-DK/Tutorials/ASIC_chip/source/Display_optimized_auto_SPI.v:560$179.
  creating $alu cell for $add$/home/yosys123/Desktop/ETRI-0.5um-CMOS-MPW-Std-Cell-DK/Tutorials/ASIC_chip/source/Display_optimized_auto_SPI.v:560$179: $auto$alumacc.cc:474:replace_alu$1365
  creating $alu cell for $add$/home/yosys123/Desktop/ETRI-0.5um-CMOS-MPW-Std-Cell-DK/Tutorials/ASIC_chip/source/Display_optimized_auto_SPI.v:566$182: $auto$alumacc.cc:474:replace_alu$1368
  creating $alu cell for $add$/home/yosys123/Desktop/ETRI-0.5um-CMOS-MPW-Std-Cell-DK/Tutorials/ASIC_chip/source/Display_optimized_auto_SPI.v:599$193: $auto$alumacc.cc:474:replace_alu$1371
  created 3 $alu and 0 $macc cells.
Extracting $alu and $macc cells in module $paramod\SPI_mosi_FSM\length=8\instruction_rate=8:
  creating $macc model for $add$/home/yosys123/Desktop/ETRI-0.5um-CMOS-MPW-Std-Cell-DK/Tutorials/ASIC_chip/source/Display_optimized_auto_SPI.v:768$287 ($add).
  creating $alu model for $macc $add$/home/yosys123/Desktop/ETRI-0.5um-CMOS-MPW-Std-Cell-DK/Tutorials/ASIC_chip/source/Display_optimized_auto_SPI.v:768$287.
  creating $alu cell for $add$/home/yosys123/Desktop/ETRI-0.5um-CMOS-MPW-Std-Cell-DK/Tutorials/ASIC_chip/source/Display_optimized_auto_SPI.v:768$287: $auto$alumacc.cc:474:replace_alu$1374
  created 1 $alu and 0 $macc cells.
Extracting $alu and $macc cells in module Display_optimized_auto_SPI:
  created 0 $alu and 0 $macc cells.
Extracting $alu and $macc cells in module enable_gen_dcx:
  created 0 $alu and 0 $macc cells.
Extracting $alu and $macc cells in module sclk_gen_dcx:
  creating $macc model for $add$/home/yosys123/Desktop/ETRI-0.5um-CMOS-MPW-Std-Cell-DK/Tutorials/ASIC_chip/source/Display_optimized_auto_SPI.v:426$38 ($add).
  creating $macc model for $sub$/home/yosys123/Desktop/ETRI-0.5um-CMOS-MPW-Std-Cell-DK/Tutorials/ASIC_chip/source/Display_optimized_auto_SPI.v:420$35 ($sub).
  creating $alu model for $macc $sub$/home/yosys123/Desktop/ETRI-0.5um-CMOS-MPW-Std-Cell-DK/Tutorials/ASIC_chip/source/Display_optimized_auto_SPI.v:420$35.
  creating $alu model for $macc $add$/home/yosys123/Desktop/ETRI-0.5um-CMOS-MPW-Std-Cell-DK/Tutorials/ASIC_chip/source/Display_optimized_auto_SPI.v:426$38.
  creating $alu cell for $add$/home/yosys123/Desktop/ETRI-0.5um-CMOS-MPW-Std-Cell-DK/Tutorials/ASIC_chip/source/Display_optimized_auto_SPI.v:426$38: $auto$alumacc.cc:474:replace_alu$1377
  creating $alu cell for $sub$/home/yosys123/Desktop/ETRI-0.5um-CMOS-MPW-Std-Cell-DK/Tutorials/ASIC_chip/source/Display_optimized_auto_SPI.v:420$35: $auto$alumacc.cc:474:replace_alu$1380
  created 2 $alu and 0 $macc cells.

3.12. Executing SHARE pass (SAT-based resource sharing).

3.13. Executing OPT pass (performing simple optimizations).

3.13.1. Executing OPT_EXPR pass (perform const folding).
Optimizing module $paramod$a0aa458b497a109685e0101f27705dd7387ad238\auto_data_inst.
Optimizing module $paramod\SPI_HEAD_MOSI_REF\RESET_WAIT_HW_AND_SLEEP_OUT_WAIT_ns=120000000.
Optimizing module $paramod\SPI_mosi_FSM\length=8\instruction_rate=8.
Optimizing module Display_optimized_auto_SPI.
Optimizing module enable_gen_dcx.
Optimizing module sclk_gen_dcx.

3.13.2. Executing OPT_MERGE pass (detect identical cells).
Finding identical cells in module `$paramod$a0aa458b497a109685e0101f27705dd7387ad238\auto_data_inst'.
Finding identical cells in module `$paramod\SPI_HEAD_MOSI_REF\RESET_WAIT_HW_AND_SLEEP_OUT_WAIT_ns=120000000'.
Finding identical cells in module `$paramod\SPI_mosi_FSM\length=8\instruction_rate=8'.
Finding identical cells in module `\Display_optimized_auto_SPI'.
Finding identical cells in module `\enable_gen_dcx'.
Finding identical cells in module `\sclk_gen_dcx'.
Removed a total of 0 cells.

3.13.3. Executing OPT_MUXTREE pass (detect dead branches in mux trees).
Running muxtree optimizer on module $paramod$a0aa458b497a109685e0101f27705dd7387ad238\auto_data_inst..
  Creating internal representation of mux trees.
  Evaluating internal representation of mux trees.
  Analyzing evaluation results.
Running muxtree optimizer on module $paramod\SPI_HEAD_MOSI_REF\RESET_WAIT_HW_AND_SLEEP_OUT_WAIT_ns=120000000..
  Creating internal representation of mux trees.
  Evaluating internal representation of mux trees.
  Analyzing evaluation results.
Running muxtree optimizer on module $paramod\SPI_mosi_FSM\length=8\instruction_rate=8..
  Creating internal representation of mux trees.
  Evaluating internal representation of mux trees.
  Analyzing evaluation results.
Running muxtree optimizer on module \Display_optimized_auto_SPI..
  Creating internal representation of mux trees.
  No muxes found in this module.
Running muxtree optimizer on module \enable_gen_dcx..
  Creating internal representation of mux trees.
  Evaluating internal representation of mux trees.
  Analyzing evaluation results.
Running muxtree optimizer on module \sclk_gen_dcx..
  Creating internal representation of mux trees.
  Evaluating internal representation of mux trees.
  Analyzing evaluation results.
Removed 0 multiplexer ports.
<suppressed ~49 debug messages>

3.13.4. Executing OPT_REDUCE pass (consolidate $*mux and $reduce_* inputs).
  Optimizing cells in module $paramod$a0aa458b497a109685e0101f27705dd7387ad238\auto_data_inst.
    New input vector for $reduce_or cell $auto$alumacc.cc:509:replace_alu$1351: { $auto$rtlil.cc:1832:Not$1350 $auto$rtlil.cc:1835:ReduceAnd$1344 }
    New input vector for $reduce_and cell $auto$alumacc.cc:64:get_eq$1323: { $auto$alumacc.cc:490:replace_alu$1319 [0] $auto$alumacc.cc:490:replace_alu$1319 [1] $auto$alumacc.cc:490:replace_alu$1319 [2] $auto$alumacc.cc:490:replace_alu$1319 [3] $auto$alumacc.cc:490:replace_alu$1319 [4] $auto$alumacc.cc:490:replace_alu$1319 [5] $auto$alumacc.cc:490:replace_alu$1319 [6] $auto$alumacc.cc:490:replace_alu$1319 [7] }
    New input vector for $reduce_and cell $auto$alumacc.cc:64:get_eq$1330: { $auto$alumacc.cc:490:replace_alu$1328 [0] $auto$alumacc.cc:490:replace_alu$1328 [1] $auto$alumacc.cc:490:replace_alu$1328 [2] $auto$alumacc.cc:490:replace_alu$1328 [3] $auto$alumacc.cc:490:replace_alu$1328 [4] $auto$alumacc.cc:490:replace_alu$1328 [5] $auto$alumacc.cc:490:replace_alu$1328 [6] $auto$alumacc.cc:490:replace_alu$1328 [7] }
    New input vector for $reduce_and cell $auto$alumacc.cc:64:get_eq$1343: { $auto$alumacc.cc:490:replace_alu$1341 [0] $auto$alumacc.cc:490:replace_alu$1341 [1] $auto$alumacc.cc:490:replace_alu$1341 [2] }
  Optimizing cells in module $paramod$a0aa458b497a109685e0101f27705dd7387ad238\auto_data_inst.
  Optimizing cells in module $paramod\SPI_HEAD_MOSI_REF\RESET_WAIT_HW_AND_SLEEP_OUT_WAIT_ns=120000000.
  Optimizing cells in module $paramod\SPI_mosi_FSM\length=8\instruction_rate=8.
  Optimizing cells in module \Display_optimized_auto_SPI.
  Optimizing cells in module \enable_gen_dcx.
  Optimizing cells in module \sclk_gen_dcx.
Performed a total of 4 changes.

3.13.5. Executing OPT_MERGE pass (detect identical cells).
Finding identical cells in module `$paramod$a0aa458b497a109685e0101f27705dd7387ad238\auto_data_inst'.
Finding identical cells in module `$paramod\SPI_HEAD_MOSI_REF\RESET_WAIT_HW_AND_SLEEP_OUT_WAIT_ns=120000000'.
Finding identical cells in module `$paramod\SPI_mosi_FSM\length=8\instruction_rate=8'.
Finding identical cells in module `\Display_optimized_auto_SPI'.
Finding identical cells in module `\enable_gen_dcx'.
<suppressed ~18 debug messages>
Finding identical cells in module `\sclk_gen_dcx'.
Removed a total of 6 cells.

3.13.6. Executing OPT_RMDFF pass (remove dff with constant values).

3.13.7. Executing OPT_CLEAN pass (remove unused cells and wires).
Finding unused cells or wires in module $paramod$a0aa458b497a109685e0101f27705dd7387ad238\auto_data_inst..
Finding unused cells or wires in module $paramod\SPI_HEAD_MOSI_REF\RESET_WAIT_HW_AND_SLEEP_OUT_WAIT_ns=120000000..
Finding unused cells or wires in module $paramod\SPI_mosi_FSM\length=8\instruction_rate=8..
Finding unused cells or wires in module \Display_optimized_auto_SPI..
Finding unused cells or wires in module \enable_gen_dcx..
Finding unused cells or wires in module \sclk_gen_dcx..
Removed 0 unused cells and 8 unused wires.
<suppressed ~2 debug messages>

3.13.8. Executing OPT_EXPR pass (perform const folding).
Optimizing module $paramod$a0aa458b497a109685e0101f27705dd7387ad238\auto_data_inst.
Optimizing module $paramod\SPI_HEAD_MOSI_REF\RESET_WAIT_HW_AND_SLEEP_OUT_WAIT_ns=120000000.
Optimizing module $paramod\SPI_mosi_FSM\length=8\instruction_rate=8.
Optimizing module Display_optimized_auto_SPI.
Optimizing module enable_gen_dcx.
Optimizing module sclk_gen_dcx.

3.13.9. Rerunning OPT passes. (Maybe there is more to do..)

3.13.10. Executing OPT_MUXTREE pass (detect dead branches in mux trees).
Running muxtree optimizer on module $paramod$a0aa458b497a109685e0101f27705dd7387ad238\auto_data_inst..
  Creating internal representation of mux trees.
  Evaluating internal representation of mux trees.
  Analyzing evaluation results.
Running muxtree optimizer on module $paramod\SPI_HEAD_MOSI_REF\RESET_WAIT_HW_AND_SLEEP_OUT_WAIT_ns=120000000..
  Creating internal representation of mux trees.
  Evaluating internal representation of mux trees.
  Analyzing evaluation results.
Running muxtree optimizer on module $paramod\SPI_mosi_FSM\length=8\instruction_rate=8..
  Creating internal representation of mux trees.
  Evaluating internal representation of mux trees.
  Analyzing evaluation results.
Running muxtree optimizer on module \Display_optimized_auto_SPI..
  Creating internal representation of mux trees.
  No muxes found in this module.
Running muxtree optimizer on module \enable_gen_dcx..
  Creating internal representation of mux trees.
  Evaluating internal representation of mux trees.
  Analyzing evaluation results.
Running muxtree optimizer on module \sclk_gen_dcx..
  Creating internal representation of mux trees.
  Evaluating internal representation of mux trees.
  Analyzing evaluation results.
Removed 0 multiplexer ports.
<suppressed ~50 debug messages>

3.13.11. Executing OPT_REDUCE pass (consolidate $*mux and $reduce_* inputs).
  Optimizing cells in module $paramod$a0aa458b497a109685e0101f27705dd7387ad238\auto_data_inst.
  Optimizing cells in module $paramod\SPI_HEAD_MOSI_REF\RESET_WAIT_HW_AND_SLEEP_OUT_WAIT_ns=120000000.
  Optimizing cells in module $paramod\SPI_mosi_FSM\length=8\instruction_rate=8.
  Optimizing cells in module \Display_optimized_auto_SPI.
  Optimizing cells in module \enable_gen_dcx.
  Optimizing cells in module \sclk_gen_dcx.
Performed a total of 0 changes.

3.13.12. Executing OPT_MERGE pass (detect identical cells).
Finding identical cells in module `$paramod$a0aa458b497a109685e0101f27705dd7387ad238\auto_data_inst'.
Finding identical cells in module `$paramod\SPI_HEAD_MOSI_REF\RESET_WAIT_HW_AND_SLEEP_OUT_WAIT_ns=120000000'.
Finding identical cells in module `$paramod\SPI_mosi_FSM\length=8\instruction_rate=8'.
Finding identical cells in module `\Display_optimized_auto_SPI'.
Finding identical cells in module `\enable_gen_dcx'.
Finding identical cells in module `\sclk_gen_dcx'.
Removed a total of 0 cells.

3.13.13. Executing OPT_RMDFF pass (remove dff with constant values).

3.13.14. Executing OPT_CLEAN pass (remove unused cells and wires).
Finding unused cells or wires in module $paramod$a0aa458b497a109685e0101f27705dd7387ad238\auto_data_inst..
Finding unused cells or wires in module $paramod\SPI_HEAD_MOSI_REF\RESET_WAIT_HW_AND_SLEEP_OUT_WAIT_ns=120000000..
Finding unused cells or wires in module $paramod\SPI_mosi_FSM\length=8\instruction_rate=8..
Finding unused cells or wires in module \Display_optimized_auto_SPI..
Finding unused cells or wires in module \enable_gen_dcx..
Finding unused cells or wires in module \sclk_gen_dcx..

3.13.15. Executing OPT_EXPR pass (perform const folding).
Optimizing module $paramod$a0aa458b497a109685e0101f27705dd7387ad238\auto_data_inst.
Optimizing module $paramod\SPI_HEAD_MOSI_REF\RESET_WAIT_HW_AND_SLEEP_OUT_WAIT_ns=120000000.
Optimizing module $paramod\SPI_mosi_FSM\length=8\instruction_rate=8.
Optimizing module Display_optimized_auto_SPI.
Optimizing module enable_gen_dcx.
Optimizing module sclk_gen_dcx.

3.13.16. Finished OPT passes. (There is nothing left to do.)

3.14. Executing FSM pass (extract and optimize FSM).

3.14.1. Executing FSM_DETECT pass (finding FSMs in design).
Not marking $paramod$a0aa458b497a109685e0101f27705dd7387ad238\auto_data_inst.AUTO_state as FSM state register:
    Register has an initialization value.
Not marking $paramod\SPI_HEAD_MOSI_REF\RESET_WAIT_HW_AND_SLEEP_OUT_WAIT_ns=120000000.INST_state as FSM state register:
    Register has an initialization value.
Found FSM state register $paramod\SPI_mosi_FSM\length=8\instruction_rate=8.state_mosi.

3.14.2. Executing FSM_EXTRACT pass (extracting FSM from design).
Extracting FSM `\state_mosi' from module `$paramod\SPI_mosi_FSM\length=8\instruction_rate=8'.
  found $dff cell for state register: $procdff$1257
  root of input selection tree: $0\state_mosi[1:0]
  found reset state: 2'00 (guessed from mux tree)
  found ctrl input: \reset
  found ctrl input: \cs
  found ctrl input: $eq$/home/yosys123/Desktop/ETRI-0.5um-CMOS-MPW-Std-Cell-DK/Tutorials/ASIC_chip/source/Display_optimized_auto_SPI.v:722$281_Y
  found ctrl input: $auto$opt_reduce.cc:132:opt_mux$1294
  found ctrl input: $procmux$303_CMP
  found ctrl input: \enable_mosi
  found ctrl input: $eq$/home/yosys123/Desktop/ETRI-0.5um-CMOS-MPW-Std-Cell-DK/Tutorials/ASIC_chip/source/Display_optimized_auto_SPI.v:769$288_Y
  found state code: 2'00
  found state code: 2'11
  found ctrl input: \tx_load
  found ctrl input: $logic_and$/home/yosys123/Desktop/ETRI-0.5um-CMOS-MPW-Std-Cell-DK/Tutorials/ASIC_chip/source/Display_optimized_auto_SPI.v:747$286_Y
  found state code: 2'10
  found state code: 2'01
  found ctrl output: $procmux$296_CMP
  found ctrl output: $procmux$303_CMP
  found ctrl output: $procmux$295_CMP
  found ctrl output: $eq$/home/yosys123/Desktop/ETRI-0.5um-CMOS-MPW-Std-Cell-DK/Tutorials/ASIC_chip/source/Display_optimized_auto_SPI.v:722$281_Y
  ctrl inputs: { $auto$opt_reduce.cc:132:opt_mux$1294 $eq$/home/yosys123/Desktop/ETRI-0.5um-CMOS-MPW-Std-Cell-DK/Tutorials/ASIC_chip/source/Display_optimized_auto_SPI.v:769$288_Y $logic_and$/home/yosys123/Desktop/ETRI-0.5um-CMOS-MPW-Std-Cell-DK/Tutorials/ASIC_chip/source/Display_optimized_auto_SPI.v:747$286_Y \tx_load \enable_mosi \cs \reset }
  ctrl outputs: { $eq$/home/yosys123/Desktop/ETRI-0.5um-CMOS-MPW-Std-Cell-DK/Tutorials/ASIC_chip/source/Display_optimized_auto_SPI.v:722$281_Y $0\state_mosi[1:0] $procmux$303_CMP $procmux$295_CMP $procmux$296_CMP }
  transition:       2'00 7'--00-00 ->       2'00 6'000100
  transition:       2'00 7'--10-00 ->       2'10 6'010100
  transition:       2'00 7'---1-00 ->       2'01 6'001100
  transition:       2'00 7'-----10 ->       2'00 6'000100
  transition:       2'00 7'------1 ->       2'00 6'000100
  transition:       2'10 7'-----00 ->       2'11 6'011010
  transition:       2'10 7'-----10 ->       2'00 6'000010
  transition:       2'10 7'------1 ->       2'00 6'000010
  transition:       2'01 7'-----00 ->       2'11 6'011001
  transition:       2'01 7'-----10 ->       2'00 6'000001
  transition:       2'01 7'------1 ->       2'00 6'000001
  transition:       2'11 7'----000 ->       2'11 6'111000
  transition:       2'11 7'-0--100 ->       2'11 6'111000
  transition:       2'11 7'-1--100 ->       2'00 6'100000
  transition:       2'11 7'-----10 ->       2'00 6'100000
  transition:       2'11 7'------1 ->       2'00 6'100000

3.14.3. Executing FSM_OPT pass (simple optimizations of FSMs).
Optimizing FSM `$fsm$\state_mosi$1383' from module `$paramod\SPI_mosi_FSM\length=8\instruction_rate=8'.
  Removing unused input signal $auto$opt_reduce.cc:132:opt_mux$1294.

3.14.4. Executing OPT_CLEAN pass (remove unused cells and wires).
Finding unused cells or wires in module $paramod$a0aa458b497a109685e0101f27705dd7387ad238\auto_data_inst..
Finding unused cells or wires in module $paramod\SPI_HEAD_MOSI_REF\RESET_WAIT_HW_AND_SLEEP_OUT_WAIT_ns=120000000..
Finding unused cells or wires in module $paramod\SPI_mosi_FSM\length=8\instruction_rate=8..
Finding unused cells or wires in module \Display_optimized_auto_SPI..
Finding unused cells or wires in module \enable_gen_dcx..
Finding unused cells or wires in module \sclk_gen_dcx..
Removed 12 unused cells and 12 unused wires.
<suppressed ~13 debug messages>

3.14.5. Executing FSM_OPT pass (simple optimizations of FSMs).
Optimizing FSM `$fsm$\state_mosi$1383' from module `$paramod\SPI_mosi_FSM\length=8\instruction_rate=8'.
  Removing unused output signal $0\state_mosi[1:0] [0].
  Removing unused output signal $0\state_mosi[1:0] [1].

3.14.6. Executing FSM_RECODE pass (re-assigning FSM state encoding).
Recoding FSM `$fsm$\state_mosi$1383' from module `$paramod\SPI_mosi_FSM\length=8\instruction_rate=8' using `auto' encoding:
  mapping auto encoding to `one-hot` for this FSM.
  00 -> ---1
  10 -> --1-
  01 -> -1--
  11 -> 1---

3.14.7. Executing FSM_INFO pass (dumping all available information on FSM cells).

FSM `$fsm$\state_mosi$1383' from module `$paramod\SPI_mosi_FSM\length=8\instruction_rate=8':
-------------------------------------

  Information on FSM $fsm$\state_mosi$1383 (\state_mosi):

  Number of input signals:    6
  Number of output signals:   4
  Number of state bits:       4

  Input signals:
    0: \reset
    1: \cs
    2: \enable_mosi
    3: \tx_load
    4: $logic_and$/home/yosys123/Desktop/ETRI-0.5um-CMOS-MPW-Std-Cell-DK/Tutorials/ASIC_chip/source/Display_optimized_auto_SPI.v:747$286_Y
    5: $eq$/home/yosys123/Desktop/ETRI-0.5um-CMOS-MPW-Std-Cell-DK/Tutorials/ASIC_chip/source/Display_optimized_auto_SPI.v:769$288_Y

  Output signals:
    0: $procmux$296_CMP
    1: $procmux$295_CMP
    2: $procmux$303_CMP
    3: $eq$/home/yosys123/Desktop/ETRI-0.5um-CMOS-MPW-Std-Cell-DK/Tutorials/ASIC_chip/source/Display_optimized_auto_SPI.v:722$281_Y

  State encoding:
    0:     4'---1  <RESET STATE>
    1:     4'--1-
    2:     4'-1--
    3:     4'1---

  Transition Table (state_in, ctrl_in, state_out, ctrl_out):
      0:     0 6'-00-00   ->     0 4'0100
      1:     0 6'----10   ->     0 4'0100
      2:     0 6'-----1   ->     0 4'0100
      3:     0 6'-10-00   ->     1 4'0100
      4:     0 6'--1-00   ->     2 4'0100
      5:     1 6'----10   ->     0 4'0010
      6:     1 6'-----1   ->     0 4'0010
      7:     1 6'----00   ->     3 4'0010
      8:     2 6'----10   ->     0 4'0001
      9:     2 6'-----1   ->     0 4'0001
     10:     2 6'----00   ->     3 4'0001
     11:     3 6'1--100   ->     0 4'1000
     12:     3 6'----10   ->     0 4'1000
     13:     3 6'-----1   ->     0 4'1000
     14:     3 6'---000   ->     3 4'1000
     15:     3 6'0--100   ->     3 4'1000

-------------------------------------

3.14.8. Executing FSM_MAP pass (mapping FSMs to basic logic).
Mapping FSM `$fsm$\state_mosi$1383' from module `$paramod\SPI_mosi_FSM\length=8\instruction_rate=8'.

3.15. Executing OPT pass (performing simple optimizations).

3.15.1. Executing OPT_EXPR pass (perform const folding).
Optimizing module $paramod$a0aa458b497a109685e0101f27705dd7387ad238\auto_data_inst.
Optimizing module $paramod\SPI_HEAD_MOSI_REF\RESET_WAIT_HW_AND_SLEEP_OUT_WAIT_ns=120000000.
Optimizing module $paramod\SPI_mosi_FSM\length=8\instruction_rate=8.
<suppressed ~4 debug messages>
Optimizing module Display_optimized_auto_SPI.
Optimizing module enable_gen_dcx.
Optimizing module sclk_gen_dcx.

3.15.2. Executing OPT_MERGE pass (detect identical cells).
Finding identical cells in module `$paramod$a0aa458b497a109685e0101f27705dd7387ad238\auto_data_inst'.
Finding identical cells in module `$paramod\SPI_HEAD_MOSI_REF\RESET_WAIT_HW_AND_SLEEP_OUT_WAIT_ns=120000000'.
Finding identical cells in module `$paramod\SPI_mosi_FSM\length=8\instruction_rate=8'.
Finding identical cells in module `\Display_optimized_auto_SPI'.
Finding identical cells in module `\enable_gen_dcx'.
Finding identical cells in module `\sclk_gen_dcx'.
Removed a total of 0 cells.

3.15.3. Executing OPT_RMDFF pass (remove dff with constant values).

3.15.4. Executing OPT_CLEAN pass (remove unused cells and wires).
Finding unused cells or wires in module $paramod$a0aa458b497a109685e0101f27705dd7387ad238\auto_data_inst..
Finding unused cells or wires in module $paramod\SPI_HEAD_MOSI_REF\RESET_WAIT_HW_AND_SLEEP_OUT_WAIT_ns=120000000..
Finding unused cells or wires in module $paramod\SPI_mosi_FSM\length=8\instruction_rate=8..
Finding unused cells or wires in module \Display_optimized_auto_SPI..
Finding unused cells or wires in module \enable_gen_dcx..
Finding unused cells or wires in module \sclk_gen_dcx..
Removed 0 unused cells and 8 unused wires.
<suppressed ~1 debug messages>

3.15.5. Finished fast OPT passes.

3.16. Executing MEMORY pass.

3.16.1. Executing MEMORY_DFF pass (merging $dff cells to $memrd and $memwr).

3.16.2. Executing OPT_CLEAN pass (remove unused cells and wires).
Finding unused cells or wires in module $paramod$a0aa458b497a109685e0101f27705dd7387ad238\auto_data_inst..
Finding unused cells or wires in module $paramod\SPI_HEAD_MOSI_REF\RESET_WAIT_HW_AND_SLEEP_OUT_WAIT_ns=120000000..
Finding unused cells or wires in module $paramod\SPI_mosi_FSM\length=8\instruction_rate=8..
Finding unused cells or wires in module \Display_optimized_auto_SPI..
Finding unused cells or wires in module \enable_gen_dcx..
Finding unused cells or wires in module \sclk_gen_dcx..

3.16.3. Executing MEMORY_SHARE pass (consolidating $memrd/$memwr cells).

3.16.4. Executing OPT_CLEAN pass (remove unused cells and wires).
Finding unused cells or wires in module $paramod$a0aa458b497a109685e0101f27705dd7387ad238\auto_data_inst..
Finding unused cells or wires in module $paramod\SPI_HEAD_MOSI_REF\RESET_WAIT_HW_AND_SLEEP_OUT_WAIT_ns=120000000..
Finding unused cells or wires in module $paramod\SPI_mosi_FSM\length=8\instruction_rate=8..
Finding unused cells or wires in module \Display_optimized_auto_SPI..
Finding unused cells or wires in module \enable_gen_dcx..
Finding unused cells or wires in module \sclk_gen_dcx..

3.16.5. Executing MEMORY_COLLECT pass (generating $mem cells).

3.17. Executing OPT_CLEAN pass (remove unused cells and wires).
Finding unused cells or wires in module $paramod$a0aa458b497a109685e0101f27705dd7387ad238\auto_data_inst..
Finding unused cells or wires in module $paramod\SPI_HEAD_MOSI_REF\RESET_WAIT_HW_AND_SLEEP_OUT_WAIT_ns=120000000..
Finding unused cells or wires in module $paramod\SPI_mosi_FSM\length=8\instruction_rate=8..
Finding unused cells or wires in module \Display_optimized_auto_SPI..
Finding unused cells or wires in module \enable_gen_dcx..
Finding unused cells or wires in module \sclk_gen_dcx..

3.18. Executing OPT pass (performing simple optimizations).

3.18.1. Executing OPT_EXPR pass (perform const folding).
Optimizing module $paramod$a0aa458b497a109685e0101f27705dd7387ad238\auto_data_inst.
<suppressed ~5 debug messages>
Optimizing module $paramod\SPI_HEAD_MOSI_REF\RESET_WAIT_HW_AND_SLEEP_OUT_WAIT_ns=120000000.
<suppressed ~16 debug messages>
Optimizing module $paramod\SPI_mosi_FSM\length=8\instruction_rate=8.
<suppressed ~3 debug messages>
Optimizing module Display_optimized_auto_SPI.
Optimizing module enable_gen_dcx.
<suppressed ~5 debug messages>
Optimizing module sclk_gen_dcx.

3.18.2. Executing OPT_MERGE pass (detect identical cells).
Finding identical cells in module `$paramod$a0aa458b497a109685e0101f27705dd7387ad238\auto_data_inst'.
Finding identical cells in module `$paramod\SPI_HEAD_MOSI_REF\RESET_WAIT_HW_AND_SLEEP_OUT_WAIT_ns=120000000'.
Finding identical cells in module `$paramod\SPI_mosi_FSM\length=8\instruction_rate=8'.
<suppressed ~3 debug messages>
Finding identical cells in module `\Display_optimized_auto_SPI'.
Finding identical cells in module `\enable_gen_dcx'.
Finding identical cells in module `\sclk_gen_dcx'.
Removed a total of 1 cells.

3.18.3. Executing OPT_RMDFF pass (remove dff with constant values).

3.18.4. Executing OPT_CLEAN pass (remove unused cells and wires).
Finding unused cells or wires in module $paramod$a0aa458b497a109685e0101f27705dd7387ad238\auto_data_inst..
Finding unused cells or wires in module $paramod\SPI_HEAD_MOSI_REF\RESET_WAIT_HW_AND_SLEEP_OUT_WAIT_ns=120000000..
Finding unused cells or wires in module $paramod\SPI_mosi_FSM\length=8\instruction_rate=8..
Finding unused cells or wires in module \Display_optimized_auto_SPI..
Finding unused cells or wires in module \enable_gen_dcx..
Finding unused cells or wires in module \sclk_gen_dcx..
Removed 7 unused cells and 17 unused wires.
<suppressed ~11 debug messages>

3.18.5. Finished fast OPT passes.

3.19. Executing MEMORY_MAP pass (converting $mem cells to logic and flip-flops).

3.20. Executing OPT pass (performing simple optimizations).

3.20.1. Executing OPT_EXPR pass (perform const folding).
Optimizing module $paramod$a0aa458b497a109685e0101f27705dd7387ad238\auto_data_inst.
Optimizing module $paramod\SPI_HEAD_MOSI_REF\RESET_WAIT_HW_AND_SLEEP_OUT_WAIT_ns=120000000.
Optimizing module $paramod\SPI_mosi_FSM\length=8\instruction_rate=8.
Optimizing module Display_optimized_auto_SPI.
Optimizing module enable_gen_dcx.
Optimizing module sclk_gen_dcx.

3.20.2. Executing OPT_MERGE pass (detect identical cells).
Finding identical cells in module `$paramod$a0aa458b497a109685e0101f27705dd7387ad238\auto_data_inst'.
Finding identical cells in module `$paramod\SPI_HEAD_MOSI_REF\RESET_WAIT_HW_AND_SLEEP_OUT_WAIT_ns=120000000'.
Finding identical cells in module `$paramod\SPI_mosi_FSM\length=8\instruction_rate=8'.
Finding identical cells in module `\Display_optimized_auto_SPI'.
Finding identical cells in module `\enable_gen_dcx'.
Finding identical cells in module `\sclk_gen_dcx'.
Removed a total of 0 cells.

3.20.3. Executing OPT_MUXTREE pass (detect dead branches in mux trees).
Running muxtree optimizer on module $paramod$a0aa458b497a109685e0101f27705dd7387ad238\auto_data_inst..
  Creating internal representation of mux trees.
  Evaluating internal representation of mux trees.
  Analyzing evaluation results.
Running muxtree optimizer on module $paramod\SPI_HEAD_MOSI_REF\RESET_WAIT_HW_AND_SLEEP_OUT_WAIT_ns=120000000..
  Creating internal representation of mux trees.
  Evaluating internal representation of mux trees.
  Analyzing evaluation results.
Running muxtree optimizer on module $paramod\SPI_mosi_FSM\length=8\instruction_rate=8..
  Creating internal representation of mux trees.
  Evaluating internal representation of mux trees.
  Analyzing evaluation results.
Running muxtree optimizer on module \Display_optimized_auto_SPI..
  Creating internal representation of mux trees.
  No muxes found in this module.
Running muxtree optimizer on module \enable_gen_dcx..
  Creating internal representation of mux trees.
  Evaluating internal representation of mux trees.
  Analyzing evaluation results.
Running muxtree optimizer on module \sclk_gen_dcx..
  Creating internal representation of mux trees.
  Evaluating internal representation of mux trees.
  Analyzing evaluation results.
Removed 0 multiplexer ports.
<suppressed ~38 debug messages>

3.20.4. Executing OPT_REDUCE pass (consolidate $*mux and $reduce_* inputs).
  Optimizing cells in module $paramod$a0aa458b497a109685e0101f27705dd7387ad238\auto_data_inst.
    New input vector for $reduce_or cell $auto$opt_reduce.cc:126:opt_mux$1299: { \line_done $procmux$391_CMP }
    Consolidated identical input bits for $mux cell $procmux$461:
      Old ports: A=8'00000000, B=8'11111111, Y=$5\data_out[7:0]
      New ports: A=1'0, B=1'1, Y=$5\data_out[7:0] [0]
      New connections: $5\data_out[7:0] [7:1] = { $5\data_out[7:0] [0] $5\data_out[7:0] [0] $5\data_out[7:0] [0] $5\data_out[7:0] [0] $5\data_out[7:0] [0] $5\data_out[7:0] [0] $5\data_out[7:0] [0] }
    Consolidated identical input bits for $mux cell $procmux$506:
      Old ports: A=6'000000, B=6'101011, Y=$3\inst_out[7:0]
      New ports: A=1'0, B=1'1, Y=$3\inst_out[7:0] [0]
      New connections: $3\inst_out[7:0] [5:1] = { $3\inst_out[7:0] [0] 1'0 $3\inst_out[7:0] [0] 1'0 $3\inst_out[7:0] [0] }
    Consolidated identical input bits for $mux cell $procmux$517:
      Old ports: A=8'00000000, B=8'11101111, Y=$3\data_out[7:0]
      New ports: A=1'0, B=1'1, Y=$3\data_out[7:0] [0]
      New connections: $3\data_out[7:0] [7:1] = { $3\data_out[7:0] [0] $3\data_out[7:0] [0] $3\data_out[7:0] [0] 1'0 $3\data_out[7:0] [0] $3\data_out[7:0] [0] $3\data_out[7:0] [0] }
    Consolidated identical input bits for $mux cell $procmux$546:
      Old ports: A=6'000000, B=6'101010, Y=$2\inst_out[7:0]
      New ports: A=1'0, B=1'1, Y=$2\inst_out[7:0] [1]
      New connections: { $2\inst_out[7:0] [5:2] $2\inst_out[7:0] [0] } = { $2\inst_out[7:0] [1] 1'0 $2\inst_out[7:0] [1] 2'00 }
    Consolidated identical input bits for $mux cell $procmux$620:
      Old ports: A=4'0111, B=4'1010, Y=$7\next_state[3:0]
      New ports: A=2'01, B=2'10, Y={ $7\next_state[3:0] [3] $7\next_state[3:0] [0] }
      New connections: $7\next_state[3:0] [2:1] = { $7\next_state[3:0] [0] 1'1 }
    Consolidated identical input bits for $mux cell $procmux$647:
      Old ports: A=4'0100, B=4'1001, Y=$5\next_state[3:0]
      New ports: A=2'10, B=2'01, Y={ $5\next_state[3:0] [2] $5\next_state[3:0] [0] }
      New connections: { $5\next_state[3:0] [3] $5\next_state[3:0] [1] } = { $5\next_state[3:0] [0] 1'0 }
    Consolidated identical input bits for $mux cell $procmux$665:
      Old ports: A=4'0010, B=4'1000, Y=$4\next_state[3:0]
      New ports: A=2'01, B=2'10, Y={ $4\next_state[3:0] [3] $4\next_state[3:0] [1] }
      New connections: { $4\next_state[3:0] [2] $4\next_state[3:0] [0] } = 2'00
  Optimizing cells in module $paramod$a0aa458b497a109685e0101f27705dd7387ad238\auto_data_inst.
    Consolidated identical input bits for $mux cell $procmux$479:
      Old ports: A=8'00000000, B=$5\data_out[7:0], Y=$4\data_out[7:0]
      New ports: A=1'0, B=$5\data_out[7:0] [0], Y=$4\data_out[7:0] [0]
      New connections: $4\data_out[7:0] [7:1] = { $4\data_out[7:0] [0] $4\data_out[7:0] [0] $4\data_out[7:0] [0] $4\data_out[7:0] [0] $4\data_out[7:0] [0] $4\data_out[7:0] [0] $4\data_out[7:0] [0] }
    Consolidated identical input bits for $pmux cell $procmux$593:
      Old ports: A=6'000000, B={ 6'101010 $2\inst_out[7:0] 6'101011 $3\inst_out[7:0] 6'101100 }, Y=\inst_out [5:0]
      New ports: A=4'0000, B={ 4'1010 $2\inst_out[7:0] [1] 1'0 $2\inst_out[7:0] [1] 5'01011 $3\inst_out[7:0] [0] 1'0 $3\inst_out[7:0] [0] $3\inst_out[7:0] [0] 4'1100 }, Y=\inst_out [3:0]
      New connections: \inst_out [5:4] = { \inst_out [3] 1'0 }
  Optimizing cells in module $paramod$a0aa458b497a109685e0101f27705dd7387ad238\auto_data_inst.
  Optimizing cells in module $paramod\SPI_HEAD_MOSI_REF\RESET_WAIT_HW_AND_SLEEP_OUT_WAIT_ns=120000000.
    New input vector for $reduce_or cell $auto$opt_reduce.cc:126:opt_mux$1303: { \tx_load_init \mosi_en_init $procmux$1007_CMP }
    New input vector for $reduce_or cell $auto$opt_reduce.cc:126:opt_mux$1291: { \tx_load_init \mosi_en_init }
    Consolidated identical input bits for $mux cell $procmux$1022:
      Old ports: A=3'011, B=3'110, Y=$7\next_state_init[2:0]
      New ports: A=2'01, B=2'10, Y={ $7\next_state_init[2:0] [2] $7\next_state_init[2:0] [0] }
      New connections: $7\next_state_init[2:0] [1] = 1'1
    Consolidated identical input bits for $pmux cell $procmux$764:
      Old ports: A=10'1000000001, B=60'100001000100001101100100101000000011101001010101010000101001, Y=$2$mem2reg_rd$\init_seq$/home/yosys123/Desktop/ETRI-0.5um-CMOS-MPW-Std-Cell-DK/Tutorials/ASIC_chip/source/Display_optimized_auto_SPI.v:656$160_DATA[9:0]$244
      New ports: A=9'100000001, B=54'100010001000110110010101000000111010011010101000101001, Y={ $2$mem2reg_rd$\init_seq$/home/yosys123/Desktop/ETRI-0.5um-CMOS-MPW-Std-Cell-DK/Tutorials/ASIC_chip/source/Display_optimized_auto_SPI.v:656$160_DATA[9:0]$244 [9:8] $2$mem2reg_rd$\init_seq$/home/yosys123/Desktop/ETRI-0.5um-CMOS-MPW-Std-Cell-DK/Tutorials/ASIC_chip/source/Display_optimized_auto_SPI.v:656$160_DATA[9:0]$244 [6:0] }
      New connections: $2$mem2reg_rd$\init_seq$/home/yosys123/Desktop/ETRI-0.5um-CMOS-MPW-Std-Cell-DK/Tutorials/ASIC_chip/source/Display_optimized_auto_SPI.v:656$160_DATA[9:0]$244 [7] = 1'0
  Optimizing cells in module $paramod\SPI_HEAD_MOSI_REF\RESET_WAIT_HW_AND_SLEEP_OUT_WAIT_ns=120000000.
    Consolidated identical input bits for $mux cell $procmux$960:
      Old ports: A=8'00000000, B=$2$mem2reg_rd$\init_seq$/home/yosys123/Desktop/ETRI-0.5um-CMOS-MPW-Std-Cell-DK/Tutorials/ASIC_chip/source/Display_optimized_auto_SPI.v:656$160_DATA[9:0]$244 [7:0], Y=\tx_data_init
      New ports: A=7'0000000, B=$2$mem2reg_rd$\init_seq$/home/yosys123/Desktop/ETRI-0.5um-CMOS-MPW-Std-Cell-DK/Tutorials/ASIC_chip/source/Display_optimized_auto_SPI.v:656$160_DATA[9:0]$244 [6:0], Y=\tx_data_init [6:0]
      New connections: \tx_data_init [7] = 1'0
  Optimizing cells in module $paramod\SPI_HEAD_MOSI_REF\RESET_WAIT_HW_AND_SLEEP_OUT_WAIT_ns=120000000.
  Optimizing cells in module $paramod\SPI_mosi_FSM\length=8\instruction_rate=8.
    New input vector for $reduce_or cell $auto$fsm_map.cc:144:implement_pattern_cache$1428: { $auto$fsm_map.cc:118:implement_pattern_cache$1416 $auto$fsm_map.cc:118:implement_pattern_cache$1420 $auto$fsm_map.cc:118:implement_pattern_cache$1426 }
    New input vector for $reduce_or cell $auto$fsm_map.cc:144:implement_pattern_cache$1405: { \reset $auto$fsm_map.cc:118:implement_pattern_cache$1399 $auto$fsm_map.cc:74:implement_pattern_cache$1401 $auto$fsm_map.cc:118:implement_pattern_cache$1395 }
    New input vector for $reduce_or cell $auto$fsm_map.cc:105:implement_pattern_cache$1425: { \state_mosi [1] \state_mosi [2] }
  Optimizing cells in module $paramod\SPI_mosi_FSM\length=8\instruction_rate=8.
  Optimizing cells in module \Display_optimized_auto_SPI.
  Optimizing cells in module \enable_gen_dcx.
  Optimizing cells in module \sclk_gen_dcx.
Performed a total of 18 changes.

3.20.5. Executing OPT_MERGE pass (detect identical cells).
Finding identical cells in module `$paramod$a0aa458b497a109685e0101f27705dd7387ad238\auto_data_inst'.
<suppressed ~3 debug messages>
Finding identical cells in module `$paramod\SPI_HEAD_MOSI_REF\RESET_WAIT_HW_AND_SLEEP_OUT_WAIT_ns=120000000'.
Finding identical cells in module `$paramod\SPI_mosi_FSM\length=8\instruction_rate=8'.
Finding identical cells in module `\Display_optimized_auto_SPI'.
Finding identical cells in module `\enable_gen_dcx'.
Finding identical cells in module `\sclk_gen_dcx'.
Removed a total of 1 cells.

3.20.6. Executing OPT_RMDFF pass (remove dff with constant values).

3.20.7. Executing OPT_CLEAN pass (remove unused cells and wires).
Finding unused cells or wires in module $paramod$a0aa458b497a109685e0101f27705dd7387ad238\auto_data_inst..
Finding unused cells or wires in module $paramod\SPI_HEAD_MOSI_REF\RESET_WAIT_HW_AND_SLEEP_OUT_WAIT_ns=120000000..
Finding unused cells or wires in module $paramod\SPI_mosi_FSM\length=8\instruction_rate=8..
Finding unused cells or wires in module \Display_optimized_auto_SPI..
Finding unused cells or wires in module \enable_gen_dcx..
Finding unused cells or wires in module \sclk_gen_dcx..
Removed 0 unused cells and 1 unused wires.
<suppressed ~1 debug messages>

3.20.8. Executing OPT_EXPR pass (perform const folding).
Optimizing module $paramod$a0aa458b497a109685e0101f27705dd7387ad238\auto_data_inst.
<suppressed ~4 debug messages>
Optimizing module $paramod\SPI_HEAD_MOSI_REF\RESET_WAIT_HW_AND_SLEEP_OUT_WAIT_ns=120000000.
Optimizing module $paramod\SPI_mosi_FSM\length=8\instruction_rate=8.
Optimizing module Display_optimized_auto_SPI.
Optimizing module enable_gen_dcx.
Optimizing module sclk_gen_dcx.

3.20.9. Rerunning OPT passes. (Maybe there is more to do..)

3.20.10. Executing OPT_MUXTREE pass (detect dead branches in mux trees).
Running muxtree optimizer on module $paramod$a0aa458b497a109685e0101f27705dd7387ad238\auto_data_inst..
  Creating internal representation of mux trees.
  Evaluating internal representation of mux trees.
  Analyzing evaluation results.
Running muxtree optimizer on module $paramod\SPI_HEAD_MOSI_REF\RESET_WAIT_HW_AND_SLEEP_OUT_WAIT_ns=120000000..
  Creating internal representation of mux trees.
  Evaluating internal representation of mux trees.
  Analyzing evaluation results.
Running muxtree optimizer on module $paramod\SPI_mosi_FSM\length=8\instruction_rate=8..
  Creating internal representation of mux trees.
  Evaluating internal representation of mux trees.
  Analyzing evaluation results.
Running muxtree optimizer on module \Display_optimized_auto_SPI..
  Creating internal representation of mux trees.
  No muxes found in this module.
Running muxtree optimizer on module \enable_gen_dcx..
  Creating internal representation of mux trees.
  Evaluating internal representation of mux trees.
  Analyzing evaluation results.
Running muxtree optimizer on module \sclk_gen_dcx..
  Creating internal representation of mux trees.
  Evaluating internal representation of mux trees.
  Analyzing evaluation results.
Removed 0 multiplexer ports.
<suppressed ~38 debug messages>

3.20.11. Executing OPT_REDUCE pass (consolidate $*mux and $reduce_* inputs).
  Optimizing cells in module $paramod$a0aa458b497a109685e0101f27705dd7387ad238\auto_data_inst.
  Optimizing cells in module $paramod\SPI_HEAD_MOSI_REF\RESET_WAIT_HW_AND_SLEEP_OUT_WAIT_ns=120000000.
  Optimizing cells in module $paramod\SPI_mosi_FSM\length=8\instruction_rate=8.
  Optimizing cells in module \Display_optimized_auto_SPI.
  Optimizing cells in module \enable_gen_dcx.
  Optimizing cells in module \sclk_gen_dcx.
Performed a total of 0 changes.

3.20.12. Executing OPT_MERGE pass (detect identical cells).
Finding identical cells in module `$paramod$a0aa458b497a109685e0101f27705dd7387ad238\auto_data_inst'.
Finding identical cells in module `$paramod\SPI_HEAD_MOSI_REF\RESET_WAIT_HW_AND_SLEEP_OUT_WAIT_ns=120000000'.
Finding identical cells in module `$paramod\SPI_mosi_FSM\length=8\instruction_rate=8'.
Finding identical cells in module `\Display_optimized_auto_SPI'.
Finding identical cells in module `\enable_gen_dcx'.
Finding identical cells in module `\sclk_gen_dcx'.
Removed a total of 0 cells.

3.20.13. Executing OPT_RMDFF pass (remove dff with constant values).

3.20.14. Executing OPT_CLEAN pass (remove unused cells and wires).
Finding unused cells or wires in module $paramod$a0aa458b497a109685e0101f27705dd7387ad238\auto_data_inst..
Finding unused cells or wires in module $paramod\SPI_HEAD_MOSI_REF\RESET_WAIT_HW_AND_SLEEP_OUT_WAIT_ns=120000000..
Finding unused cells or wires in module $paramod\SPI_mosi_FSM\length=8\instruction_rate=8..
Finding unused cells or wires in module \Display_optimized_auto_SPI..
Finding unused cells or wires in module \enable_gen_dcx..
Finding unused cells or wires in module \sclk_gen_dcx..
Removed 0 unused cells and 3 unused wires.
<suppressed ~1 debug messages>

3.20.15. Executing OPT_EXPR pass (perform const folding).
Optimizing module $paramod$a0aa458b497a109685e0101f27705dd7387ad238\auto_data_inst.
Optimizing module $paramod\SPI_HEAD_MOSI_REF\RESET_WAIT_HW_AND_SLEEP_OUT_WAIT_ns=120000000.
Optimizing module $paramod\SPI_mosi_FSM\length=8\instruction_rate=8.
Optimizing module Display_optimized_auto_SPI.
Optimizing module enable_gen_dcx.
Optimizing module sclk_gen_dcx.

3.20.16. Finished OPT passes. (There is nothing left to do.)

3.21. Executing TECHMAP pass (map to technology primitives).

3.21.1. Executing Verilog-2005 frontend: <techmap.v>
Parsing Verilog input from `<techmap.v>' to AST representation.
Generating RTLIL representation for module `\_90_simplemap_bool_ops'.
Generating RTLIL representation for module `\_90_simplemap_reduce_ops'.
Generating RTLIL representation for module `\_90_simplemap_logic_ops'.
Generating RTLIL representation for module `\_90_simplemap_compare_ops'.
Generating RTLIL representation for module `\_90_simplemap_various'.
Generating RTLIL representation for module `\_90_simplemap_registers'.
Generating RTLIL representation for module `\_90_shift_ops_shr_shl_sshl_sshr'.
Generating RTLIL representation for module `\_90_shift_shiftx'.
Generating RTLIL representation for module `\_90_fa'.
Generating RTLIL representation for module `\_90_lcu'.
Generating RTLIL representation for module `\_90_alu'.
Generating RTLIL representation for module `\_90_macc'.
Generating RTLIL representation for module `\_90_alumacc'.
Generating RTLIL representation for module `\$__div_mod_u'.
Generating RTLIL representation for module `\$__div_mod'.
Generating RTLIL representation for module `\_90_div'.
Generating RTLIL representation for module `\_90_mod'.
Generating RTLIL representation for module `\_90_pow'.
Generating RTLIL representation for module `\_90_pmux'.
Generating RTLIL representation for module `\_90_lut'.
Successfully finished Verilog frontend.

3.21.2. Continuing TECHMAP pass.
Using extmapper simplemap for cells of type $eq.
Using extmapper simplemap for cells of type $reduce_or.
Using extmapper simplemap for cells of type $mux.
Using extmapper simplemap for cells of type $dff.
Using extmapper simplemap for cells of type $logic_not.
Using extmapper simplemap for cells of type $logic_or.
Using extmapper simplemap for cells of type $not.
Using template $paramod\_90_alu\A_SIGNED=0\B_SIGNED=0\A_WIDTH=1\B_WIDTH=7\Y_WIDTH=7 for cells of type $alu.
Using template $paramod\_90_alu\A_SIGNED=0\B_SIGNED=0\A_WIDTH=7\B_WIDTH=1\Y_WIDTH=32 for cells of type $alu.
Using extmapper simplemap for cells of type $pos.
Using extmapper simplemap for cells of type $xor.
Using template $paramod\_90_lcu\WIDTH=7 for cells of type $lcu.
Using extmapper simplemap for cells of type $and.
Using template $paramod\_90_lcu\WIDTH=32 for cells of type $lcu.
Using extmapper simplemap for cells of type $or.
Using template $paramod\_90_pmux\WIDTH=9\S_WIDTH=6 for cells of type $pmux.
Using template $paramod\_90_pmux\WIDTH=3\S_WIDTH=3 for cells of type $pmux.
Using template $paramod\_90_alu\A_SIGNED=0\B_SIGNED=0\A_WIDTH=1\B_WIDTH=20\Y_WIDTH=20 for cells of type $alu.
Using template $paramod\_90_pmux\WIDTH=3\S_WIDTH=7 for cells of type $pmux.
Using template $paramod\_90_alu\A_SIGNED=0\B_SIGNED=0\A_WIDTH=1\B_WIDTH=4\Y_WIDTH=4 for cells of type $alu.
Using template $paramod\_90_pmux\WIDTH=1\S_WIDTH=2 for cells of type $pmux.
Using template $paramod\_90_pmux\WIDTH=20\S_WIDTH=2 for cells of type $pmux.
Using template $paramod\_90_lcu\WIDTH=20 for cells of type $lcu.
Using template $paramod\_90_lcu\WIDTH=4 for cells of type $lcu.
Using template $paramod\_90_pmux\WIDTH=8\S_WIDTH=2 for cells of type $pmux.
Using template $paramod\_90_pmux\WIDTH=3\S_WIDTH=2 for cells of type $pmux.
Using template $paramod\_90_alu\A_SIGNED=0\B_SIGNED=0\A_WIDTH=3\B_WIDTH=3\Y_WIDTH=3 for cells of type $alu.
Using template $paramod\_90_alu\A_SIGNED=0\B_SIGNED=0\A_WIDTH=1\B_WIDTH=1\Y_WIDTH=1 for cells of type $alu.
Using extmapper simplemap for cells of type $reduce_and.
Using template $paramod\_90_pmux\WIDTH=4\S_WIDTH=5 for cells of type $pmux.
Using template $paramod\_90_pmux\WIDTH=8\S_WIDTH=3 for cells of type $pmux.
Using template $paramod\_90_pmux\WIDTH=4\S_WIDTH=11 for cells of type $pmux.
Using template $paramod\_90_alu\A_SIGNED=0\B_SIGNED=0\A_WIDTH=1\B_WIDTH=3\Y_WIDTH=3 for cells of type $alu.
Using template $paramod\_90_alu\A_SIGNED=0\B_SIGNED=0\A_WIDTH=1\B_WIDTH=16\Y_WIDTH=16 for cells of type $alu.
Using template $paramod\_90_alu\A_SIGNED=0\B_SIGNED=0\A_WIDTH=8\B_WIDTH=8\Y_WIDTH=8 for cells of type $alu.
Using template $paramod\_90_alu\A_SIGNED=0\B_SIGNED=0\A_WIDTH=1\B_WIDTH=8\Y_WIDTH=8 for cells of type $alu.
Using template $paramod\_90_lcu\WIDTH=3 for cells of type $lcu.
Using template $paramod\_90_lcu\WIDTH=1 for cells of type $lcu.
Using template $paramod\_90_lcu\WIDTH=16 for cells of type $lcu.
Using template $paramod\_90_lcu\WIDTH=8 for cells of type $lcu.
Using template $paramod\_90_pmux\WIDTH=4\S_WIDTH=2 for cells of type $pmux.
Using extmapper simplemap for cells of type $logic_and.
No more expansions possible.
<suppressed ~2227 debug messages>

3.22. Executing OPT pass (performing simple optimizations).

3.22.1. Executing OPT_EXPR pass (perform const folding).
Optimizing module $paramod$a0aa458b497a109685e0101f27705dd7387ad238\auto_data_inst.
<suppressed ~416 debug messages>
Optimizing module $paramod\SPI_HEAD_MOSI_REF\RESET_WAIT_HW_AND_SLEEP_OUT_WAIT_ns=120000000.
<suppressed ~363 debug messages>
Optimizing module $paramod\SPI_mosi_FSM\length=8\instruction_rate=8.
<suppressed ~49 debug messages>
Optimizing module Display_optimized_auto_SPI.
Optimizing module enable_gen_dcx.
<suppressed ~6 debug messages>
Optimizing module sclk_gen_dcx.
<suppressed ~309 debug messages>

3.22.2. Executing OPT_MERGE pass (detect identical cells).
Finding identical cells in module `$paramod$a0aa458b497a109685e0101f27705dd7387ad238\auto_data_inst'.
<suppressed ~318 debug messages>
Finding identical cells in module `$paramod\SPI_HEAD_MOSI_REF\RESET_WAIT_HW_AND_SLEEP_OUT_WAIT_ns=120000000'.
<suppressed ~111 debug messages>
Finding identical cells in module `$paramod\SPI_mosi_FSM\length=8\instruction_rate=8'.
<suppressed ~30 debug messages>
Finding identical cells in module `\Display_optimized_auto_SPI'.
Finding identical cells in module `\enable_gen_dcx'.
Finding identical cells in module `\sclk_gen_dcx'.
<suppressed ~123 debug messages>
Removed a total of 194 cells.

3.22.3. Executing OPT_RMDFF pass (remove dff with constant values).

3.22.4. Executing OPT_CLEAN pass (remove unused cells and wires).
Finding unused cells or wires in module $paramod$a0aa458b497a109685e0101f27705dd7387ad238\auto_data_inst..
Finding unused cells or wires in module $paramod\SPI_HEAD_MOSI_REF\RESET_WAIT_HW_AND_SLEEP_OUT_WAIT_ns=120000000..
Finding unused cells or wires in module $paramod\SPI_mosi_FSM\length=8\instruction_rate=8..
Finding unused cells or wires in module \Display_optimized_auto_SPI..
Finding unused cells or wires in module \enable_gen_dcx..
Finding unused cells or wires in module \sclk_gen_dcx..
Removed 111 unused cells and 1255 unused wires.
<suppressed ~116 debug messages>

3.22.5. Finished fast OPT passes.

3.23. Executing ABC pass (technology mapping using ABC).

3.23.1. Extracting gate netlist of module `$paramod$a0aa458b497a109685e0101f27705dd7387ad238\auto_data_inst' to `<abc-temp-dir>/input.blif'..
Extracted 476 gates and 530 wires to a netlist network with 52 inputs and 55 outputs.

3.23.1.1. Executing ABC.
Running ABC command: berkeley-abc -s -f <abc-temp-dir>/abc.script 2>&1
ABC: ABC command line: "source <abc-temp-dir>/abc.script".
ABC: 
ABC: + read_blif <abc-temp-dir>/input.blif 
ABC: + read_library <abc-temp-dir>/stdcells.genlib 
ABC: Entered genlib library with 17 gates from file "<abc-temp-dir>/stdcells.genlib".
ABC: + strash 
ABC: + dretime 
ABC: + retime 
ABC: + map 
ABC: + write_blif <abc-temp-dir>/output.blif 

3.23.1.2. Re-integrating ABC results.
ABC RESULTS:               AND cells:        6
ABC RESULTS:            ANDNOT cells:       68
ABC RESULTS:              AOI3 cells:       14
ABC RESULTS:              AOI4 cells:       21
ABC RESULTS:               MUX cells:       42
ABC RESULTS:              NAND cells:       15
ABC RESULTS:               NOR cells:       23
ABC RESULTS:               NOT cells:       17
ABC RESULTS:              OAI3 cells:        8
ABC RESULTS:                OR cells:       82
ABC RESULTS:             ORNOT cells:       14
ABC RESULTS:              XNOR cells:        6
ABC RESULTS:               XOR cells:       29
ABC RESULTS:        internal signals:      423
ABC RESULTS:           input signals:       52
ABC RESULTS:          output signals:       55
Removing temp directory.

3.23.2. Extracting gate netlist of module `$paramod\SPI_HEAD_MOSI_REF\RESET_WAIT_HW_AND_SLEEP_OUT_WAIT_ns=120000000' to `<abc-temp-dir>/input.blif'..
Extracted 614 gates and 680 wires to a netlist network with 64 inputs and 62 outputs.

3.23.2.1. Executing ABC.
Running ABC command: berkeley-abc -s -f <abc-temp-dir>/abc.script 2>&1
ABC: ABC command line: "source <abc-temp-dir>/abc.script".
ABC: 
ABC: + read_blif <abc-temp-dir>/input.blif 
ABC: + read_library <abc-temp-dir>/stdcells.genlib 
ABC: Entered genlib library with 17 gates from file "<abc-temp-dir>/stdcells.genlib".
ABC: + strash 
ABC: + dretime 
ABC: + retime 
ABC: + map 
ABC: + write_blif <abc-temp-dir>/output.blif 

3.23.2.2. Re-integrating ABC results.
ABC RESULTS:               AND cells:       13
ABC RESULTS:            ANDNOT cells:       67
ABC RESULTS:              AOI3 cells:       33
ABC RESULTS:              AOI4 cells:       25
ABC RESULTS:               MUX cells:      120
ABC RESULTS:              NAND cells:       16
ABC RESULTS:               NOR cells:       25
ABC RESULTS:               NOT cells:       69
ABC RESULTS:              OAI3 cells:       12
ABC RESULTS:              OAI4 cells:       23
ABC RESULTS:                OR cells:       67
ABC RESULTS:             ORNOT cells:       22
ABC RESULTS:              XNOR cells:        2
ABC RESULTS:               XOR cells:       28
ABC RESULTS:        internal signals:      554
ABC RESULTS:           input signals:       64
ABC RESULTS:          output signals:       62
Removing temp directory.

3.23.3. Extracting gate netlist of module `$paramod\SPI_mosi_FSM\length=8\instruction_rate=8' to `<abc-temp-dir>/input.blif'..
Extracted 172 gates and 218 wires to a netlist network with 44 inputs and 22 outputs.

3.23.3.1. Executing ABC.
Running ABC command: berkeley-abc -s -f <abc-temp-dir>/abc.script 2>&1
ABC: ABC command line: "source <abc-temp-dir>/abc.script".
ABC: 
ABC: + read_blif <abc-temp-dir>/input.blif 
ABC: + read_library <abc-temp-dir>/stdcells.genlib 
ABC: Entered genlib library with 17 gates from file "<abc-temp-dir>/stdcells.genlib".
ABC: + strash 
ABC: + dretime 
ABC: + retime 
ABC: + map 
ABC: + write_blif <abc-temp-dir>/output.blif 

3.23.3.2. Re-integrating ABC results.
ABC RESULTS:               AND cells:        1
ABC RESULTS:            ANDNOT cells:       25
ABC RESULTS:              AOI3 cells:        4
ABC RESULTS:              AOI4 cells:        7
ABC RESULTS:               MUX cells:       35
ABC RESULTS:              NAND cells:       18
ABC RESULTS:               NOR cells:        3
ABC RESULTS:               NOT cells:        9
ABC RESULTS:              OAI3 cells:        5
ABC RESULTS:                OR cells:       18
ABC RESULTS:             ORNOT cells:        8
ABC RESULTS:              XNOR cells:        2
ABC RESULTS:               XOR cells:        1
ABC RESULTS:        internal signals:      152
ABC RESULTS:           input signals:       44
ABC RESULTS:          output signals:       22
Removing temp directory.

3.23.4. Extracting gate netlist of module `\Display_optimized_auto_SPI' to `<abc-temp-dir>/input.blif'..
Extracted 0 gates and 0 wires to a netlist network with 0 inputs and 0 outputs.
Don't call ABC as there is nothing to map.
Removing temp directory.

3.23.5. Extracting gate netlist of module `\enable_gen_dcx' to `<abc-temp-dir>/input.blif'..
Extracted 23 gates and 32 wires to a netlist network with 7 inputs and 3 outputs.

3.23.5.1. Executing ABC.
Running ABC command: berkeley-abc -s -f <abc-temp-dir>/abc.script 2>&1
ABC: ABC command line: "source <abc-temp-dir>/abc.script".
ABC: 
ABC: + read_blif <abc-temp-dir>/input.blif 
ABC: + read_library <abc-temp-dir>/stdcells.genlib 
ABC: Entered genlib library with 17 gates from file "<abc-temp-dir>/stdcells.genlib".
ABC: + strash 
ABC: + dretime 
ABC: + retime 
ABC: + map 
ABC: + write_blif <abc-temp-dir>/output.blif 

3.23.5.2. Re-integrating ABC results.
ABC RESULTS:            ANDNOT cells:        3
ABC RESULTS:               MUX cells:        2
ABC RESULTS:              XNOR cells:        1
ABC RESULTS:               XOR cells:        1
ABC RESULTS:        internal signals:       22
ABC RESULTS:           input signals:        7
ABC RESULTS:          output signals:        3
Removing temp directory.

3.23.6. Extracting gate netlist of module `\sclk_gen_dcx' to `<abc-temp-dir>/input.blif'..
Extracted 91 gates and 111 wires to a netlist network with 18 inputs and 8 outputs.

3.23.6.1. Executing ABC.
Running ABC command: berkeley-abc -s -f <abc-temp-dir>/abc.script 2>&1
ABC: ABC command line: "source <abc-temp-dir>/abc.script".
ABC: 
ABC: + read_blif <abc-temp-dir>/input.blif 
ABC: + read_library <abc-temp-dir>/stdcells.genlib 
ABC: Entered genlib library with 17 gates from file "<abc-temp-dir>/stdcells.genlib".
ABC: + strash 
ABC: + dretime 
ABC: + retime 
ABC: + map 
ABC: + write_blif <abc-temp-dir>/output.blif 

3.23.6.2. Re-integrating ABC results.
ABC RESULTS:               AND cells:        4
ABC RESULTS:            ANDNOT cells:       13
ABC RESULTS:              AOI3 cells:        2
ABC RESULTS:               MUX cells:        1
ABC RESULTS:              NAND cells:        2
ABC RESULTS:               NOR cells:        5
ABC RESULTS:               NOT cells:        1
ABC RESULTS:              OAI3 cells:        1
ABC RESULTS:                OR cells:       10
ABC RESULTS:             ORNOT cells:        6
ABC RESULTS:              XNOR cells:        4
ABC RESULTS:               XOR cells:       16
ABC RESULTS:        internal signals:       85
ABC RESULTS:           input signals:       18
ABC RESULTS:          output signals:        8
Removing temp directory.

3.24. Executing OPT pass (performing simple optimizations).

3.24.1. Executing OPT_EXPR pass (perform const folding).
Optimizing module $paramod$a0aa458b497a109685e0101f27705dd7387ad238\auto_data_inst.
<suppressed ~18 debug messages>
Optimizing module $paramod\SPI_HEAD_MOSI_REF\RESET_WAIT_HW_AND_SLEEP_OUT_WAIT_ns=120000000.
<suppressed ~13 debug messages>
Optimizing module $paramod\SPI_mosi_FSM\length=8\instruction_rate=8.
<suppressed ~4 debug messages>
Optimizing module Display_optimized_auto_SPI.
Optimizing module enable_gen_dcx.
Optimizing module sclk_gen_dcx.

3.24.2. Executing OPT_MERGE pass (detect identical cells).
Finding identical cells in module `$paramod$a0aa458b497a109685e0101f27705dd7387ad238\auto_data_inst'.
<suppressed ~3 debug messages>
Finding identical cells in module `$paramod\SPI_HEAD_MOSI_REF\RESET_WAIT_HW_AND_SLEEP_OUT_WAIT_ns=120000000'.
Finding identical cells in module `$paramod\SPI_mosi_FSM\length=8\instruction_rate=8'.
Finding identical cells in module `\Display_optimized_auto_SPI'.
Finding identical cells in module `\enable_gen_dcx'.
Finding identical cells in module `\sclk_gen_dcx'.
Removed a total of 1 cells.

3.24.3. Executing OPT_RMDFF pass (remove dff with constant values).
Promoting init spec \next_state = 4'0000 to constant driver in module $paramod$a0aa458b497a109685e0101f27705dd7387ad238\auto_data_inst.
Promoting init spec \next_state_init = 3'010 to constant driver in module $paramod\SPI_HEAD_MOSI_REF\RESET_WAIT_HW_AND_SLEEP_OUT_WAIT_ns=120000000.
Promoted 2 init specs to constant drivers.

3.24.4. Executing OPT_CLEAN pass (remove unused cells and wires).
Finding unused cells or wires in module $paramod$a0aa458b497a109685e0101f27705dd7387ad238\auto_data_inst..
Finding unused cells or wires in module $paramod\SPI_HEAD_MOSI_REF\RESET_WAIT_HW_AND_SLEEP_OUT_WAIT_ns=120000000..
Finding unused cells or wires in module $paramod\SPI_mosi_FSM\length=8\instruction_rate=8..
Finding unused cells or wires in module \Display_optimized_auto_SPI..
Finding unused cells or wires in module \enable_gen_dcx..
Finding unused cells or wires in module \sclk_gen_dcx..
Removed 3 unused cells and 783 unused wires.
<suppressed ~14 debug messages>

3.24.5. Rerunning OPT passes. (Removed registers in this run.)

3.24.6. Executing OPT_EXPR pass (perform const folding).
Optimizing module $paramod$a0aa458b497a109685e0101f27705dd7387ad238\auto_data_inst.
Optimizing module $paramod\SPI_HEAD_MOSI_REF\RESET_WAIT_HW_AND_SLEEP_OUT_WAIT_ns=120000000.
Optimizing module $paramod\SPI_mosi_FSM\length=8\instruction_rate=8.
Optimizing module Display_optimized_auto_SPI.
Optimizing module enable_gen_dcx.
Optimizing module sclk_gen_dcx.

3.24.7. Executing OPT_MERGE pass (detect identical cells).
Finding identical cells in module `$paramod$a0aa458b497a109685e0101f27705dd7387ad238\auto_data_inst'.
Finding identical cells in module `$paramod\SPI_HEAD_MOSI_REF\RESET_WAIT_HW_AND_SLEEP_OUT_WAIT_ns=120000000'.
Finding identical cells in module `$paramod\SPI_mosi_FSM\length=8\instruction_rate=8'.
Finding identical cells in module `\Display_optimized_auto_SPI'.
Finding identical cells in module `\enable_gen_dcx'.
Finding identical cells in module `\sclk_gen_dcx'.
Removed a total of 0 cells.

3.24.8. Executing OPT_RMDFF pass (remove dff with constant values).

3.24.9. Executing OPT_CLEAN pass (remove unused cells and wires).
Finding unused cells or wires in module $paramod$a0aa458b497a109685e0101f27705dd7387ad238\auto_data_inst..
Finding unused cells or wires in module $paramod\SPI_HEAD_MOSI_REF\RESET_WAIT_HW_AND_SLEEP_OUT_WAIT_ns=120000000..
Finding unused cells or wires in module $paramod\SPI_mosi_FSM\length=8\instruction_rate=8..
Finding unused cells or wires in module \Display_optimized_auto_SPI..
Finding unused cells or wires in module \enable_gen_dcx..
Finding unused cells or wires in module \sclk_gen_dcx..

3.24.10. Finished fast OPT passes.

3.25. Executing HIERARCHY pass (managing design hierarchy).

3.25.1. Analyzing design hierarchy..
Top module:  \Display_optimized_auto_SPI
Used module:     $paramod\SPI_mosi_FSM\length=8\instruction_rate=8
Used module:     $paramod\SPI_HEAD_MOSI_REF\RESET_WAIT_HW_AND_SLEEP_OUT_WAIT_ns=120000000
Used module:         \enable_gen_dcx
Used module:         \sclk_gen_dcx
Used module:     $paramod$a0aa458b497a109685e0101f27705dd7387ad238\auto_data_inst

3.25.2. Analyzing design hierarchy..
Top module:  \Display_optimized_auto_SPI
Used module:     $paramod\SPI_mosi_FSM\length=8\instruction_rate=8
Used module:     $paramod\SPI_HEAD_MOSI_REF\RESET_WAIT_HW_AND_SLEEP_OUT_WAIT_ns=120000000
Used module:         \enable_gen_dcx
Used module:         \sclk_gen_dcx
Used module:     $paramod$a0aa458b497a109685e0101f27705dd7387ad238\auto_data_inst
Removed 0 unused modules.

3.26. Printing statistics.

=== $paramod$a0aa458b497a109685e0101f27705dd7387ad238\auto_data_inst ===

   Number of wires:                315
   Number of wire bits:            428
   Number of public wires:          22
   Number of public wire bits:     101
   Number of memories:               0
   Number of memory bits:            0
   Number of processes:              0
   Number of cells:                382
     $_ANDNOT_                      68
     $_AND_                          6
     $_AOI3_                        14
     $_AOI4_                        21
     $_DFF_P_                       40
     $_MUX_                         42
     $_NAND_                        15
     $_NOR_                         23
     $_NOT_                         15
     $_OAI3_                         8
     $_ORNOT_                       14
     $_OR_                          81
     $_XNOR_                         6
     $_XOR_                         29

=== $paramod\SPI_HEAD_MOSI_REF\RESET_WAIT_HW_AND_SLEEP_OUT_WAIT_ns=120000000 ===

   Number of wires:                508
   Number of wire bits:            668
   Number of public wires:          40
   Number of public wire bits:     170
   Number of memories:               0
   Number of memory bits:            0
   Number of processes:              0
   Number of cells:                562
     $_ANDNOT_                      67
     $_AND_                         13
     $_AOI3_                        33
     $_AOI4_                        25
     $_DFF_P_                       39
     $_MUX_                        120
     $_NAND_                        16
     $_NOR_                         25
     $_NOT_                         68
     $_OAI3_                        12
     $_OAI4_                        23
     $_ORNOT_                       22
     $_OR_                          67
     $_XNOR_                         2
     $_XOR_                         28
     enable_gen_dcx                  1
     sclk_gen_dcx                    1

=== $paramod\SPI_mosi_FSM\length=8\instruction_rate=8 ===

   Number of wires:                144
   Number of wire bits:            181
   Number of public wires:          19
   Number of public wire bits:      46
   Number of memories:               0
   Number of memory bits:            0
   Number of processes:              0
   Number of cells:                157
     $_ANDNOT_                      25
     $_AND_                          1
     $_AOI3_                         4
     $_AOI4_                         7
     $_DFF_P_                       21
     $_MUX_                         35
     $_NAND_                        18
     $_NOR_                          3
     $_NOT_                          9
     $_OAI3_                         5
     $_ORNOT_                        8
     $_OR_                          18
     $_XNOR_                         2
     $_XOR_                          1

=== Display_optimized_auto_SPI ===

   Number of wires:                 24
   Number of wire bits:             59
   Number of public wires:          24
   Number of public wire bits:      59
   Number of memories:               0
   Number of memory bits:            0
   Number of processes:              0
   Number of cells:                  3
     $paramod$a0aa458b497a109685e0101f27705dd7387ad238\auto_data_inst      1
     $paramod\SPI_HEAD_MOSI_REF\RESET_WAIT_HW_AND_SLEEP_OUT_WAIT_ns=120000000      1
     $paramod\SPI_mosi_FSM\length=8\instruction_rate=8      1

=== enable_gen_dcx ===

   Number of wires:                 16
   Number of wire bits:             17
   Number of public wires:          11
   Number of public wire bits:      12
   Number of memories:               0
   Number of memory bits:            0
   Number of processes:              0
   Number of cells:                  8
     $_ANDNOT_                       3
     $_DFF_P_                        1
     $_MUX_                          2
     $_XNOR_                         1
     $_XOR_                          1

=== sclk_gen_dcx ===

   Number of wires:                 66
   Number of wire bits:             84
   Number of public wires:           7
   Number of public wire bits:      19
   Number of memories:               0
   Number of memory bits:            0
   Number of processes:              0
   Number of cells:                 73
     $_ANDNOT_                      13
     $_AND_                          4
     $_AOI3_                         2
     $_DFF_P_                        8
     $_MUX_                          1
     $_NAND_                         2
     $_NOR_                          5
     $_NOT_                          1
     $_OAI3_                         1
     $_ORNOT_                        6
     $_OR_                          10
     $_XNOR_                         4
     $_XOR_                         16

=== design hierarchy ===

   Display_optimized_auto_SPI        1
     $paramod$a0aa458b497a109685e0101f27705dd7387ad238\auto_data_inst      1
     $paramod\SPI_HEAD_MOSI_REF\RESET_WAIT_HW_AND_SLEEP_OUT_WAIT_ns=120000000      1
       enable_gen_dcx                1
       sclk_gen_dcx                  1
     $paramod\SPI_mosi_FSM\length=8\instruction_rate=8      1

   Number of wires:               1073
   Number of wire bits:           1437
   Number of public wires:         123
   Number of public wire bits:     407
   Number of memories:               0
   Number of memory bits:            0
   Number of processes:              0
   Number of cells:               1180
     $_ANDNOT_                     176
     $_AND_                         24
     $_AOI3_                        53
     $_AOI4_                        53
     $_DFF_P_                      109
     $_MUX_                        200
     $_NAND_                        51
     $_NOR_                         56
     $_NOT_                         93
     $_OAI3_                        26
     $_OAI4_                        23
     $_ORNOT_                       50
     $_OR_                         176
     $_XNOR_                        15
     $_XOR_                         75

3.27. Executing CHECK pass (checking for obvious problems).
checking module $paramod$a0aa458b497a109685e0101f27705dd7387ad238\auto_data_inst..
checking module $paramod\SPI_HEAD_MOSI_REF\RESET_WAIT_HW_AND_SLEEP_OUT_WAIT_ns=120000000..
checking module $paramod\SPI_mosi_FSM\length=8\instruction_rate=8..
checking module Display_optimized_auto_SPI..
checking module enable_gen_dcx..
checking module sclk_gen_dcx..
found and reported 0 problems.

4. Executing DFFLIBMAP pass (mapping DFF cells to sequential cells from liberty file).
  cell DFFNEGX1 (noninv, pins=3, area=864.00) is a direct match for cell type $_DFF_N_.
  cell DFFPOSX1 (noninv, pins=3, area=864.00) is a direct match for cell type $_DFF_P_.
  cell DFFSR (noninv, pins=5, area=1584.00) is a direct match for cell type $_DFFSR_PNN_.
  create mapping for $_DFFSR_PPN_ from mapping for $_DFFSR_PNN_.
  create mapping for $_DFFSR_PNP_ from mapping for $_DFFSR_PNN_.
  create mapping for $_DFFSR_PPP_ from mapping for $_DFFSR_PNP_.
  create mapping for $_DFFSR_NNN_ from mapping for $_DFFSR_PNN_.
  create mapping for $_DFFSR_NPN_ from mapping for $_DFFSR_NNN_.
  create mapping for $_DFFSR_NNP_ from mapping for $_DFFSR_NNN_.
  create mapping for $_DFFSR_NPP_ from mapping for $_DFFSR_NNP_.
  create mapping for $_DFF_NN0_ from mapping for $_DFFSR_NNN_.
  create mapping for $_DFF_NN1_ from mapping for $_DFFSR_NNN_.
  create mapping for $_DFF_NP0_ from mapping for $_DFFSR_NPP_.
  create mapping for $_DFF_NP1_ from mapping for $_DFFSR_NPP_.
  create mapping for $_DFF_PN0_ from mapping for $_DFFSR_PNN_.
  create mapping for $_DFF_PN1_ from mapping for $_DFFSR_PNN_.
  create mapping for $_DFF_PP0_ from mapping for $_DFFSR_PPP_.
  create mapping for $_DFF_PP1_ from mapping for $_DFFSR_PPP_.
  final dff cell mappings:
    DFFNEGX1 _DFF_N_ (.CLK( C), .D( D), .Q( Q));
    DFFPOSX1 _DFF_P_ (.CLK( C), .D( D), .Q( Q));
    DFFSR _DFF_NN0_ (.CLK(~C), .D( D), .Q( Q), .R( R), .S( 1));
    DFFSR _DFF_NN1_ (.CLK(~C), .D( D), .Q( Q), .R( 1), .S( R));
    DFFSR _DFF_NP0_ (.CLK(~C), .D( D), .Q( Q), .R(~R), .S( 1));
    DFFSR _DFF_NP1_ (.CLK(~C), .D( D), .Q( Q), .R( 1), .S(~R));
    DFFSR _DFF_PN0_ (.CLK( C), .D( D), .Q( Q), .R( R), .S( 1));
    DFFSR _DFF_PN1_ (.CLK( C), .D( D), .Q( Q), .R( 1), .S( R));
    DFFSR _DFF_PP0_ (.CLK( C), .D( D), .Q( Q), .R(~R), .S( 1));
    DFFSR _DFF_PP1_ (.CLK( C), .D( D), .Q( Q), .R( 1), .S(~R));
    DFFSR _DFFSR_NNN_ (.CLK(~C), .D( D), .Q( Q), .R( R), .S( S));
    DFFSR _DFFSR_NNP_ (.CLK(~C), .D( D), .Q( Q), .R(~R), .S( S));
    DFFSR _DFFSR_NPN_ (.CLK(~C), .D( D), .Q( Q), .R( R), .S(~S));
    DFFSR _DFFSR_NPP_ (.CLK(~C), .D( D), .Q( Q), .R(~R), .S(~S));
    DFFSR _DFFSR_PNN_ (.CLK( C), .D( D), .Q( Q), .R( R), .S( S));
    DFFSR _DFFSR_PNP_ (.CLK( C), .D( D), .Q( Q), .R(~R), .S( S));
    DFFSR _DFFSR_PPN_ (.CLK( C), .D( D), .Q( Q), .R( R), .S(~S));
    DFFSR _DFFSR_PPP_ (.CLK( C), .D( D), .Q( Q), .R(~R), .S(~S));
Mapping DFF cells in module `$paramod$a0aa458b497a109685e0101f27705dd7387ad238\auto_data_inst':
  mapped 40 $_DFF_P_ cells to \DFFPOSX1 cells.
Mapping DFF cells in module `$paramod\SPI_HEAD_MOSI_REF\RESET_WAIT_HW_AND_SLEEP_OUT_WAIT_ns=120000000':
  mapped 39 $_DFF_P_ cells to \DFFPOSX1 cells.
Mapping DFF cells in module `$paramod\SPI_mosi_FSM\length=8\instruction_rate=8':
  mapped 21 $_DFF_P_ cells to \DFFPOSX1 cells.
Mapping DFF cells in module `\Display_optimized_auto_SPI':
Mapping DFF cells in module `\enable_gen_dcx':
  mapped 1 $_DFF_P_ cells to \DFFPOSX1 cells.
Mapping DFF cells in module `\sclk_gen_dcx':
  mapped 8 $_DFF_P_ cells to \DFFPOSX1 cells.

5. Executing OPT pass (performing simple optimizations).

5.1. Executing OPT_EXPR pass (perform const folding).
Optimizing module $paramod$a0aa458b497a109685e0101f27705dd7387ad238\auto_data_inst.
Optimizing module $paramod\SPI_HEAD_MOSI_REF\RESET_WAIT_HW_AND_SLEEP_OUT_WAIT_ns=120000000.
Optimizing module $paramod\SPI_mosi_FSM\length=8\instruction_rate=8.
Optimizing module Display_optimized_auto_SPI.
Optimizing module enable_gen_dcx.
Optimizing module sclk_gen_dcx.

5.2. Executing OPT_MERGE pass (detect identical cells).
Finding identical cells in module `$paramod$a0aa458b497a109685e0101f27705dd7387ad238\auto_data_inst'.
Finding identical cells in module `$paramod\SPI_HEAD_MOSI_REF\RESET_WAIT_HW_AND_SLEEP_OUT_WAIT_ns=120000000'.
Finding identical cells in module `$paramod\SPI_mosi_FSM\length=8\instruction_rate=8'.
Finding identical cells in module `\Display_optimized_auto_SPI'.
Finding identical cells in module `\enable_gen_dcx'.
Finding identical cells in module `\sclk_gen_dcx'.
Removed a total of 0 cells.

5.3. Executing OPT_MUXTREE pass (detect dead branches in mux trees).
Running muxtree optimizer on module $paramod$a0aa458b497a109685e0101f27705dd7387ad238\auto_data_inst..
  Creating internal representation of mux trees.
  No muxes found in this module.
Running muxtree optimizer on module $paramod\SPI_HEAD_MOSI_REF\RESET_WAIT_HW_AND_SLEEP_OUT_WAIT_ns=120000000..
  Creating internal representation of mux trees.
  No muxes found in this module.
Running muxtree optimizer on module $paramod\SPI_mosi_FSM\length=8\instruction_rate=8..
  Creating internal representation of mux trees.
  No muxes found in this module.
Running muxtree optimizer on module \Display_optimized_auto_SPI..
  Creating internal representation of mux trees.
  No muxes found in this module.
Running muxtree optimizer on module \enable_gen_dcx..
  Creating internal representation of mux trees.
  No muxes found in this module.
Running muxtree optimizer on module \sclk_gen_dcx..
  Creating internal representation of mux trees.
  No muxes found in this module.
Removed 0 multiplexer ports.

5.4. Executing OPT_REDUCE pass (consolidate $*mux and $reduce_* inputs).
  Optimizing cells in module $paramod$a0aa458b497a109685e0101f27705dd7387ad238\auto_data_inst.
  Optimizing cells in module $paramod\SPI_HEAD_MOSI_REF\RESET_WAIT_HW_AND_SLEEP_OUT_WAIT_ns=120000000.
  Optimizing cells in module $paramod\SPI_mosi_FSM\length=8\instruction_rate=8.
  Optimizing cells in module \Display_optimized_auto_SPI.
  Optimizing cells in module \enable_gen_dcx.
  Optimizing cells in module \sclk_gen_dcx.
Performed a total of 0 changes.

5.5. Executing OPT_MERGE pass (detect identical cells).
Finding identical cells in module `$paramod$a0aa458b497a109685e0101f27705dd7387ad238\auto_data_inst'.
Finding identical cells in module `$paramod\SPI_HEAD_MOSI_REF\RESET_WAIT_HW_AND_SLEEP_OUT_WAIT_ns=120000000'.
Finding identical cells in module `$paramod\SPI_mosi_FSM\length=8\instruction_rate=8'.
Finding identical cells in module `\Display_optimized_auto_SPI'.
Finding identical cells in module `\enable_gen_dcx'.
Finding identical cells in module `\sclk_gen_dcx'.
Removed a total of 0 cells.

5.6. Executing OPT_RMDFF pass (remove dff with constant values).

5.7. Executing OPT_CLEAN pass (remove unused cells and wires).
Finding unused cells or wires in module $paramod$a0aa458b497a109685e0101f27705dd7387ad238\auto_data_inst..
Finding unused cells or wires in module $paramod\SPI_HEAD_MOSI_REF\RESET_WAIT_HW_AND_SLEEP_OUT_WAIT_ns=120000000..
Finding unused cells or wires in module $paramod\SPI_mosi_FSM\length=8\instruction_rate=8..
Finding unused cells or wires in module \Display_optimized_auto_SPI..
Finding unused cells or wires in module \enable_gen_dcx..
Finding unused cells or wires in module \sclk_gen_dcx..

5.8. Executing OPT_EXPR pass (perform const folding).
Optimizing module $paramod$a0aa458b497a109685e0101f27705dd7387ad238\auto_data_inst.
Optimizing module $paramod\SPI_HEAD_MOSI_REF\RESET_WAIT_HW_AND_SLEEP_OUT_WAIT_ns=120000000.
Optimizing module $paramod\SPI_mosi_FSM\length=8\instruction_rate=8.
Optimizing module Display_optimized_auto_SPI.
Optimizing module enable_gen_dcx.
Optimizing module sclk_gen_dcx.

5.9. Finished OPT passes. (There is nothing left to do.)

6. Executing ABC pass (technology mapping using ABC).

6.1. Extracting gate netlist of module `$paramod$a0aa458b497a109685e0101f27705dd7387ad238\auto_data_inst' to `<abc-temp-dir>/input.blif'..
Extracted 342 gates and 394 wires to a netlist network with 52 inputs and 55 outputs.

6.1.1. Executing ABC.
Running ABC command: /usr/local/share/qflow/bin/yosys-abc -s -f <abc-temp-dir>/abc.script 2>&1
ABC: ABC command line: "source <abc-temp-dir>/abc.script".
ABC: 
ABC: + read_blif <abc-temp-dir>/input.blif 
ABC: + read_lib -w /usr/local/share/qflow/tech/etri050/etri05_stdcells.lib 
ABC: Parsing finished successfully.  Parsing time =     0.00 sec
ABC: Scl_LibertyReadGenlib() skipped sequential cell "DFFNEGX1".
ABC: Scl_LibertyReadGenlib() skipped sequential cell "DFFPOSX1".
ABC: Scl_LibertyReadGenlib() skipped sequential cell "DFFSR".
ABC: Scl_LibertyReadGenlib() skipped sequential cell "LATCH".
ABC: Scl_LibertyReadGenlib() skipped three-state cell "PADINOUT".
ABC: Scl_LibertyReadGenlib() skipped three-state cell "TBUFX1".
ABC: Scl_LibertyReadGenlib() skipped three-state cell "TBUFX2".
ABC: Scl_LibertyReadGenlib() skipped cell "PADFC" without logic function.
ABC: Scl_LibertyReadGenlib() skipped cell "PADNC" without logic function.
ABC: Scl_LibertyReadGenlib() skipped cell "PADVDD" without logic function.
ABC: Scl_LibertyReadGenlib() skipped cell "PADGND" without logic function.
ABC: Library "etri05_stdcells" from "/usr/local/share/qflow/tech/etri050/etri05_stdcells.lib" has 28 cells (11 skipped: 4 seq; 3 tri-state; 4 no func; 0 dont_use).  Time =     0.00 sec
ABC: Memory =    0.38 MB. Time =     0.00 sec
ABC: Warning: Detected 2 multi-output gates (for example, "FAX1").
ABC: + strash 
ABC: + scorr 
ABC: Warning: The network is combinational (run "fraig" or "fraig_sweep").
ABC: + ifraig 
ABC: + retime 
ABC: + strash 
ABC: + dch -f 
ABC: + map -M 1 
ABC: + write_blif <abc-temp-dir>/output.blif 

6.1.2. Re-integrating ABC results.
ABC RESULTS:            AND2X2 cells:        8
ABC RESULTS:           AOI21X1 cells:       41
ABC RESULTS:           AOI22X1 cells:        5
ABC RESULTS:             INVX1 cells:       58
ABC RESULTS:           NAND2X1 cells:       59
ABC RESULTS:           NAND3X1 cells:       32
ABC RESULTS:            NOR2X1 cells:       53
ABC RESULTS:            NOR3X1 cells:        3
ABC RESULTS:           OAI21X1 cells:       56
ABC RESULTS:           OAI22X1 cells:        2
ABC RESULTS:             OR2X2 cells:        6
ABC RESULTS:           XNOR2X1 cells:        1
ABC RESULTS:            XOR2X1 cells:        2
ABC RESULTS:        internal signals:      287
ABC RESULTS:           input signals:       52
ABC RESULTS:          output signals:       55
Removing temp directory.

6.2. Extracting gate netlist of module `$paramod\SPI_HEAD_MOSI_REF\RESET_WAIT_HW_AND_SLEEP_OUT_WAIT_ns=120000000' to `<abc-temp-dir>/input.blif'..
Extracted 521 gates and 585 wires to a netlist network with 64 inputs and 62 outputs.

6.2.1. Executing ABC.
Running ABC command: /usr/local/share/qflow/bin/yosys-abc -s -f <abc-temp-dir>/abc.script 2>&1
ABC: ABC command line: "source <abc-temp-dir>/abc.script".
ABC: 
ABC: + read_blif <abc-temp-dir>/input.blif 
ABC: + read_lib -w /usr/local/share/qflow/tech/etri050/etri05_stdcells.lib 
ABC: Parsing finished successfully.  Parsing time =     0.00 sec
ABC: Scl_LibertyReadGenlib() skipped sequential cell "DFFNEGX1".
ABC: Scl_LibertyReadGenlib() skipped sequential cell "DFFPOSX1".
ABC: Scl_LibertyReadGenlib() skipped sequential cell "DFFSR".
ABC: Scl_LibertyReadGenlib() skipped sequential cell "LATCH".
ABC: Scl_LibertyReadGenlib() skipped three-state cell "PADINOUT".
ABC: Scl_LibertyReadGenlib() skipped three-state cell "TBUFX1".
ABC: Scl_LibertyReadGenlib() skipped three-state cell "TBUFX2".
ABC: Scl_LibertyReadGenlib() skipped cell "PADFC" without logic function.
ABC: Scl_LibertyReadGenlib() skipped cell "PADNC" without logic function.
ABC: Scl_LibertyReadGenlib() skipped cell "PADVDD" without logic function.
ABC: Scl_LibertyReadGenlib() skipped cell "PADGND" without logic function.
ABC: Library "etri05_stdcells" from "/usr/local/share/qflow/tech/etri050/etri05_stdcells.lib" has 28 cells (11 skipped: 4 seq; 3 tri-state; 4 no func; 0 dont_use).  Time =     0.00 sec
ABC: Memory =    0.38 MB. Time =     0.00 sec
ABC: Warning: Detected 2 multi-output gates (for example, "FAX1").
ABC: + strash 
ABC: + scorr 
ABC: Warning: The network is combinational (run "fraig" or "fraig_sweep").
ABC: + ifraig 
ABC: + retime 
ABC: + strash 
ABC: + dch -f 
ABC: + map -M 1 
ABC: + write_blif <abc-temp-dir>/output.blif 

6.2.2. Re-integrating ABC results.
ABC RESULTS:            AND2X2 cells:       21
ABC RESULTS:           AOI21X1 cells:       59
ABC RESULTS:           AOI22X1 cells:       19
ABC RESULTS:             INVX1 cells:       75
ABC RESULTS:           NAND2X1 cells:       70
ABC RESULTS:           NAND3X1 cells:       25
ABC RESULTS:            NOR2X1 cells:       55
ABC RESULTS:            NOR3X1 cells:        6
ABC RESULTS:           OAI21X1 cells:      114
ABC RESULTS:           OAI22X1 cells:       12
ABC RESULTS:             OR2X2 cells:        7
ABC RESULTS:           XNOR2X1 cells:        1
ABC RESULTS:            XOR2X1 cells:        1
ABC RESULTS:        internal signals:      459
ABC RESULTS:           input signals:       64
ABC RESULTS:          output signals:       62
Removing temp directory.

6.3. Extracting gate netlist of module `$paramod\SPI_mosi_FSM\length=8\instruction_rate=8' to `<abc-temp-dir>/input.blif'..
Extracted 136 gates and 180 wires to a netlist network with 44 inputs and 22 outputs.

6.3.1. Executing ABC.
Running ABC command: /usr/local/share/qflow/bin/yosys-abc -s -f <abc-temp-dir>/abc.script 2>&1
ABC: ABC command line: "source <abc-temp-dir>/abc.script".
ABC: 
ABC: + read_blif <abc-temp-dir>/input.blif 
ABC: + read_lib -w /usr/local/share/qflow/tech/etri050/etri05_stdcells.lib 
ABC: Parsing finished successfully.  Parsing time =     0.00 sec
ABC: Scl_LibertyReadGenlib() skipped sequential cell "DFFNEGX1".
ABC: Scl_LibertyReadGenlib() skipped sequential cell "DFFPOSX1".
ABC: Scl_LibertyReadGenlib() skipped sequential cell "DFFSR".
ABC: Scl_LibertyReadGenlib() skipped sequential cell "LATCH".
ABC: Scl_LibertyReadGenlib() skipped three-state cell "PADINOUT".
ABC: Scl_LibertyReadGenlib() skipped three-state cell "TBUFX1".
ABC: Scl_LibertyReadGenlib() skipped three-state cell "TBUFX2".
ABC: Scl_LibertyReadGenlib() skipped cell "PADFC" without logic function.
ABC: Scl_LibertyReadGenlib() skipped cell "PADNC" without logic function.
ABC: Scl_LibertyReadGenlib() skipped cell "PADVDD" without logic function.
ABC: Scl_LibertyReadGenlib() skipped cell "PADGND" without logic function.
ABC: Library "etri05_stdcells" from "/usr/local/share/qflow/tech/etri050/etri05_stdcells.lib" has 28 cells (11 skipped: 4 seq; 3 tri-state; 4 no func; 0 dont_use).  Time =     0.00 sec
ABC: Memory =    0.38 MB. Time =     0.00 sec
ABC: Warning: Detected 2 multi-output gates (for example, "FAX1").
ABC: + strash 
ABC: + scorr 
ABC: Warning: The network is combinational (run "fraig" or "fraig_sweep").
ABC: + ifraig 
ABC: + retime 
ABC: + strash 
ABC: + dch -f 
ABC: + map -M 1 
ABC: + write_blif <abc-temp-dir>/output.blif 

6.3.2. Re-integrating ABC results.
ABC RESULTS:            AND2X2 cells:        2
ABC RESULTS:           AOI21X1 cells:       16
ABC RESULTS:           AOI22X1 cells:        6
ABC RESULTS:             INVX1 cells:       20
ABC RESULTS:           NAND2X1 cells:       22
ABC RESULTS:           NAND3X1 cells:       10
ABC RESULTS:            NOR2X1 cells:       10
ABC RESULTS:            NOR3X1 cells:        1
ABC RESULTS:           OAI21X1 cells:       24
ABC RESULTS:           OAI22X1 cells:        1
ABC RESULTS:             OR2X2 cells:        3
ABC RESULTS:        internal signals:      114
ABC RESULTS:           input signals:       44
ABC RESULTS:          output signals:       22
Removing temp directory.

6.4. Extracting gate netlist of module `\Display_optimized_auto_SPI' to `<abc-temp-dir>/input.blif'..
Extracted 0 gates and 0 wires to a netlist network with 0 inputs and 0 outputs.
Don't call ABC as there is nothing to map.
Removing temp directory.

6.5. Extracting gate netlist of module `\enable_gen_dcx' to `<abc-temp-dir>/input.blif'..
Extracted 7 gates and 14 wires to a netlist network with 7 inputs and 3 outputs.

6.5.1. Executing ABC.
Running ABC command: /usr/local/share/qflow/bin/yosys-abc -s -f <abc-temp-dir>/abc.script 2>&1
ABC: ABC command line: "source <abc-temp-dir>/abc.script".
ABC: 
ABC: + read_blif <abc-temp-dir>/input.blif 
ABC: + read_lib -w /usr/local/share/qflow/tech/etri050/etri05_stdcells.lib 
ABC: Parsing finished successfully.  Parsing time =     0.00 sec
ABC: Scl_LibertyReadGenlib() skipped sequential cell "DFFNEGX1".
ABC: Scl_LibertyReadGenlib() skipped sequential cell "DFFPOSX1".
ABC: Scl_LibertyReadGenlib() skipped sequential cell "DFFSR".
ABC: Scl_LibertyReadGenlib() skipped sequential cell "LATCH".
ABC: Scl_LibertyReadGenlib() skipped three-state cell "PADINOUT".
ABC: Scl_LibertyReadGenlib() skipped three-state cell "TBUFX1".
ABC: Scl_LibertyReadGenlib() skipped three-state cell "TBUFX2".
ABC: Scl_LibertyReadGenlib() skipped cell "PADFC" without logic function.
ABC: Scl_LibertyReadGenlib() skipped cell "PADNC" without logic function.
ABC: Scl_LibertyReadGenlib() skipped cell "PADVDD" without logic function.
ABC: Scl_LibertyReadGenlib() skipped cell "PADGND" without logic function.
ABC: Library "etri05_stdcells" from "/usr/local/share/qflow/tech/etri050/etri05_stdcells.lib" has 28 cells (11 skipped: 4 seq; 3 tri-state; 4 no func; 0 dont_use).  Time =     0.00 sec
ABC: Memory =    0.38 MB. Time =     0.00 sec
ABC: Warning: Detected 2 multi-output gates (for example, "FAX1").
ABC: + strash 
ABC: + scorr 
ABC: Warning: The network is combinational (run "fraig" or "fraig_sweep").
ABC: + ifraig 
ABC: + retime 
ABC: + strash 
ABC: + dch -f 
ABC: + map -M 1 
ABC: + write_blif <abc-temp-dir>/output.blif 

6.5.2. Re-integrating ABC results.
ABC RESULTS:             INVX1 cells:        4
ABC RESULTS:           NAND2X1 cells:        4
ABC RESULTS:           NAND3X1 cells:        2
ABC RESULTS:            NOR2X1 cells:        5
ABC RESULTS:           OAI21X1 cells:        2
ABC RESULTS:             OR2X2 cells:        2
ABC RESULTS:        internal signals:        4
ABC RESULTS:           input signals:        7
ABC RESULTS:          output signals:        3
Removing temp directory.

6.6. Extracting gate netlist of module `\sclk_gen_dcx' to `<abc-temp-dir>/input.blif'..
Extracted 65 gates and 83 wires to a netlist network with 18 inputs and 8 outputs.

6.6.1. Executing ABC.
Running ABC command: /usr/local/share/qflow/bin/yosys-abc -s -f <abc-temp-dir>/abc.script 2>&1
ABC: ABC command line: "source <abc-temp-dir>/abc.script".
ABC: 
ABC: + read_blif <abc-temp-dir>/input.blif 
ABC: + read_lib -w /usr/local/share/qflow/tech/etri050/etri05_stdcells.lib 
ABC: Parsing finished successfully.  Parsing time =     0.00 sec
ABC: Scl_LibertyReadGenlib() skipped sequential cell "DFFNEGX1".
ABC: Scl_LibertyReadGenlib() skipped sequential cell "DFFPOSX1".
ABC: Scl_LibertyReadGenlib() skipped sequential cell "DFFSR".
ABC: Scl_LibertyReadGenlib() skipped sequential cell "LATCH".
ABC: Scl_LibertyReadGenlib() skipped three-state cell "PADINOUT".
ABC: Scl_LibertyReadGenlib() skipped three-state cell "TBUFX1".
ABC: Scl_LibertyReadGenlib() skipped three-state cell "TBUFX2".
ABC: Scl_LibertyReadGenlib() skipped cell "PADFC" without logic function.
ABC: Scl_LibertyReadGenlib() skipped cell "PADNC" without logic function.
ABC: Scl_LibertyReadGenlib() skipped cell "PADVDD" without logic function.
ABC: Scl_LibertyReadGenlib() skipped cell "PADGND" without logic function.
ABC: Library "etri05_stdcells" from "/usr/local/share/qflow/tech/etri050/etri05_stdcells.lib" has 28 cells (11 skipped: 4 seq; 3 tri-state; 4 no func; 0 dont_use).  Time =     0.00 sec
ABC: Memory =    0.38 MB. Time =     0.00 sec
ABC: Warning: Detected 2 multi-output gates (for example, "FAX1").
ABC: + strash 
ABC: + scorr 
ABC: Warning: The network is combinational (run "fraig" or "fraig_sweep").
ABC: + ifraig 
ABC: + retime 
ABC: + strash 
ABC: + dch -f 
ABC: + map -M 1 
ABC: + write_blif <abc-temp-dir>/output.blif 

6.6.2. Re-integrating ABC results.
ABC RESULTS:            AND2X2 cells:        2
ABC RESULTS:           AOI21X1 cells:        2
ABC RESULTS:           AOI22X1 cells:        1
ABC RESULTS:             INVX1 cells:       18
ABC RESULTS:           NAND2X1 cells:       12
ABC RESULTS:           NAND3X1 cells:       12
ABC RESULTS:            NOR2X1 cells:       16
ABC RESULTS:            NOR3X1 cells:        2
ABC RESULTS:           OAI21X1 cells:       12
ABC RESULTS:           XNOR2X1 cells:        2
ABC RESULTS:            XOR2X1 cells:        3
ABC RESULTS:        internal signals:       57
ABC RESULTS:           input signals:       18
ABC RESULTS:          output signals:        8
Removing temp directory.

7. Executing FLATTEN pass (flatten design).
Using template $paramod$a0aa458b497a109685e0101f27705dd7387ad238\auto_data_inst for cells of type $paramod$a0aa458b497a109685e0101f27705dd7387ad238\auto_data_inst.
Using template $paramod\SPI_HEAD_MOSI_REF\RESET_WAIT_HW_AND_SLEEP_OUT_WAIT_ns=120000000 for cells of type $paramod\SPI_HEAD_MOSI_REF\RESET_WAIT_HW_AND_SLEEP_OUT_WAIT_ns=120000000.
Using template $paramod\SPI_mosi_FSM\length=8\instruction_rate=8 for cells of type $paramod\SPI_mosi_FSM\length=8\instruction_rate=8.
Using template sclk_gen_dcx for cells of type sclk_gen_dcx.
Using template enable_gen_dcx for cells of type enable_gen_dcx.
<suppressed ~5 debug messages>
No more expansions possible.
Deleting now unused module $paramod$a0aa458b497a109685e0101f27705dd7387ad238\auto_data_inst.
Deleting now unused module $paramod\SPI_HEAD_MOSI_REF\RESET_WAIT_HW_AND_SLEEP_OUT_WAIT_ns=120000000.
Deleting now unused module $paramod\SPI_mosi_FSM\length=8\instruction_rate=8.
Deleting now unused module enable_gen_dcx.
Deleting now unused module sclk_gen_dcx.

8. Executing SETUNDEF pass (replace undef values with defined constants).
Removed 7 unused cells and 1338 unused wires.

9. Executing IOPADMAP pass (mapping inputs/outputs to IO-PAD cells).
Mapping port Display_optimized_auto_SPI.RESX using BUFX2.
Mapping port Display_optimized_auto_SPI.SPI_cs using BUFX2.
Mapping port Display_optimized_auto_SPI.SPI_dcx using BUFX2.
Mapping port Display_optimized_auto_SPI.SPI_out using BUFX2.
Don't map input port Display_optimized_auto_SPI.SPI_request: Missing option -inpad.
Mapping port Display_optimized_auto_SPI.SPI_sclk using BUFX2.
Don't map input port Display_optimized_auto_SPI.ext_fifo_data: Missing option -inpad.
Mapping port Display_optimized_auto_SPI.ext_fifo_read_en using BUFX2.
Don't map input port Display_optimized_auto_SPI.ext_fifo_valid: Missing option -inpad.
Don't map input port Display_optimized_auto_SPI.reset: Missing option -inpad.
Don't map input port Display_optimized_auto_SPI.system_clk: Missing option -inpad.

10. Executing OPT pass (performing simple optimizations).

10.1. Executing OPT_EXPR pass (perform const folding).
Optimizing module Display_optimized_auto_SPI.

10.2. Executing OPT_MERGE pass (detect identical cells).
Finding identical cells in module `\Display_optimized_auto_SPI'.
Removed a total of 0 cells.

10.3. Executing OPT_MUXTREE pass (detect dead branches in mux trees).
Running muxtree optimizer on module \Display_optimized_auto_SPI..
  Creating internal representation of mux trees.
  No muxes found in this module.
Removed 0 multiplexer ports.

10.4. Executing OPT_REDUCE pass (consolidate $*mux and $reduce_* inputs).
  Optimizing cells in module \Display_optimized_auto_SPI.
Performed a total of 0 changes.

10.5. Executing OPT_MERGE pass (detect identical cells).
Finding identical cells in module `\Display_optimized_auto_SPI'.
Removed a total of 0 cells.

10.6. Executing OPT_RMDFF pass (remove dff with constant values).

10.7. Executing OPT_CLEAN pass (remove unused cells and wires).
Finding unused cells or wires in module \Display_optimized_auto_SPI..

10.8. Executing OPT_EXPR pass (perform const folding).
Optimizing module Display_optimized_auto_SPI.

10.9. Finished OPT passes. (There is nothing left to do.)

11. Executing Verilog backend.
Dumping module `\Display_optimized_auto_SPI'.

12. Printing statistics.

=== Display_optimized_auto_SPI ===

   Number of wires:                933
   Number of wire bits:           1131
   Number of public wires:         933
   Number of public wire bits:    1131
   Number of memories:               0
   Number of memory bits:            0
   Number of processes:              0
   Number of cells:               1115
     AND2X2                         33
     AOI21X1                       118
     AOI22X1                        31
     BUFX2                           6
     DFFPOSX1                      109
     INVX1                         174
     NAND2X1                       165
     NAND3X1                        80
     NOR2X1                        138
     NOR3X1                         12
     OAI21X1                       207
     OAI22X1                        15
     OR2X2                          17
     XNOR2X1                         4
     XOR2X1                          6

End of script. Logfile hash: 8e7f295e36
CPU: user 1.83s system 0.07s, MEM: 32.43 MB total, 26.16 MB resident
Yosys 0.9 (git sha1 1979e0b)
Time spent: 16% 28x opt_clean (0 sec), 14% 28x opt_expr (0 sec), ...
Running getpowerground to determine power and ground net names.
getpowerground.tcl  /usr/local/share/qflow/tech/etri050/etri050_stdcells.lef
Running vlogFanout
vlogFanout -l 300 -c 75 -I Display_optimized_auto_SPI_nofanout -s nullstring -p /usr/local/share/qflow/tech/etri050/etri05_stdcells.lib -b BUFX2,CLKBUF1 -i A,A -o Y,Y Display_optimized_auto_SPI_mapped.v Display_optimized_auto_SPI_sized.v

vlogFanout for qflow 1.4.100
Parsing library "etri05_stdcells"
End of library at line 6606
Lib Read:  Processed 6607 lines.
Top internal fanout is 34 (load 1089.72) from node _197_,
driven by INVX1 with strength 166.776 (fF driven at latency 300)
Top fanout load-to-strength ratio is 6.53403 (latency = 1960.21 ps)
Top input node fanout is 109 (load 5442.26) from node system_clk.
0 gates exceed specified minimum load.
55 buffers were added.
Warning 1: load of 644.94 is 1.17314 times greater than strongest gate DFFPOSX1
This warning will only be repeated for larger overload ratios.  Warning count reflects
the total number of overloaded nets.
Warning 2: load of 693.688 is 1.26181 times greater than strongest gate DFFPOSX1
Warning 3: load of 811.729 is 1.47652 times greater than strongest gate DFFPOSX1
Warning 4: load of 352.441 is 1.66099 times greater than strongest gate AOI21X1
Warning 11: load of 585.3 is 3.13198 times greater than strongest gate NOR2X1
Warning 12: load of 608.236 is 3.6858 times greater than strongest gate OAI21X1
19 gates were changed.

Gate counts by drive strength:

	"1" gates	In: 1069    	Out: 1050    	-19
	"2" gates	In: 101    	Out: 111    	+10

37 gates exceed specified minimum load.
0 buffers were added.
0 gates were changed.

Gate counts by drive strength:

	"1" gates	In: 1069    	Out: 1050    	-19
	"2" gates	In: 101    	Out: 111    	+10

Number of gates changed: 0
Running vlog2Verilog for antenna cell mapping.
vlog2Verilog -c -p -v vdd -g gnd  -l /usr/local/share/qflow/tech/etri050/etri050_stdcells.lef 
   -o Display_optimized_auto_SPI.v Display_optimized_auto_SPI_sized.v

Generating RTL verilog and SPICE netlist file in directory
	 /home/yosys123/Desktop/ETRI-0.5um-CMOS-MPW-Std-Cell-DK/Tutorials/ASIC_chip
Files:
   Verilog: /home/yosys123/Desktop/ETRI-0.5um-CMOS-MPW-Std-Cell-DK/Tutorials/ASIC_chip/Display_optimized_auto_SPI.rtl.v
   Verilog: /home/yosys123/Desktop/ETRI-0.5um-CMOS-MPW-Std-Cell-DK/Tutorials/ASIC_chip/Display_optimized_auto_SPI.rtlnopwr.v
   Verilog: /home/yosys123/Desktop/ETRI-0.5um-CMOS-MPW-Std-Cell-DK/Tutorials/ASIC_chip/Display_optimized_auto_SPI.rtlbb.v
   Spice:   /home/yosys123/Desktop/ETRI-0.5um-CMOS-MPW-Std-Cell-DK/Tutorials/ASIC_chip/Display_optimized_auto_SPI.spc

Running vlog2Verilog.
vlog2Verilog -c -v vdd -g gnd  -l /usr/local/share/qflow/tech/etri050/etri050_stdcells.lef 
	-o Display_optimized_auto_SPI.rtl.v
   Display_optimized_auto_SPI.v
vlog2Verilog -c -p -v vdd -g gnd  -l /usr/local/share/qflow/tech/etri050/etri050_stdcells.lef 
	-o Display_optimized_auto_SPI.rtlnopwr.v
   Display_optimized_auto_SPI.v
/usr/local/share/qflow/bin/vlog2Verilog -c -p -b -n -v vdd -g gnd  -l /usr/local/share/qflow/tech/etri050/etri050_stdcells.lef
   -o Display_optimized_auto_SPI.rtlbb.v
Running vlog2Spice.
vlog2Spice -i -l  /usr/local/share/qflow/tech/etri050/etri050_stdcells.sp -o Display_optimized_auto_SPI.spc Display_optimized_auto_SPI.rtl.v
Running spi2xspice.py
spi2xspice.py "/usr/local/share/qflow/tech/etri050/etri05_stdcells.lib" Display_optimized_auto_SPI.spc Display_optimized_auto_SPI.xspice

Synthesis script ended on Fri 05 Jun 2026 12:12:30 AM PDT
